,Unnamed: 0,English Name,Arabic Name,Column2,Column3
0,0,Aaouainat,,Akkar,Akkar
1,1,Aidamoun shikhlar,,Akkar,Akkar
2,2,Aïn-Yacoub,,Akkar,Akkar
3,3,Aïn El-Zeit,عين الزيت,Akkar,Akkar
4,4,Aïn Tanta,عين تنتا,Akkar,Akkar
5,5,Akkar El-Atika,,Akkar,Akkar
6,6,Akroum,اكروم,Akkar,Akkar
7,7,Al-Abboudié,العبده,Akkar,Akkar
8,8,Al-Amara,,Akkar,Akkar
9,9,Al-Hissa,,Akkar,Akkar
10,10,Al-Jédidé,,Akkar,Akkar
11,11,Al-Kharnoubé,الخرنوب,Akkar,Akkar
12,12,Al-Khraibé,الخريبه,Akkar,Akkar
13,13,Al-Khraibé (Kousha),,Akkar,Akkar
14,14,Al-Kleiat,,Akkar,Akkar
15,15,Al-Kneissé,الكنيسه,Akkar,Akkar
16,16,Al-Massoudié,,Akkar,Akkar
17,17,Al-Mehamra,المحمرة,Akkar,Akkar
18,18,Al-Moukaiteh,,Akkar,Akkar
19,19,Al-Mouzeihmé,صيدا حي مار نقولا,Akkar,Akkar
20,20,Al-Rihanié,الريحان,Akkar,Akkar
21,21,Al-Roumoul,,Akkar,Akkar
22,22,Al-Sammounié,,Akkar,Akkar
23,23,Al-Semmakié,,Akkar,Akkar
24,24,Al-Semmakli,,Akkar,Akkar
25,25,Al-Souaissé,,Akkar,Akkar
26,26,Al-Zoureiribe,,Akkar,Akkar
27,27,Al Moghrak,,Akkar,Akkar
28,28,Andeket,عندقت,Akkar,Akkar
29,29,Arida,,Akkar,Akkar
30,30,Arka,عرقا,Akkar,Akkar
31,31,Barbara,,Akkar,Akkar
32,32,Barcha,,Akkar,Akkar
33,33,Bazbina,بزبينا,Akkar,Akkar
34,34,Bebnine,ببنين,Akkar,Akkar
35,35,Beino,بينو,Akkar,Akkar
36,36,Beit-El-Haouche,,Akkar,Akkar
37,37,Beit-Ghattas,,Akkar,Akkar
38,38,Beit Ayoub,,Akkar,Akkar
39,39,Beit Mallat,بيت ملات,Akkar,Akkar
40,40,Beit Younes,بيت يونس,Akkar,Akkar
41,41,Berkayel,برقايل,Akkar,Akkar
42,42,Bkarzala,بقرزلا,Akkar,Akkar
43,43,Bzal,بزال,Akkar,Akkar
44,44,Chakdouf,,Akkar,Akkar
45,45,Chane,شان,Akkar,Akkar
46,46,Charbila,شربيلا,Akkar,Akkar
47,47,Cheikh Mohamed,,Akkar,Akkar
48,48,Cheikh Taba Montagne,,Akkar,Akkar
49,49,Cheikh Taba Plaine,,Akkar,Akkar
50,50,Cheikh Zennad Tal Bibé,,Akkar,Akkar
51,51,Cheir Homeirine,,Akkar,Akkar
52,52,Chikhlar,شيخلار,Akkar,Akkar
53,53,Dabbabiyé Charkié,,Akkar,Akkar
54,54,Dahr-Leyciné,,Akkar,Akkar
55,55,Dahr el-Kneissé,,Akkar,Akkar
56,56,Dahr Haddara,,Akkar,Akkar
57,57,Danbou,,Akkar,Akkar
58,58,Daoucé et Baghdadi,,Akkar,Akkar
59,59,Daoura,,Akkar,Akkar
60,60,Dayret Nahr El-Kébir,,Akkar,Akkar
61,61,Deir-Daloum,,Akkar,Akkar
62,62,Deir-Janine,,Akkar,Akkar
63,63,Deirine,,Akkar,Akkar
64,64,Denké et El-Amriyeh,,Akkar,Akkar
65,65,Douair Adouiyé,دوير عدويه,Akkar,Akkar
66,66,Edbel,عدبل,Akkar,Akkar
67,67,El-Armeh,,Akkar,Akkar
68,68,El-Bardé,,Akkar,Akkar
69,69,El-Biré,البيره,Akkar,Akkar
70,70,El-Borge,البرج,Akkar,Akkar
71,71,El-Daghlé,الدغلي,Akkar,Akkar
72,72,El-Ghozaili,,Akkar,Akkar
73,73,El-Haouchab,,Akkar,Akkar
74,74,El-Hed,الهد,Akkar,Akkar
75,75,El-Houaïche,الحوش,Akkar,Akkar
76,76,El-Kantara,,Akkar,Akkar
77,77,El-Karkaf,القرقف,Akkar,Akkar
78,78,El-Kneissé,,Akkar,Akkar
79,79,El-Korné,,Akkar,Akkar
80,80,El-Kouachra,,Akkar,Akkar
81,81,El-Koubayet,القبيات,Akkar,Akkar
82,82,El-Kousseir,القصير,Akkar,Akkar
83,83,El-Krayat,القريات,Akkar,Akkar
84,84,El-Msallé,,Akkar,Akkar
85,85,El-Nfeicé,,Akkar,Akkar
86,86,El-Tleil,التليل,Akkar,Akkar
87,87,ElAyoune,العين,Akkar,Akkar
88,88,Eyoune-El-Ghouzlane,,Akkar,Akkar
89,89,Fneidek,فنيدق,Akkar,Akkar
90,90,Freidice,فريديس,Akkar,Akkar
91,91,Fseikine et Aïn Achma,,Akkar,Akkar
92,92,Habchite,حبشيت,Akkar,Akkar
93,93,Halba,حلبا,Akkar,Akkar
94,94,Harare,حرار,Akkar,Akkar
95,95,Haytla,هيتلا,Akkar,Akkar
96,96,Hayzouk,حيزوق,Akkar,Akkar
97,97,Hekr el Dahiri,,Akkar,Akkar
98,98,Hmais,حميص,Akkar,Akkar
99,99,Hnaïder,حنيدر,Akkar,Akkar
100,100,Homeira,,Akkar,Akkar
101,101,Iate,,Akkar,Akkar
102,102,Ilate,ايلات,Akkar,Akkar
103,103,Janine,,Akkar,Akkar
104,104,Jebrâil,جبرايل,Akkar,Akkar
105,105,Jedeidet-El-Kayteh,,Akkar,Akkar
106,106,Jouret Srar,,Akkar,Akkar
107,107,Kaabarine,,Akkar,Akkar
108,108,Kachlak,قشلق,Akkar,Akkar
109,109,Kafr Malka,,Akkar,Akkar
110,110,Karem-Asfour-El-Nahrieh,,Akkar,Akkar
111,111,Katté,,Akkar,Akkar
112,112,Kboula,قبولا,Akkar,Akkar
113,113,Kefr El-Ftouh,كفر الفتوح,Akkar,Akkar
114,114,Kfar Harra,,Akkar,Akkar
115,115,Kfarnoune,كفرنون,Akkar,Akkar
116,116,Kfartun,كفرتون,Akkar,Akkar
117,117,Khalsa,,Akkar,Akkar
118,118,Kherbet Char,خربة شار,Akkar,Akkar
119,119,Kherbet Daoud,,Akkar,Akkar
120,120,Khirbet Er Remmane,,Akkar,Akkar
121,121,Khreibet Aakkar,,Akkar,Akkar
122,122,Kloud El-Bakia,قلود الباقية,Akkar,Akkar
123,123,Kobbet Bchamra,قبة بشمرا,Akkar,Akkar
124,124,Koueikhat,كويخات,Akkar,Akkar
125,125,Kroum Arabe,كروم عرب,Akkar,Akkar
126,126,litige,,Akkar,Akkar
127,127,Machha,مشحا,Akkar,Akkar
128,128,Machta Hammoud,مشتى حمود,Akkar,Akkar
129,129,Machta Hassan,مشتى حسن,Akkar,Akkar
130,130,Majdel,,Akkar,Akkar
131,131,Majdla,مجدلا,Akkar,Akkar
132,132,Mar Touma,مار توما,Akkar,Akkar
133,133,Mazraat Baldé,مزرعة بلده,Akkar,Akkar
134,134,Mazraet-El-Nahrieh,,Akkar,Akkar
135,135,Mechaïlha Hakour,,Akkar,Akkar
136,136,Merlayet Melhem,,Akkar,Akkar
137,137,Michmiche,,Akkar,Akkar
138,138,Mimnih,,Akkar,Akkar
139,139,Minyara,,Akkar,Akkar
140,140,Mounjez,منجز,Akkar,Akkar
141,141,Mqaibleh,,Akkar,Akkar
142,142,Noura El-Faouka et Tahta,,Akkar,Akkar
143,143,Omar el-Beikate,عمار البيكات,Akkar,Akkar
144,144,Ouadi El-Jamous,,Akkar,Akkar
145,145,Ouadi Khaled,,Akkar,Akkar
146,146,Qabbait,قبعيت,Akkar,Akkar
147,147,Qarha,,Akkar,Akkar
148,148,Rahbé,رحبه,Akkar,Akkar
149,149,Rmah,رماح,Akkar,Akkar
150,150,Saadine,سعدين,Akkar,Akkar
151,151,Sadaka,,Akkar,Akkar
152,152,Safiné-El-Kayteh,,Akkar,Akkar
153,153,Saïdnaya,,Akkar,Akkar
154,154,Saïssouk,سيسوق,Akkar,Akkar
155,155,Sfeinite El-Dreibe,سفينة الدريب,Akkar,Akkar
156,156,Shadra,,Akkar,Akkar
157,157,Sindianet Zeidan,,Akkar,Akkar
158,158,Srar,سرار,Akkar,Akkar
159,159,Tal Abbas El-Charkié,,Akkar,Akkar
160,160,Tal Abbas El-gharbié,,Akkar,Akkar
161,161,Tal Biré,,Akkar,Akkar
162,162,Tal Homeira,,Akkar,Akkar
163,163,Tal Kerri,,Akkar,Akkar
164,164,Tal Sibhel,,Akkar,Akkar
165,165,Tellé et Chattaha,,Akkar,Akkar
166,166,Tikrite,تكريت,Akkar,Akkar
167,167,Tshea,,Akkar,Akkar
168,168,Wadi el-Haour,وادي الحور,Akkar,Akkar
169,169,Zouk-El-Habalça,,Akkar,Akkar
170,170,Zouk-El-Hosmieh et Dahr Ayasse,,Akkar,Akkar
171,171,Zouk el Moukachérine,,Akkar,Akkar
172,172,Al-Rihanié,الريحان,Minieh-Danieh,Akkar
173,173,Addous,,Baalbeck,Baalbak - Hermel
174,174,Aïn Bourday,عين بورضاي,Baalbeck,Baalbak - Hermel
175,175,Aïn El-Beniyé,,Baalbeck,Baalbak - Hermel
176,176,Aïn El-Jaouzé,,Baalbeck,Baalbak - Hermel
177,177,Aïn Séa et Chadourah,,Baalbeck,Baalbak - Hermel
178,178,Aïnata,عيناتا,Baalbeck,Baalbak - Hermel
179,179,Al-Aïne,,Baalbeck,Baalbak - Hermel
180,180,Al-Fakiat,,Baalbeck,Baalbak - Hermel
181,181,Al-Khodré,,Baalbeck,Baalbak - Hermel
182,182,Al-Labouat,اللبوة,Baalbeck,Baalbak - Hermel
183,183,Al-Nabi Chite,,Baalbeck,Baalbak - Hermel
184,184,Al-Nabi Osman,النبي عثمان,Baalbeck,Baalbak - Hermel
185,185,Al-Qa Bayoun,,Baalbeck,Baalbak - Hermel
186,186,Al-Qa El-Benjakie,,Baalbeck,Baalbak - Hermel
187,187,Al-Qa Jouar Mekie,,Baalbeck,Baalbak - Hermel
188,188,Al-Qa Wadi El-Khanzir,,Baalbeck,Baalbak - Hermel
189,189,Al-Saïdat,,Baalbeck,Baalbak - Hermel
190,190,Al-Taybat,,Baalbeck,Baalbak - Hermel
191,191,Arsale,,Baalbeck,Baalbak - Hermel
192,192,Baalbek,,Baalbeck,Baalbak - Hermel
193,193,Bachwat,بشوات,Baalbeck,Baalbak - Hermel
194,194,Bait Chama,بيت شاما,Baalbeck,Baalbak - Hermel
195,195,Barka,,Baalbeck,Baalbak - Hermel
196,196,Bednayel,بدنايل,Baalbeck,Baalbak - Hermel
197,197,Bouday,بوداي,Baalbeck,Baalbak - Hermel
198,198,Brital,,Baalbeck,Baalbak - Hermel
199,199,Btédy,,Baalbeck,Baalbak - Hermel
200,200,Chaat,,Baalbeck,Baalbak - Hermel
201,201,Chaïbé,,Baalbeck,Baalbak - Hermel
202,202,Chemistar,,Baalbeck,Baalbak - Hermel
203,203,Chlifa,شليفا,Baalbeck,Baalbak - Hermel
204,204,Conflict,,Baalbeck,Baalbak - Hermel
205,205,Couvent St Maron,,Baalbeck,Baalbak - Hermel
206,206,Dair El-Ahmar,دير الاحمر,Baalbeck,Baalbak - Hermel
207,207,Dar El-Ouassia,,Baalbeck,Baalbak - Hermel
208,208,Douress,,Baalbeck,Baalbak - Hermel
209,209,El-Ram,الرام,Baalbeck,Baalbak - Hermel
210,210,Haddet,,Baalbeck,Baalbak - Hermel
211,211,Ham,حام,Baalbeck,Baalbak - Hermel
212,212,Haouch el Nabi,,Baalbeck,Baalbak - Hermel
213,213,Haouche Al-Sonaid,,Baalbeck,Baalbak - Hermel
214,214,Haouche Barada,حوش بردى,Baalbeck,Baalbak - Hermel
215,215,Haouche El-Dahab,,Baalbeck,Baalbak - Hermel
216,216,Haouche el-Rafika,,Baalbeck,Baalbak - Hermel
217,217,Haouche El-Tal Safyat,,Baalbeck,Baalbak - Hermel
218,218,Harbta,حربتا,Baalbeck,Baalbak - Hermel
219,219,Hizzine,حزين,Baalbeck,Baalbak - Hermel
220,220,Hourtala,,Baalbeck,Baalbak - Hermel
221,221,Jabba,,Baalbeck,Baalbak - Hermel
222,222,Jaboulé et Al-Bijage,,Baalbeck,Baalbak - Hermel
223,223,Jenta,,Baalbeck,Baalbak - Hermel
224,224,Karha,قرحا,Baalbeck,Baalbak - Hermel
225,225,Kfar Dabache,,Baalbeck,Baalbak - Hermel
226,226,Kfardan,كفردان,Baalbeck,Baalbak - Hermel
227,227,Khreibé,,Baalbeck,Baalbak - Hermel
228,228,Knaissat,,Baalbeck,Baalbak - Hermel
229,229,Ksarnaba,قصرنبا,Baalbeck,Baalbak - Hermel
230,230,litige,,Baalbeck,Baalbak - Hermel
231,231,Maaraboun,معربون,Baalbeck,Baalbak - Hermel
232,232,Majdeloun,مجدلون,Baalbeck,Baalbak - Hermel
233,233,Maqné,مقنه,Baalbeck,Baalbak - Hermel
234,234,Mazraet Beit Mcheik,,Baalbeck,Baalbak - Hermel
235,235,Mikrak,مقراق,Baalbeck,Baalbak - Hermel
236,236,Misraya,,Baalbeck,Baalbak - Hermel
237,237,Nabha,,Baalbeck,Baalbak - Hermel
238,238,Nabi Sbate,,Baalbeck,Baalbak - Hermel
239,239,Nahlé,نحله,Baalbeck,Baalbak - Hermel
240,240,Oummouchki,,Baalbeck,Baalbak - Hermel
241,241,Ras Baalbek El-Charki,,Baalbeck,Baalbak - Hermel
242,242,Ras Baalbek El-Sahl,,Baalbeck,Baalbak - Hermel
243,243,Riha,ريحا,Baalbeck,Baalbak - Hermel
244,244,Sbouba,,Baalbeck,Baalbak - Hermel
245,245,Serraaine El Faouka,,Baalbeck,Baalbak - Hermel
246,246,Serraaine El Tahta,,Baalbeck,Baalbak - Hermel
247,247,Slouky,,Baalbeck,Baalbak - Hermel
248,248,Talia,طليا,Baalbeck,Baalbak - Hermel
249,249,Tamnine-el-Fauqa,,Baalbeck,Baalbak - Hermel
250,250,Tamnine El-Tahta,تمنين التحتا,Baalbeck,Baalbak - Hermel
251,251,Taraya,,Baalbeck,Baalbak - Hermel
252,252,Tfeil,طفيل,Baalbeck,Baalbak - Hermel
253,253,Yahfoufa,يحفوفا,Baalbeck,Baalbak - Hermel
254,254,Yamouné,,Baalbeck,Baalbak - Hermel
255,255,Yât,,Baalbeck,Baalbak - Hermel
256,256,Younine,,Baalbeck,Baalbak - Hermel
257,257,Zaboud,زبود,Baalbeck,Baalbak - Hermel
258,258,Al-Kharayeb,الخرايب,Hermel,Baalbak - Hermel
259,259,Conflict,,Hermel,Baalbak - Hermel
260,260,El-Méaisseri,,Hermel,Baalbak - Hermel
261,261,Halbata,حلبتا,Hermel,Baalbak - Hermel
262,262,Hermel,,Hermel,Baalbak - Hermel
263,263,Hermel Charbine,,Hermel,Baalbak - Hermel
264,264,Hermel Djebab,,Hermel,Baalbak - Hermel
265,265,Hermel Zighrine,,Hermel,Baalbak - Hermel
266,266,Michaa Mrajhiné,,Hermel,Baalbak - Hermel
267,267,Ouadi El-Osse,,Hermel,Baalbak - Hermel
268,268,Ouadi Faara,,Hermel,Baalbak - Hermel
269,269,Ras-Baalbek - Wadi Faara,,Hermel,Baalbak - Hermel
270,270,Ras Baalbek El-Gharbi,,Hermel,Baalbak - Hermel
271,271,Achrafieh,الاشرفية,Beirut,Beirut
272,272,Ain el-Mreissé,,Beirut,Beirut
273,273,Bachoura,الباشورة,Beirut,Beirut
274,274,Beirut Central District,,Beirut,Beirut
275,275,Mazraa,,Beirut,Beirut
276,276,Medawar,,Beirut,Beirut
277,277,Minet el-Hosn,ميناء الحصن,Beirut,Beirut
278,278,Moussaytbeh,,Beirut,Beirut
279,279,Port,,Beirut,Beirut
280,280,Ras Beyrouth,رأس بيروت,Beirut,Beirut
281,281,Remeil,الرميل,Beirut,Beirut
282,282,Saifé,,Beirut,Beirut
283,283,Zoukak el-Blatt,زقاق البلاط,Beirut,Beirut
284,284,Aïha,,Rachiaya,Bekaa
285,285,Aïn Aata,عين عطا,Rachiaya,Bekaa
286,286,Aïn Arab,,Rachiaya,Bekaa
287,287,Aïn Horché,,Rachiaya,Bekaa
288,288,Aïta El-Fokhar,عيتا الفخار,Rachiaya,Bekaa
289,289,Akabé,,Rachiaya,Bekaa
290,290,Bakka,بكا,Rachiaya,Bekaa
291,291,Bakkifa,بكيفا,Rachiaya,Bekaa
292,292,Beit Lahia,بيت لهيا,Rachiaya,Bekaa
293,293,Conflict,,Rachiaya,Bekaa
294,294,Dahr El-Ahmar,ضهر الاحمر,Rachiaya,Bekaa
295,295,Deir El-Achayer,,Rachiaya,Bekaa
296,296,El-Biré,البيره,Rachiaya,Bekaa
297,297,El-RafidE,الرفيد,Rachiaya,Bekaa
298,298,Haouche El-Kannabé,,Rachiaya,Bekaa
299,299,Héloua,,Rachiaya,Bekaa
300,300,Kaoukaba,كوكبا,Rachiaya,Bekaa
301,301,Kfar Dinès,,Rachiaya,Bekaa
302,302,Kfar Kouk,,Rachiaya,Bekaa
303,303,Kfar Mechké,,Rachiaya,Bekaa
304,304,Kherbet Rouha,خربة روحا,Rachiaya,Bekaa
305,305,litige,,Rachiaya,Bekaa
306,306,Majdel Balhice,,Rachiaya,Bekaa
307,307,Mazraet el-Selasata,,Rachiaya,Bekaa
308,308,Mdoukha,مدوخا,Rachiaya,Bekaa
309,309,Mohaïdcé,,Rachiaya,Bekaa
310,310,Nabi Safa,,Rachiaya,Bekaa
311,311,Rachaya El-Wadi,,Rachiaya,Bekaa
312,312,Tannoura,,Rachiaya,Bekaa
313,313,Yanta,ينطا,Rachiaya,Bekaa
314,314,Aïn-el-Tiné,عين التينة,West Bekaa,Bekaa
315,315,Aïn-Zebdé,,West Bekaa,Bekaa
316,316,Aïtanit,عيتنيت,West Bekaa,Bekaa
317,317,Al-Djeziré,,West Bekaa,Bekaa
318,318,Al-Istable,,West Bekaa,Bekaa
319,319,Al-Khiara,,West Bekaa,Bekaa
320,320,Al-Marje,المرج,West Bekaa,Bekaa
321,321,Al-Sawiré,الصويري,West Bekaa,Bekaa
322,322,Al-Wakf,الوقف,West Bekaa,Bekaa
323,323,"Ammik et ""Jouret Ammik""",,West Bekaa,Bekaa
324,324,Ana,عانا,West Bekaa,Bekaa
325,325,Baaloul,بعلول,West Bekaa,Bekaa
326,326,Bab Mareh,,West Bekaa,Bekaa
327,327,"Chouberkié ""Ammik""",,West Bekaa,Bekaa
328,328,Dair Tahmiche,,West Bekaa,Bekaa
329,329,Dakoué,,West Bekaa,Bekaa
330,330,Deir-Aïn-el-Jaouzé,,West Bekaa,Bekaa
331,331,El-Karaoun,القرعون,West Bekaa,Bekaa
332,332,Ghazzé,غزه,West Bekaa,Bekaa
333,333,Hamara,,West Bekaa,Bekaa
334,334,Haouche-el-Harimé,,West Bekaa,Bekaa
335,335,Harime-el-Soughra,,West Bekaa,Bekaa
336,336,Jib Jénine,جب جنين,West Bekaa,Bekaa
337,337,Kamed-el-Lauze,,West Bekaa,Bekaa
338,338,Kefraya,كفريا,West Bekaa,Bekaa
339,339,Kélia,قليا,West Bekaa,Bekaa
340,340,Kherbet Kanafar,خربة قنافار,West Bekaa,Bekaa
341,341,Khiara-el-Atika,,West Bekaa,Bekaa
342,342,Lala,لالا,West Bekaa,Bekaa
343,343,Lebbaya,لبايا,West Bekaa,Bekaa
344,344,Loucia,لوسيا,West Bekaa,Bekaa
345,345,Machghara,,West Bekaa,Bekaa
346,346,Maïdoune,ميدون,West Bekaa,Bekaa
347,347,Mansoura,,West Bekaa,Bekaa
348,348,n.a. (4),,West Bekaa,Bekaa
349,349,Saghbine,صغبين,West Bekaa,Bekaa
350,350,Sohmor,سحمر,West Bekaa,Bekaa
351,351,Soltan-Yacoub,,West Bekaa,Bekaa
352,352,Tal Zenoub,تل ذنوب,West Bekaa,Bekaa
353,353,Yohmor,يحمر,West Bekaa,Bekaa
354,354,Zellaya,زلايا,West Bekaa,Bekaa
355,355,Ablah,ابلح,Zahleh,Bekaa
356,356,Aïn Kfar Zabed,,Zahleh,Bekaa
357,357,Al-Ali-Nahri,,Zahleh,Bekaa
358,358,Al-Mazraa,المزرعة,Zahleh,Bekaa
359,359,Al-Nabi Aïla,,Zahleh,Bekaa
360,360,Al-Nasriyé,,Zahleh,Bekaa
361,361,Anjar,,Zahleh,Bekaa
362,362,Bar-Elias,بر الياس,Zahleh,Bekaa
363,363,Bouerije,بوارج,Zahleh,Bekaa
364,364,Chouberkié  Tabet,,Zahleh,Bekaa
365,365,Chtaura,,Zahleh,Bekaa
366,366,Conflict,,Zahleh,Bekaa
367,367,Dair-el-Ghazel,,Zahleh,Bekaa
368,368,Delhamié,دلهميه,Zahleh,Bekaa
369,369,Fourzol,,Zahleh,Bekaa
370,370,Haouche-al-Omara (Terres),,Zahleh,Bekaa
371,371,Haouche-el-Ghanam,,Zahleh,Bekaa
372,372,Haouche Hala,حوش حالا,Zahleh,Bekaa
373,373,Haouche Kaissar,,Zahleh,Bekaa
374,374,Haouche Sayadi,,Zahleh,Bekaa
375,375,Hizzerta,حزرتا,Zahleh,Bekaa
376,376,Hochemoche,,Zahleh,Bekaa
377,377,Jditah,,Zahleh,Bekaa
378,378,Kaa-el-Rime,,Zahleh,Bekaa
379,379,Kab Elias,,Zahleh,Bekaa
380,380,Kfar Zabed,,Zahleh,Bekaa
381,381,Koussaya,,Zahleh,Bekaa
382,382,Ksara,,Zahleh,Bekaa
383,383,Maallaka (Terres),,Zahleh,Bekaa
384,384,Maazraat-el-Ramtanieh,,Zahleh,Bekaa
385,385,Maksé,مكسه,Zahleh,Bekaa
386,386,Mandara,,Zahleh,Bekaa
387,387,Massa,ماسا,Zahleh,Bekaa
388,388,Mejdel-Anjar,,Zahleh,Bekaa
389,389,Mreijat,مريجات,Zahleh,Bekaa
390,390,Nasriyat Rizk,,Zahleh,Bekaa
391,391,Niha,نيحا,Zahleh,Bekaa
392,392,Rait,رعيت,Zahleh,Bekaa
393,393,Rayak,رياق,Zahleh,Bekaa
394,394,Saïd Neil,,Zahleh,Bekaa
395,395,Tal-al-Amara,,Zahleh,Bekaa
396,396,Tal-el-Akhdar,,Zahleh,Bekaa
397,397,Talabaya,,Zahleh,Bekaa
398,398,Tanaïl,,Zahleh,Bekaa
399,399,Tchiflik Eddé,,Zahleh,Bekaa
400,400,Tchiflik Kikano,,Zahleh,Bekaa
401,401,Terbol,تربل,Zahleh,Bekaa
402,402,Touaité,,Zahleh,Bekaa
403,403,Wadi-el-Arayeche,,Zahleh,Bekaa
404,404,Wadi-el-Dalam,,Zahleh,Bekaa
405,405,Zahlé (Terres),,Zahleh,Bekaa
406,406,Zahlé Al-Rassié,,Zahleh,Bekaa
407,407,Zahlé Barbara,,Zahleh,Bekaa
408,408,Zahlé Haouche Al-Oumara,,Zahleh,Bekaa
409,409,Zahlé Haouche Al-Zaraané,,Zahleh,Bekaa
410,410,Zahlé Maallaka Kerek,,Zahleh,Bekaa
411,411,Zahlé Mar Antonios,,Zahleh,Bekaa
412,412,Zahlé Mar Elias,,Zahleh,Bekaa
413,413,Zahlé Mar Gérios,,Zahleh,Bekaa
414,414,Zahlé Midan,,Zahleh,Bekaa
415,415,Zahlé Saidet Al-Najda,,Zahleh,Bekaa
416,416,Zebdol,,Zahleh,Bekaa
417,417,Abey,عبيه,Aley,Mount Lebanon
418,418,Aghmide,اغميد,Aley,Mount Lebanon
419,419,Aïn-Dara,,Aley,Mount Lebanon
420,420,Aïn-El-Jdeidé,,Aley,Mount Lebanon
421,421,Aïn-Enoub,,Aley,Mount Lebanon
422,422,Aïn-Rommané,,Aley,Mount Lebanon
423,423,Aïn Drafile,عين درافيل,Aley,Mount Lebanon
424,424,Aïn El-Halzoune,عين الحلزون,Aley,Mount Lebanon
425,425,Aïn Ksour,عين كسور,Aley,Mount Lebanon
426,426,Ain Saideh,,Aley,Mount Lebanon
427,427,Aïn Sofar,,Aley,Mount Lebanon
428,428,Aïn Traz,عين تراز,Aley,Mount Lebanon
429,429,Aïnab,عيناب,Aley,Mount Lebanon
430,430,Aïtate,عيتات,Aley,Mount Lebanon
431,431,Aley,,Aley,Mount Lebanon
432,432,Aramoun,عرمون,Aley,Mount Lebanon
433,433,Baïssour,,Aley,Mount Lebanon
434,434,Baouarta,,Aley,Mount Lebanon
435,435,Bchamoune,بشامون,Aley,Mount Lebanon
436,436,Bdédoune,بدادون,Aley,Mount Lebanon
437,437,Bedghane,بدغان,Aley,Mount Lebanon
438,438,Bhamdoun (Gare),,Aley,Mount Lebanon
439,439,Bhamdoun (Village),بحمدون,Aley,Mount Lebanon
440,440,Bhouara,,Aley,Mount Lebanon
441,441,Bisrine,بسرين,Aley,Mount Lebanon
442,442,Bkhichtay,بخشتيه,Aley,Mount Lebanon
443,443,Bleibel,بليبل,Aley,Mount Lebanon
444,444,Bmakkine,بمكين,Aley,Mount Lebanon
445,445,Bmehraï,,Aley,Mount Lebanon
446,446,Bouzridé,,Aley,Mount Lebanon
447,447,Bsous,بسوس,Aley,Mount Lebanon
448,448,Btallaoun,,Aley,Mount Lebanon
449,449,Btater,بتاتر,Aley,Mount Lebanon
450,450,Bteezanieh,,Aley,Mount Lebanon
451,451,Chamlane,شملان,Aley,Mount Lebanon
452,452,Chanay,,Aley,Mount Lebanon
453,453,Charoun,شارون,Aley,Mount Lebanon
454,454,Chartoun,شرتون,Aley,Mount Lebanon
455,455,Chouaifat Amroussyat,,Aley,Mount Lebanon
456,456,Chouaifat Oumara,,Aley,Mount Lebanon
457,457,Chouaifat Qobbat,,Aley,Mount Lebanon
458,458,Dakkoun,دقون,Aley,Mount Lebanon
459,459,Deir-Koubel,,Aley,Mount Lebanon
460,460,Dfoun,دفون,Aley,Mount Lebanon
461,461,Douair El-Roummane,دوير الرمان,Aley,Mount Lebanon
462,462,EL-Azouniyeh,العزونية,Aley,Mount Lebanon
463,463,El-Bennayé,البنيه,Aley,Mount Lebanon
464,464,El-Fsaïkine,,Aley,Mount Lebanon
465,465,El-Ghaboun,الغابون,Aley,Mount Lebanon
466,466,El-Kahalé,,Aley,Mount Lebanon
467,467,El-Kamatiyeh,,Aley,Mount Lebanon
468,468,El-Mansouriyeh et Aïn-El-Marge,,Aley,Mount Lebanon
469,469,El-Mechrefeh,المشرفه,Aley,Mount Lebanon
470,470,El-Mreijate,المريجات,Aley,Mount Lebanon
471,471,El-Ramliyeh,الرمليه,Aley,Mount Lebanon
472,472,El-Rejmeh,,Aley,Mount Lebanon
473,473,Habramoun,حبرامون,Aley,Mount Lebanon
474,474,Homs et Hama,,Aley,Mount Lebanon
475,475,Houmale,حومال,Aley,Mount Lebanon
476,476,Kaïfoun,كفون,Aley,Mount Lebanon
477,477,Kfar-Aammay,,Aley,Mount Lebanon
478,478,Kfar Matta,,Aley,Mount Lebanon
479,479,litige,,Aley,Mount Lebanon
480,480,Maasraïti,معصريتي,Aley,Mount Lebanon
481,481,Majdel Baana,مجدل بعنا,Aley,Mount Lebanon
482,482,Mazraet El-Nahr,مزرعة النهر,Aley,Mount Lebanon
483,483,Mchakhté,,Aley,Mount Lebanon
484,484,Mejdlaya,مجدلايا,Aley,Mount Lebanon
485,485,Rechmaya,رشميا,Aley,Mount Lebanon
486,486,Remhala,رمحالا,Aley,Mount Lebanon
487,487,Roueissat El-Naaman,رويسة النعمان,Aley,Mount Lebanon
488,488,Sarahmoul,سرحمول,Aley,Mount Lebanon
489,489,Selfaya,سلفايا,Aley,Mount Lebanon
490,490,Souk-El-Gharb,سوق الغرب,Aley,Mount Lebanon
491,491,Aïn Mouaffak,عين موفق,Baabda,Mount Lebanon
492,492,Araya,عاراي,Baabda,Mount Lebanon
493,493,Arsoune,ارصون,Baabda,Mount Lebanon
494,494,Baabda,بعبدا,Baabda,Mount Lebanon
495,495,Baalchemay,,Baabda,Mount Lebanon
496,496,Bmariam,بمريم,Baabda,Mount Lebanon
497,497,Borge el Baragenat,,Baabda,Mount Lebanon
498,498,Boutchay,,Baabda,Mount Lebanon
499,499,Bsaba Wadi Dlab,,Baabda,Mount Lebanon
500,500,Btebiat,بتبيات,Baabda,Mount Lebanon
501,501,Btekhnay,,Baabda,Mount Lebanon
502,502,Bzebdine,بزبدين,Baabda,Mount Lebanon
503,503,Chbaniyeh,,Baabda,Mount Lebanon
504,504,Chiah,,Baabda,Mount Lebanon
505,505,Chouit,شويت,Baabda,Mount Lebanon
506,506,Deir El-Harf,دير الحرف,Baabda,Mount Lebanon
507,507,Deir Khouna,دير خونا,Baabda,Mount Lebanon
508,508,El-Abadiyeh,العباديه,Baabda,Mount Lebanon
509,509,El-Chmeice,,Baabda,Mount Lebanon
510,510,El-Dleibé,الدليبه,Baabda,Mount Lebanon
511,511,El-Erbaniyeh,,Baabda,Mount Lebanon
512,512,El-Kalaa,,Baabda,Mount Lebanon
513,513,El-Khalouat,الخلوات,Baabda,Mount Lebanon
514,514,El-Khreibé,,Baabda,Mount Lebanon
515,515,El-Kneissé,,Baabda,Mount Lebanon
516,516,El-Krayé,القريه,Baabda,Mount Lebanon
517,517,El-Ksaibeh,القصيبه,Baabda,Mount Lebanon
518,518,El Halaliyeh,,Baabda,Mount Lebanon
519,519,Falougha,فالوغا,Baabda,Mount Lebanon
520,520,Forn El-Chobbek,,Baabda,Mount Lebanon
521,521,Ghbayreh,,Baabda,Mount Lebanon
522,522,Hadace,,Baabda,Mount Lebanon
523,523,Hammana,حمانا,Baabda,Mount Lebanon
524,524,Haret -el-Sit,حارة الست,Baabda,Mount Lebanon
525,525,Haret Hamzé,حارة حمزه,Baabda,Mount Lebanon
526,526,Haret Horaïk,,Baabda,Mount Lebanon
527,527,Hasbaya-el Meten,,Baabda,Mount Lebanon
528,528,Hazmiyeh,,Baabda,Mount Lebanon
529,529,Jouar el Haouz,,Baabda,Mount Lebanon
530,530,Jouret Arsoune,جورة ارصون,Baabda,Mount Lebanon
531,531,Kartada,قرطاضة,Baabda,Mount Lebanon
532,532,Kernayel,قرنايل,Baabda,Mount Lebanon
533,533,Kfar Selouane,,Baabda,Mount Lebanon
534,534,Kfarchima,كفرشيما,Baabda,Mount Lebanon
535,535,Kobbaï,كوبا,Baabda,Mount Lebanon
536,536,Ktalé,قتاله,Baabda,Mount Lebanon
537,537,Laylaki,,Baabda,Mount Lebanon
538,538,Louaizé,,Baabda,Mount Lebanon
539,539,Mardachat,,Baabda,Mount Lebanon
540,540,Mazraet-el-Mzeiraa,,Baabda,Mount Lebanon
541,541,Ras-el-Harf,,Baabda,Mount Lebanon
542,542,Ras el Meten,,Baabda,Mount Lebanon
543,543,Roueissat-el-Ballout,,Baabda,Mount Lebanon
544,544,Salima,صليما,Baabda,Mount Lebanon
545,545,Tahouitat-el-Ghadir,,Baabda,Mount Lebanon
546,546,Tarchiche,ترشيش,Baabda,Mount Lebanon
547,547,Wadi Chahrour el Olia,,Baabda,Mount Lebanon
548,548,Wadi Chahrour el Soufla,,Baabda,Mount Lebanon
549,549,Zandouka,,Baabda,Mount Lebanon
550,550,Chatine,شاتين,Batroun,Mount Lebanon
551,551,Aïn-el-Assad et Chmeicé,,Chouf,Mount Lebanon
552,552,Aïn Kéni,عين قني,Chouf,Mount Lebanon
553,553,Aïn Ouzaï,,Chouf,Mount Lebanon
554,554,Aïn Zhalta,عين زحلتا,Chouf,Mount Lebanon
555,555,Almane,علمان,Chouf,Mount Lebanon
556,556,Ammatour,عماطور,Chouf,Mount Lebanon
557,557,Ammik,عميق,Chouf,Mount Lebanon
558,558,Anbal,,Chouf,Mount Lebanon
559,559,Anoute,عانوت,Chouf,Mount Lebanon
560,560,Atrine,عترين,Chouf,Mount Lebanon
561,561,Baadarane,,Chouf,Mount Lebanon
562,562,Baakline,,Chouf,Mount Lebanon
563,563,Baassir,بعاصير,Chouf,Mount Lebanon
564,564,Baïkoun,بيقون,Chouf,Mount Lebanon
565,565,Barja,برجا,Chouf,Mount Lebanon
566,566,Bater,باتر,Chouf,Mount Lebanon
567,567,Batloune,بطلون,Chouf,Mount Lebanon
568,568,Bchatfine,بشتفين,Chouf,Mount Lebanon
569,569,Beit Eddine,بيت الدين,Chouf,Mount Lebanon
570,570,Benouaïti,بنويتي,Chouf,Mount Lebanon
571,571,Bkhchtaine,,Chouf,Mount Lebanon
572,572,Bkifa,,Chouf,Mount Lebanon
573,573,Botmé,بطمه,Chouf,Mount Lebanon
574,574,Brih et Mteilé,,Chouf,Mount Lebanon
575,575,Bsaba,بسابا,Chouf,Mount Lebanon
576,576,Chehime,,Chouf,Mount Lebanon
577,577,Chemaarine,,Chouf,Mount Lebanon
578,578,Chourite,شوريت,Chouf,Mount Lebanon
579,579,Dahr El-Mghara,ضهر المغارة,Chouf,Mount Lebanon
580,580,Dalhoune,دلهون,Chouf,Mount Lebanon
581,581,Damour,,Chouf,Mount Lebanon
582,582,Daraya,داريا,Chouf,Mount Lebanon
583,583,Dardourite,,Chouf,Mount Lebanon
584,584,Debbiyeh,,Chouf,Mount Lebanon
585,585,Debbiyeh (Ain el Haour),,Chouf,Mount Lebanon
586,586,Deir  El-Moukhalles Ech-Chouf,,Chouf,Mount Lebanon
587,587,Deir Baba,دير بابا,Chouf,Mount Lebanon
588,588,Deir Couché,دير كوشه,Chouf,Mount Lebanon
589,589,Deir El-Kamar,دير القمر,Chouf,Mount Lebanon
590,590,Dmite,دميت,Chouf,Mount Lebanon
591,591,Douair Bsennaï,,Chouf,Mount Lebanon
592,592,El-Barouk,الباروك,Chouf,Mount Lebanon
593,593,El-Berjaine,البرجين,Chouf,Mount Lebanon
594,594,El-Biré,البيره,Chouf,Mount Lebanon
595,595,El-Bkaya,,Chouf,Mount Lebanon
596,596,El-Fouara,,Chouf,Mount Lebanon
597,597,El-Freidice,,Chouf,Mount Lebanon
598,598,El-Jahliyeh,,Chouf,Mount Lebanon
599,599,El-Jdeidé,,Chouf,Mount Lebanon
600,600,El-Jleiliyeh,الجليليه,Chouf,Mount Lebanon
601,601,El-Kahlouniyeh,,Chouf,Mount Lebanon
602,602,El-Khreibé,,Chouf,Mount Lebanon
603,603,El-Kneissé,,Chouf,Mount Lebanon
604,604,El-Maaniyeh,المعنيه,Chouf,Mount Lebanon
605,605,El-Moghaïré,,Chouf,Mount Lebanon
606,606,El-Moghaïriyeh,,Chouf,Mount Lebanon
607,607,El-Mouchref,المشرف,Chouf,Mount Lebanon
608,608,El-Moukhtara,المختارة,Chouf,Mount Lebanon
609,609,El-Samkanieh,,Chouf,Mount Lebanon
610,610,El-Wardaniyeh,الوردانية,Chouf,Mount Lebanon
611,611,El-Werhaniyeh,,Chouf,Mount Lebanon
612,612,El Jiyeh,,Chouf,Mount Lebanon
613,613,Ghabet Jaafar,,Chouf,Mount Lebanon
614,614,Gharifé,غريفه,Chouf,Mount Lebanon
615,615,Haret Jandal,حارة جندل,Chouf,Mount Lebanon
616,616,Hasroute,حصروت,Chouf,Mount Lebanon
617,617,Jadra,,Chouf,Mount Lebanon
618,618,Jdael et Kfarhi,,Chouf,Mount Lebanon
619,619,Jebah,,Chouf,Mount Lebanon
620,620,Jmeiliyeh,,Chouf,Mount Lebanon
621,621,Joun,جون,Chouf,Mount Lebanon
622,622,Katermaya,كترمايا,Chouf,Mount Lebanon
623,623,Kfar Fakoud,كفر فاقود,Chouf,Mount Lebanon
624,624,Kfar Haml,,Chouf,Mount Lebanon
625,625,Kfar Katra,,Chouf,Mount Lebanon
626,626,Kfar Matta (Klaliyé),,Chouf,Mount Lebanon
627,627,Kfar Nabrakh,,Chouf,Mount Lebanon
628,628,Kfarhime,كفرحيم,Chouf,Mount Lebanon
629,629,Kfarnice,كفرنيس,Chouf,Mount Lebanon
630,630,Kherbet Bisri,خربة بسري,Chouf,Mount Lebanon
631,631,Kraya,,Chouf,Mount Lebanon
632,632,litige,,Chouf,Mount Lebanon
633,633,Maasser Beit Eddine,معاصر بيت الدين,Chouf,Mount Lebanon
634,634,Maasser el-Chouf,معاصر الشوف,Chouf,Mount Lebanon
635,635,Majdalouna,مجدلونا,Chouf,Mount Lebanon
636,636,Majdel Meouche,,Chouf,Mount Lebanon
637,637,Mazboud,مزبود,Chouf,Mount Lebanon
638,638,Mazmoura,,Chouf,Mount Lebanon
639,639,Mazraet El-Chouf,مزرعة الشوف,Chouf,Mount Lebanon
640,640,Mazraet El-Dahr,مزرعة الضهر,Chouf,Mount Lebanon
641,641,Mristé,مرستي,Chouf,Mount Lebanon
642,642,Mtoullé Bzina,,Chouf,Mount Lebanon
643,643,Naamat,,Chouf,Mount Lebanon
644,644,Niha,نيحا,Chouf,Mount Lebanon
645,645,Rmeileh,,Chouf,Mount Lebanon
646,646,Sebline,سبلين,Chouf,Mount Lebanon
647,647,Sirjbal,سرجبال,Chouf,Mount Lebanon
648,648,Wadi Abou Youssef,,Chouf,Mount Lebanon
649,649,Wadi Bnahley,,Chouf,Mount Lebanon
650,650,Wadi El-Deir,وادي الدير,Chouf,Mount Lebanon
651,651,Wadi El-Sit,وادي الست,Chouf,Mount Lebanon
652,652,Zaarouriyeh,,Chouf,Mount Lebanon
653,653,Abou-Mizane,,El Metn,Mount Lebanon
654,654,Aïn-Alak,,El Metn,Mount Lebanon
655,655,Aïn-El-Kach,,El Metn,Mount Lebanon
656,656,Aïn-El-Kharroubé,,El Metn,Mount Lebanon
657,657,Aïn-El-Safsaf,,El Metn,Mount Lebanon
658,658,Aïn-El-Sindiané,,El Metn,Mount Lebanon
659,659,Aïn-el-Teffaha,,El Metn,Mount Lebanon
660,660,Aïn-Saâdé,عين سعادة,El Metn,Mount Lebanon
661,661,Aïn -El-Zeitouné,عين الزيتونه,El Metn,Mount Lebanon
662,662,Aïn Aar,عين عار,El Metn,Mount Lebanon
663,663,Aïn El-Kabou,,El Metn,Mount Lebanon
664,664,Aïroune,,El Metn,Mount Lebanon
665,665,Antélias,انطلياس,El Metn,Mount Lebanon
666,666,Antoura,,El Metn,Mount Lebanon
667,667,Baabdat et Sfaïlé,,El Metn,Mount Lebanon
668,668,Baouchariat,,El Metn,Mount Lebanon
669,669,Baskinta,,El Metn,Mount Lebanon
670,670,Beit Chebab,,El Metn,Mount Lebanon
671,671,Beit El Koukou,,El Metn,Mount Lebanon
672,672,Beit Mery,بيت مري,El Metn,Mount Lebanon
673,673,Biakoute,بياقوت,El Metn,Mount Lebanon
674,674,Bikfaya,بكفيا,El Metn,Mount Lebanon
675,675,Bkennaya,بقنايا,El Metn,Mount Lebanon
676,676,Borge Hammoud,برج حمود,El Metn,Mount Lebanon
677,677,Broummana,برمانا,El Metn,Mount Lebanon
678,678,Bsalime,بصاليم,El Metn,Mount Lebanon
679,679,Bsifrine et El-Zahriyé,,El Metn,Mount Lebanon
680,680,Bteghrine,بتغرين,El Metn,Mount Lebanon
681,681,Chaouié,, Knaitré et Mar gergesse Bhurdok,El Metn
682,682,Chouaya,شويا,El Metn,Mount Lebanon
683,683,Choueir,,El Metn,Mount Lebanon
684,684,Chrine,شرين,El Metn,Mount Lebanon
685,685,Dahr El Souwan,,El Metn,Mount Lebanon
686,686,Dbayé,,El Metn,Mount Lebanon
687,687,Deir Chamra,دير شمرا,El Metn,Mount Lebanon
688,688,Deir Tamiche,,El Metn,Mount Lebanon
689,689,Dekouanet,,El Metn,Mount Lebanon
690,690,Dik El-Mehdi,ديك المحدي,El Metn,Mount Lebanon
691,691,Douar,,El Metn,Mount Lebanon
692,692,El-Atchané,العطشانه,El Metn,Mount Lebanon
693,693,El-Dechouniyeh,الديشونيه,El Metn,Mount Lebanon
694,694,El-Jouar,الجوار,El Metn,Mount Lebanon
695,695,El-Khellé,الخله,El Metn,Mount Lebanon
696,696,El-Khounchara,,El Metn,Mount Lebanon
697,697,El-Machera,,El Metn,Mount Lebanon
698,698,El-Mansouriyeh,المنصوريه,El Metn,Mount Lebanon
699,699,El-Mayassé,المياسه,El Metn,Mount Lebanon
700,700,El-Mhaidcé,,El Metn,Mount Lebanon
701,701,El-Mrouge,المروج,El Metn,Mount Lebanon
702,702,El-Mtaileb,المطيلب,El Metn,Mount Lebanon
703,703,El-Ouyoun,,El Metn,Mount Lebanon
704,704,El-Sfailé,السفيله,El Metn,Mount Lebanon
705,705,El-Zalka,الزلقا,El Metn,Mount Lebanon
706,706,El Freiké,,El Metn,Mount Lebanon
707,707,El Mtein,,El Metn,Mount Lebanon
708,708,Fanar,فنار,El Metn,Mount Lebanon
709,709,Haret El-Belleni,,El Metn,Mount Lebanon
710,710,Hebouss,,El Metn,Mount Lebanon
711,711,Hemlaya,حملايا,El Metn,Mount Lebanon
712,712,Jal-el-Dib,جل الديب,El Metn,Mount Lebanon
713,713,Jodaidat,,El Metn,Mount Lebanon
714,714,Jouret-El-Ballout,,El Metn,Mount Lebanon
715,715,Kaakour,,El Metn,Mount Lebanon
716,716,Kanabet Broummana,قنابة برمانا,El Metn,Mount Lebanon
717,717,Kannabet Salima,قنابة صليما,El Metn,Mount Lebanon
718,718,Kfar Akab,كفر عقاب,El Metn,Mount Lebanon
719,719,Kfartaï,,El Metn,Mount Lebanon
720,720,Kornet-El-Hamra,قرنة الحمرا,El Metn,Mount Lebanon
721,721,Kornet Chahouane,قرنة شهوان,El Metn,Mount Lebanon
722,722,Majdel Tarchiche,مجدل ترشيش,El Metn,Mount Lebanon
723,723,Majdoub,,El Metn,Mount Lebanon
724,724,Mar Abda El-Mchammar,,El Metn,Mount Lebanon
725,725,Mar Boutros Karm El-Tine,مار بطرس كرم التين,El Metn,Mount Lebanon
726,726,Mar Chaya et Mzakki,,El Metn,Mount Lebanon
727,727,Mar Mikhael Bnabil,مار مخايل بنابيل,El Metn,Mount Lebanon
728,728,Mar Mousa-El-Douar,,El Metn,Mount Lebanon
729,729,Mar Roukose et Dahr El-Hossain,,El Metn,Mount Lebanon
730,730,Marjaba,مرجبا,El Metn,Mount Lebanon
731,731,Maska et El-Ghabeh,,El Metn,Mount Lebanon
732,732,Mazraet Beit Chaar,,El Metn,Mount Lebanon
733,733,Mazraet Deir Aoukar,,El Metn,Mount Lebanon
734,734,Mazraet El-Hadira,,El Metn,Mount Lebanon
735,735,Mazraet Yachou,مزرعة يشوع,El Metn,Mount Lebanon
736,736,Mchikha,مشيخا,El Metn,Mount Lebanon
737,737,Mezher,,El Metn,Mount Lebanon
738,738,Mkallesse,,El Metn,Mount Lebanon
739,739,Nabiyeh,نابيه,El Metn,Mount Lebanon
740,740,Naccache,النقاش,El Metn,Mount Lebanon
741,741,Roumieh,روميه,El Metn,Mount Lebanon
742,742,Sakiet-El-Misk et Bhorsaf,,El Metn,Mount Lebanon
743,743,Senn el Fil,,El Metn,Mount Lebanon
744,744,Wadi Chahine,وادي شاهين,El Metn,Mount Lebanon
745,745,Wadi El-Karm,وادي الكرم,El Metn,Mount Lebanon
746,746,Wata Amaret Chalhoub,عمارة شلهوب,El Metn,Mount Lebanon
747,747,Wata El-Mrouge,وطى المروج,El Metn,Mount Lebanon
748,748,Zabbougha,زبوغا,El Metn,Mount Lebanon
749,749,Zacrite,زكريت,El Metn,Mount Lebanon
750,750,Zaraoune,زرعون,El Metn,Mount Lebanon
751,751,Zeghrine,,El Metn,Mount Lebanon
752,752,Zouk-Khrab,,El Metn,Mount Lebanon
753,753,Ktalé,قتاله,Jezzine,Mount Lebanon
754,754,Adonis et Sannour,,Jubail,Mount Lebanon
755,755,Afka,,Jubail,Mount Lebanon
756,756,Aïn-el-Delbé,,Jubail,Mount Lebanon
757,757,Aïn-El-Ghouaibé,,Jubail,Mount Lebanon
758,758,Aïn-Jraïne,,Jubail,Mount Lebanon
759,759,Aïn Kfah,,Jubail,Mount Lebanon
760,760,Akoura,,Jubail,Mount Lebanon
761,761,Al Kattara,,Jubail,Mount Lebanon
762,762,Alita,,Jubail,Mount Lebanon
763,763,Almate El-Chemaliat,,Jubail,Mount Lebanon
764,764,Almate El-Jenoubiat,,Jubail,Mount Lebanon
765,765,Amchite,عمشيت,Jubail,Mount Lebanon
766,766,Arab El-Haibe,,Jubail,Mount Lebanon
767,767,Bachtlida,,Jubail,Mount Lebanon
768,768,Bakhaase,,Jubail,Mount Lebanon
769,769,Bazyoune,,Jubail,Mount Lebanon
770,770,Bchillé,بشللي,Jubail,Mount Lebanon
771,771,Behdaidate,بحديدات,Jubail,Mount Lebanon
772,772,Beit Habbak,بيت حباق,Jubail,Mount Lebanon
773,773,Bejjé,بجه,Jubail,Mount Lebanon
774,774,Belhos,,Jubail,Mount Lebanon
775,775,Berket Hejoula,,Jubail,Mount Lebanon
776,776,Bintaél (Fdar-El-Soufla),,Jubail,Mount Lebanon
777,777,Blat,بلاط,Jubail,Mount Lebanon
778,778,Breige,,Jubail,Mount Lebanon
779,779,Chamate,شامات,Jubail,Mount Lebanon
780,780,Chikhane,شيخان,Jubail,Mount Lebanon
781,781,Chmout,شموت,Jubail,Mount Lebanon
782,782,Deir Mar Sarkis,,Jubail,Mount Lebanon
783,783,Eddé,اده,Jubail,Mount Lebanon
784,784,Ehmège,اهمج,Jubail,Mount Lebanon
785,785,El-Berbara,,Jubail,Mount Lebanon
786,786,El-Hsoune,الحصون,Jubail,Mount Lebanon
787,787,El-Jlaicé,,Jubail,Mount Lebanon
788,788,El-Kafr et El-Harf,,Jubail,Mount Lebanon
789,789,El-Kfoune,,Jubail,Mount Lebanon
790,790,El-Kharbé,الخاربه,Jubail,Mount Lebanon
791,791,El-Laklouk,اللقلوق,Jubail,Mount Lebanon
792,792,El-Mejdel,المجدل,Jubail,Mount Lebanon
793,793,El-Mghaïré,المغيره,Jubail,Mount Lebanon
794,794,El-Mouncef,,Jubail,Mount Lebanon
795,795,El-Ramout,الراموط,Jubail,Mount Lebanon
796,796,El-Rihané,,Jubail,Mount Lebanon
797,797,El-Souané,الصوانه,Jubail,Mount Lebanon
798,798,Farhat,فرحت,Jubail,Mount Lebanon
799,799,Fatré et Bir-el-Haït,,Jubail,Mount Lebanon
800,800,Fghal,فغال,Jubail,Mount Lebanon
801,801,Fidar,فدار,Jubail,Mount Lebanon
802,802,Frat,فرات,Jubail,Mount Lebanon
803,803,Ghabate,,Jubail,Mount Lebanon
804,804,Ghalboune,غلبون,Jubail,Mount Lebanon
805,805,Gharzouze,غرزوز,Jubail,Mount Lebanon
806,806,Ghorfine,غرفين,Jubail,Mount Lebanon
807,807,Habil,هابيل,Jubail,Mount Lebanon
808,808,Hakel,حاقل,Jubail,Mount Lebanon
809,809,Halate,حالات,Jubail,Mount Lebanon
810,810,Hbeline,حبالين,Jubail,Mount Lebanon
811,811,Hboub,,Jubail,Mount Lebanon
812,812,Hedayné,,Jubail,Mount Lebanon
813,813,Hejoula,حجولا,Jubail,Mount Lebanon
814,814,Hisraïl,حصرايل,Jubail,Mount Lebanon
815,815,Hsarate et Richkif,,Jubail,Mount Lebanon
816,816,Jage,جاج,Jubail,Mount Lebanon
817,817,Janné,,Jubail,Mount Lebanon
818,818,Jbail,جبيل,Jubail,Mount Lebanon
819,819,Jeddeyel,جدايل,Jubail,Mount Lebanon
820,820,Jouret-el-Kattine,,Jubail,Mount Lebanon
821,821,Kartaba,,Jubail,Mount Lebanon
822,822,Kartaboune,,Jubail,Mount Lebanon
823,823,Kehmez,قهمز,Jubail,Mount Lebanon
824,824,Kfar-Keddé,,Jubail,Mount Lebanon
825,825,Kfar-Mashoune et Dmalsa,,Jubail,Mount Lebanon
826,826,Kfar Kaouass,,Jubail,Mount Lebanon
827,827,Kfarbaal (Annaya),,Jubail,Mount Lebanon
828,828,Korkraya,قرقريا,Jubail,Mount Lebanon
829,829,Lassa,لاسا,Jubail,Mount Lebanon
830,830,Lehfed,لحفد,Jubail,Mount Lebanon
831,831,litige,,Jubail,Mount Lebanon
832,832,Maad,معاد,Jubail,Mount Lebanon
833,833,Maïfouk,ميفوق,Jubail,Mount Lebanon
834,834,Mastita,,Jubail,Mount Lebanon
835,835,Mazraet-el-Siyad,,Jubail,Mount Lebanon
836,836,Mechane,مشان,Jubail,Mount Lebanon
837,837,Mechmech,,Jubail,Mount Lebanon
838,838,Mehrine,,Jubail,Mount Lebanon
839,839,n.a. (2),,Jubail,Mount Lebanon
840,840,Nahr-Ibrahim,,Jubail,Mount Lebanon
841,841,Obeidate,عبيدات,Jubail,Mount Lebanon
842,842,Ras-Osta,,Jubail,Mount Lebanon
843,843,Saki-Rechmaya,,Jubail,Mount Lebanon
844,844,Sakiet-el-Kheite,,Jubail,Mount Lebanon
845,845,Sarhita,,Jubail,Mount Lebanon
846,846,Sirine,,Jubail,Mount Lebanon
847,847,Tartige,ترتج,Jubail,Mount Lebanon
848,848,Tedmor et Serghal,,Jubail,Mount Lebanon
849,849,Torzaya,طورزيا,Jubail,Mount Lebanon
850,850,Yanouh,يانوح,Jubail,Mount Lebanon
851,851,Zebdine,زبدين,Jubail,Mount Lebanon
852,852,Achkoute,عشقوت,Kasrouane,Mount Lebanon
853,853,Adma-Defneh,,Kasrouane,Mount Lebanon
854,854,Aïn El-Delbé,عين الدلب,Kasrouane,Mount Lebanon
855,855,Aïn El-Rihané,عين الريحانه,Kasrouane,Mount Lebanon
856,856,Aïntoura,,Kasrouane,Mount Lebanon
857,857,Ajeltoun,عجلتون,Kasrouane,Mount Lebanon
858,858,Aramoun,عرمون,Kasrouane,Mount Lebanon
859,859,Ballouné,بلونه,Kasrouane,Mount Lebanon
860,860,Batha,,Kasrouane,Mount Lebanon
861,861,Bekaatet-Achkoute,,Kasrouane,Mount Lebanon
862,862,Bekaatet Kénaan,بقعاتة كنعان,Kasrouane,Mount Lebanon
863,863,Bekaatouta,,Kasrouane,Mount Lebanon
864,864,Bezhel,بزحل,Kasrouane,Mount Lebanon
865,865,Boukak El-Dine,,Kasrouane,Mount Lebanon
866,866,Bzoumar,بزمار,Kasrouane,Mount Lebanon
867,867,Chahtoul,شحتول,Kasrouane,Mount Lebanon
868,868,Chenanhir,,Kasrouane,Mount Lebanon
869,869,Daraoun,درعون,Kasrouane,Mount Lebanon
870,870,Daraya,داريا,Kasrouane,Mount Lebanon
871,871,Deir Baklouche,,Kasrouane,Mount Lebanon
872,872,Djounié Ghadir,,Kasrouane,Mount Lebanon
873,873,Djounié Salel Alma,,Kasrouane,Mount Lebanon
874,874,Djounié Sarba,,Kasrouane,Mount Lebanon
875,875,Dlebta,دلبتا,Kasrouane,Mount Lebanon
876,876,Eghbeh,,Kasrouane,Mount Lebanon
877,877,El-Abri et Chouan,,Kasrouane,Mount Lebanon
878,878,El-Azra,العذرا,Kasrouane,Mount Lebanon
879,879,El-Bouar,البوار,Kasrouane,Mount Lebanon
880,880,El-Ekaïbé,,Kasrouane,Mount Lebanon
881,881,El-Ghuiné,الغينه,Kasrouane,Mount Lebanon
882,882,El-Hossein,الحصين,Kasrouane,Mount Lebanon
883,883,El-Kfour,الكفور,Kasrouane,Mount Lebanon
884,884,El-Kleiyate,,Kasrouane,Mount Lebanon
885,885,El-Mghaer,,Kasrouane,Mount Lebanon
886,886,El-Mouaïsra,المعيصرة,Kasrouane,Mount Lebanon
887,887,El-Mradiyeh,المراديه,Kasrouane,Mount Lebanon
888,888,EL-Safra,الصفرا,Kasrouane,Mount Lebanon
889,889,Faïtroun,فيطرون,Kasrouane,Mount Lebanon
890,890,Faraya,فاريا,Kasrouane,Mount Lebanon
891,891,Fatka,فتقا,Kasrouane,Mount Lebanon
892,892,Ghazir,,Kasrouane,Mount Lebanon
893,893,Ghbélé,غباله,Kasrouane,Mount Lebanon
894,894,Ghodrace,غدراس,Kasrouane,Mount Lebanon
895,895,Ghosta,غوسطا,Kasrouane,Mount Lebanon
896,896,Harissa,حريصا,Kasrouane,Mount Lebanon
897,897,Hayata,,Kasrouane,Mount Lebanon
898,898,Herhraya et Kattine,,Kasrouane,Mount Lebanon
899,899,Hrajel,حراجل,Kasrouane,Mount Lebanon
900,900,Jdeidet Ghazir,جديدة غزير,Kasrouane,Mount Lebanon
901,901,Jeita,جعيتا,Kasrouane,Mount Lebanon
902,902,Jounieh Haret Sakhr,حارة صخر,Kasrouane,Mount Lebanon
903,903,Jouret Bedrane,جورة بدران,Kasrouane,Mount Lebanon
904,904,Jouret Mhad,,Kasrouane,Mount Lebanon
905,905,Jouret Termos,,Kasrouane,Mount Lebanon
906,906,Kfar Yassine,كفرياسين,Kasrouane,Mount Lebanon
907,907,Kfertaï,,Kasrouane,Mount Lebanon
908,908,Kharayeb Nahr Ibrahim,,Kasrouane,Mount Lebanon
909,909,litige,,Kasrouane,Mount Lebanon
910,910,Maarab,معراب,Kasrouane,Mount Lebanon
911,911,Mayrouba,ميروبا,Kasrouane,Mount Lebanon
912,912,Mazraet El-Ras,,Kasrouane,Mount Lebanon
913,913,Mazraet Kfardebiane,,Kasrouane,Mount Lebanon
914,914,Mazraet Mrah el-Mir,,Kasrouane,Mount Lebanon
915,915,Mouchaa Kesrouan (Faraya),,Kasrouane,Mount Lebanon
916,916,Mouchaa Kesrouan (Kfardebian),,Kasrouane,Mount Lebanon
917,917,n.a. (3),,Kasrouane,Mount Lebanon
918,918,Nahr El-Dahab,,Kasrouane,Mount Lebanon
919,919,Nammoura et Kfar Jerif,,Kasrouane,Mount Lebanon
920,920,Raachine,رعشين,Kasrouane,Mount Lebanon
921,921,Rayfoun,ريفون,Kasrouane,Mount Lebanon
922,922,Souhailet El-Faouka,,Kasrouane,Mount Lebanon
923,923,Tabarja,طبرجا,Kasrouane,Mount Lebanon
924,924,Wata-El-Jaouz,,Kasrouane,Mount Lebanon
925,925,Wata Salam,,Kasrouane,Mount Lebanon
926,926,Yahchouche,يحشوش,Kasrouane,Mount Lebanon
927,927,Zaaitré,,Kasrouane,Mount Lebanon
928,928,Zeitoune,زيتون,Kasrouane,Mount Lebanon
929,929,Zouk Mikaèl,,Kasrouane,Mount Lebanon
930,930,Zouk Mousbeh,زوق مصبح,Kasrouane,Mount Lebanon
931,931,Aïn-Ebel,عينبال,Bint Jbayl,Nabatiyeh
932,932,Aïn-el-Katmoune,,Bint Jbayl,Nabatiyeh
933,933,Aïnata,عيناتا,Bint Jbayl,Nabatiyeh
934,934,Aïta-el-Chaab,,Bint Jbayl,Nabatiyeh
935,935,Aïta-el-Zut,,Bint Jbayl,Nabatiyeh
936,936,Aïtaroun,عيترون,Bint Jbayl,Nabatiyeh
937,937,Baraachite,برعشيت,Bint Jbayl,Nabatiyeh
938,938,Beit Lif,بيت ليف,Bint Jbayl,Nabatiyeh
939,939,Beit Yahoune,بيت ياحون,Bint Jbayl,Nabatiyeh
940,940,Bint Jbail,,Bint Jbayl,Nabatiyeh
941,941,Borge Kalaouiyé,برج قلاويه,Bint Jbayl,Nabatiyeh
942,942,Chakra,شقرا,Bint Jbayl,Nabatiyeh
943,943,Debel,دبل,Bint Jbayl,Nabatiyeh
944,944,Deir Ntar,,Bint Jbayl,Nabatiyeh
945,945,El-Kouzah,,Bint Jbayl,Nabatiyeh
946,946,El-Taïri,الطيري,Bint Jbayl,Nabatiyeh
947,947,Froune,فرون,Bint Jbayl,Nabatiyeh
948,948,Ghandouriyé,,Bint Jbayl,Nabatiyeh
949,949,Haddacé,,Bint Jbayl,Nabatiyeh
950,950,Hanine,حانين,Bint Jbayl,Nabatiyeh
951,951,Harisse,,Bint Jbayl,Nabatiyeh
952,952,Jmeijmé,جميجمه,Bint Jbayl,Nabatiyeh
953,953,Kafra,,Bint Jbayl,Nabatiyeh
954,954,Kalaouiyé,قلاويه,Bint Jbayl,Nabatiyeh
955,955,Kfardounine,كفردونين,Bint Jbayl,Nabatiyeh
956,956,Kherbet Salem,خربة سلم,Bint Jbayl,Nabatiyeh
957,957,Kounine,كونين,Bint Jbayl,Nabatiyeh
958,958,Maroune-el-Ras,,Bint Jbayl,Nabatiyeh
959,959,Rachafe,رشاف,Bint Jbayl,Nabatiyeh
960,960,Ramié,راميه,Bint Jbayl,Nabatiyeh
961,961,Rmeiche,رميش,Bint Jbayl,Nabatiyeh
962,962,Safad-el-Battikh,,Bint Jbayl,Nabatiyeh
963,963,Salhané,,Bint Jbayl,Nabatiyeh
964,964,Sarbine,صربين,Bint Jbayl,Nabatiyeh
965,965,Soultaniyé,,Bint Jbayl,Nabatiyeh
966,966,Tibnine,,Bint Jbayl,Nabatiyeh
967,967,Yaroune,يارون,Bint Jbayl,Nabatiyeh
968,968,Yater,ياطر,Bint Jbayl,Nabatiyeh
969,969,Abou Kamha,,Hasbaya,Nabatiyeh
970,970,Aïn Jarfa,عين جرفا,Hasbaya,Nabatiyeh
971,971,Aïn Kinia,عين قنيا,Hasbaya,Nabatiyeh
972,972,Al-Dellafé,,Hasbaya,Nabatiyeh
973,973,Burghoz,برغز,Hasbaya,Nabatiyeh
974,974,Chabaaa,,Hasbaya,Nabatiyeh
975,975,Chebaa Farms,,Hasbaya,Nabatiyeh
976,976,Chouaya,شويا,Hasbaya,Nabatiyeh
977,977,El- Mery,,Hasbaya,Nabatiyeh
978,978,El-Fraïdice,الفريديس,Hasbaya,Nabatiyeh
979,979,El-Habbariyé,,Hasbaya,Nabatiyeh
980,980,El-Kahlouat,,Hasbaya,Nabatiyeh
981,981,El-Kfeir,الكفير,Hasbaya,Nabatiyeh
982,982,El-Khreibé,,Hasbaya,Nabatiyeh
983,983,El-Majidiyé,المجيديه,Hasbaya,Nabatiyeh
984,984,Hasbaya,,Hasbaya,Nabatiyeh
985,985,Kaoukaba,كوكبا,Hasbaya,Nabatiyeh
986,986,Kfar Hamame,كفر حمام,Hasbaya,Nabatiyeh
987,987,Marj Ez-Zouhour (Haouch El-Qinnaabé),,Hasbaya,Nabatiyeh
988,988,Mimas,ميمس,Hasbaya,Nabatiyeh
989,989,Nkhailé,,Hasbaya,Nabatiyeh
990,990,Rachaya El-Fokhar,راشيا الفخار,Hasbaya,Nabatiyeh
991,991,Slaïyeb,,Hasbaya,Nabatiyeh
992,992,Adchite El-Koussair,,Marjaayoun,Nabatiyeh
993,993,Adeicé,,Marjaayoun,Nabatiyeh
994,994,Ain Aarab,عين عرب,Marjaayoun,Nabatiyeh
995,995,Al-Taïbé,الطيبه,Marjaayoun,Nabatiyeh
996,996,Almane,علمان,Marjaayoun,Nabatiyeh
997,997,Bani Haiyane,بني حيان,Marjaayoun,Nabatiyeh
998,998,Blat,بلاط,Marjaayoun,Nabatiyeh
999,999,Blida,بليدا,Marjaayoun,Nabatiyeh
1000,1000,Deir Mimas,دير ميماس,Marjaayoun,Nabatiyeh
1001,1001,Deir Mimas Doumiat,,Marjaayoun,Nabatiyeh
1002,1002,Deir Sériane,دير سريان,Marjaayoun,Nabatiyeh
1003,1003,Dibbine,دبين,Marjaayoun,Nabatiyeh
1004,1004,Ebel-El-Saki,,Marjaayoun,Nabatiyeh
1005,1005,El-Amra,,Marjaayoun,Nabatiyeh
1006,1006,El-Kherbeh,,Marjaayoun,Nabatiyeh
1007,1007,EL-Khiam,,Marjaayoun,Nabatiyeh
1008,1008,El-Kleia,,Marjaayoun,Nabatiyeh
1009,1009,Houla,حولا,Marjaayoun,Nabatiyeh
1010,1010,Houra,,Marjaayoun,Nabatiyeh
1011,1011,Kabrikha,قبريخا,Marjaayoun,Nabatiyeh
1012,1012,Kantara,,Marjaayoun,Nabatiyeh
1013,1013,Kfarkala,كفركلا,Marjaayoun,Nabatiyeh
1014,1014,Majdel Selm,مجدل سلم,Marjaayoun,Nabatiyeh
1015,1015,Markaba,مركبا,Marjaayoun,Nabatiyeh
1016,1016,Mazraet-El-Jrein,,Marjaayoun,Nabatiyeh
1017,1017,Mazraet el-Sarada,,Marjaayoun,Nabatiyeh
1018,1018,Meis El-Jabal,,Marjaayoun,Nabatiyeh
1019,1019,Merjayoun,,Marjaayoun,Nabatiyeh
1020,1020,Mhaïbib,محيبيب,Marjaayoun,Nabatiyeh
1021,1021,Rabb Salacine,,Marjaayoun,Nabatiyeh
1022,1022,Souané,صوانه,Marjaayoun,Nabatiyeh
1023,1023,Talloussa,,Marjaayoun,Nabatiyeh
1024,1024,Touline,تولين,Marjaayoun,Nabatiyeh
1025,1025,Abba,,Nabatiyeh,Nabatiyeh
1026,1026,Adchite,عدشيت,Nabatiyeh,Nabatiyeh
1027,1027,Aïn-Boussouar,,Nabatiyeh,Nabatiyeh
1028,1028,Aïn-Kana,,Nabatiyeh,Nabatiyeh
1029,1029,Ali El-Taher,,Nabatiyeh,Nabatiyeh
1030,1030,Ansar,,Nabatiyeh,Nabatiyeh
1031,1031,Arab Salim,عرب صاليم,Nabatiyeh,Nabatiyeh
1032,1032,Arnoune,ارنون,Nabatiyeh,Nabatiyeh
1033,1033,Bfarwé,,Nabatiyeh,Nabatiyeh
1034,1034,Braikeh,,Nabatiyeh,Nabatiyeh
1035,1035,Choukine,شوكين,Nabatiyeh,Nabatiyeh
1036,1036,Deir El-Zehrani,دير الزهراني,Nabatiyeh,Nabatiyeh
1037,1037,Douair,,Nabatiyeh,Nabatiyeh
1038,1038,El-Charkiyé,,Nabatiyeh,Nabatiyeh
1039,1039,El-Hamra,,Nabatiyeh,Nabatiyeh
1040,1040,El-Kfour,الكفور,Nabatiyeh,Nabatiyeh
1041,1041,Habbouche,حبوش,Nabatiyeh,Nabatiyeh
1042,1042,Harouf,حاروف,Nabatiyeh,Nabatiyeh
1043,1043,Hmaïla,,Nabatiyeh,Nabatiyeh
1044,1044,Houmine-el-Faouka,,Nabatiyeh,Nabatiyeh
1045,1045,Houmine El-Tahta,حومين التحتا,Nabatiyeh,Nabatiyeh
1046,1046,Izzé,,Nabatiyeh,Nabatiyeh
1047,1047,Jarjouh,,Nabatiyeh,Nabatiyeh
1048,1048,Jobchite,جبشيت,Nabatiyeh,Nabatiyeh
1049,1049,Kafr Dajjal,,Nabatiyeh,Nabatiyeh
1050,1050,Kafra-Jbah,,Nabatiyeh,Nabatiyeh
1051,1051,Kakiat El-Jisr,,Nabatiyeh,Nabatiyeh
1052,1052,Kefer Sir,,Nabatiyeh,Nabatiyeh
1053,1053,Kfar Remmane,كفر رمان,Nabatiyeh,Nabatiyeh
1054,1054,Kfar Tebnite,كفر تبنيت,Nabatiyeh,Nabatiyeh
1055,1055,Kfarfila,كفرفيلا,Nabatiyeh,Nabatiyeh
1056,1056,Ksaibé,,Nabatiyeh,Nabatiyeh
1057,1057,Maifadoune,ميفدون,Nabatiyeh,Nabatiyeh
1058,1058,Mazraat-el-Khreibé,,Nabatiyeh,Nabatiyeh
1059,1059,Mazraet Bsaffour,,Nabatiyeh,Nabatiyeh
1060,1060,Mazraet Chaal Baal,,Nabatiyeh,Nabatiyeh
1061,1061,Mazraet Dmoul,,Nabatiyeh,Nabatiyeh
1062,1062,Mazraet El-Bayad,,Nabatiyeh,Nabatiyeh
1063,1063,Mazraet Kalaat Meiss,,Nabatiyeh,Nabatiyeh
1064,1064,Mazraet Kfar Jaouz,,Nabatiyeh,Nabatiyeh
1065,1065,Mazraet Sinai,,Nabatiyeh,Nabatiyeh
1066,1066,Nabatiyé El-Faouka,,Nabatiyeh,Nabatiyeh
1067,1067,Nabatiyé El-Tahta,,Nabatiyeh,Nabatiyeh
1068,1068,Nmériyé,,Nabatiyeh,Nabatiyeh
1069,1069,Roumine,رومين,Nabatiyeh,Nabatiyeh
1070,1070,Sarba,صربا,Nabatiyeh,Nabatiyeh
1071,1071,Sir El-Gharbiyé,,Nabatiyeh,Nabatiyeh
1072,1072,Toule,تول,Nabatiyeh,Nabatiyeh
1073,1073,Yohmor,يحمر,Nabatiyeh,Nabatiyeh
1074,1074,Zaoutar El-Charkiyé,,Nabatiyeh,Nabatiyeh
1075,1075,Zaoutar El-Gharbiyé,,Nabatiyeh,Nabatiyeh
1076,1076,Zebdine,زبدين,Nabatiyeh,Nabatiyeh
1077,1077,Zefta,زفتا,Nabatiyeh,Nabatiyeh
1078,1078,Abdilli,عبدللي,Batroun,North
1079,1079,Abrine,عبرين,Batroun,North
1080,1080,Al-Boukaïa et Dahr Abi Yaghi,,Batroun,North
1081,1081,Al-Hery,الهري,Batroun,North
1082,1082,Artiz,,Batroun,North
1083,1083,Assia,,Batroun,North
1084,1084,Basbina,,Batroun,North
1085,1085,Batroune,,Batroun,North
1086,1086,Bchaalé,بشعله,Batroun,North
1087,1087,Bechtoudar-Aoura,,Batroun,North
1088,1088,Beit Chlale,,Batroun,North
1089,1089,Beit Ksab,,Batroun,North
1090,1090,Bejdarfel,بجدرفل,Batroun,North
1091,1091,Boksmaya,بقسميا,Batroun,North
1092,1092,Chabtine,شبطين,Batroun,North
1093,1093,Chekka,شكا,Batroun,North
1094,1094,Chouma,,Batroun,North
1095,1095,Dael,داعل,Batroun,North
1096,1096,Dar Bella,,Batroun,North
1097,1097,Deir Kfifane,,Batroun,North
1098,1098,Deir Mar Youhanna Douma,,Batroun,North
1099,1099,Deir Mar Youssef Jrabta,,Batroun,North
1100,1100,Deria,دريا,Batroun,North
1101,1101,Douk,دوق,Batroun,North
1102,1102,Douma,دوما,Batroun,North
1103,1103,Eddé,اده,Batroun,North
1104,1104,Ejdabra,اجدبرا,Batroun,North
1105,1105,El-Alaly,العلالي,Batroun,North
1106,1106,El-Ftahat,,Batroun,North
1107,1107,Hadtoune,حدتون,Batroun,North
1108,1108,Hamat,حامات,Batroun,North
1109,1109,Harbouna,,Batroun,North
1110,1110,Hardine,حردين,Batroun,North
1111,1111,Helta,حلتا,Batroun,North
1112,1112,Jebla,جبلا,Batroun,North
1113,1113,Jrabta,جربتا,Batroun,North
1114,1114,Jrane,جران,Batroun,North
1115,1115,Karnaoun,,Batroun,North
1116,1116,Kfar Chleïman,كفر شليمان,Batroun,North
1117,1117,Kfar Halda,,Batroun,North
1118,1118,Kfar Hatna,,Batroun,North
1119,1119,Kfar Hay,,Batroun,North
1120,1120,Kfar Heloss,,Batroun,North
1121,1121,Kfar Obeida,كفر عبيدا,Batroun,North
1122,1122,Kfifane,كفيفان,Batroun,North
1123,1123,Kfour El-Arabi,كفور العربي,Batroun,North
1124,1124,Koubba,,Batroun,North
1125,1125,Kour,كور,Batroun,North
1126,1126,Mar Mama,مار ماما,Batroun,North
1127,1127,Masreh,,Batroun,North
1128,1128,Mehemrech,محمرش,Batroun,North
1129,1129,Mrah-El-Ziet,,Batroun,North
1130,1130,Mrah Chdid,,Batroun,North
1131,1131,Mrah el Hage,,Batroun,North
1132,1132,Nahla,نحلا,Batroun,North
1133,1133,Niha,نيحا,Batroun,North
1134,1134,Racha,راشا,Batroun,North
1135,1135,Rachana,راشانا,Batroun,North
1136,1136,Rachkida,,Batroun,North
1137,1137,Ram,رام,Batroun,North
1138,1138,Ras Nahache,راس نحاش,Batroun,North
1139,1139,Salaata,سلعاتا,Batroun,North
1140,1140,Sghar et Wata Sfarta,,Batroun,North
1141,1141,Smar Jbeil,سمار جبيل,Batroun,North
1142,1142,Sourate,,Batroun,North
1143,1143,Tannourine el Tahta,,Batroun,North
1144,1144,Tannourine Foka,,Batroun,North
1145,1145,Tehoum,تحوم,Batroun,North
1146,1146,Toula,تولا,Batroun,North
1147,1147,Wata Houb,وطى حوب,Batroun,North
1148,1148,Wejh-el-Hajar,,Batroun,North
1149,1149,Zane,زان,Batroun,North
1150,1150,Abdine,عبدين,Bcharre,North
1151,1151,Bane,بان,Bcharre,North
1152,1152,Bazoune,,Bcharre,North
1153,1153,Bcharré,,Bcharre,North
1154,1154,Beit Menzer,بيت منذر,Bcharre,North
1155,1155,Berhalioun,برحليون,Bcharre,North
1156,1156,Bikaa kafra,,Bcharre,North
1157,1157,Billa,,Bcharre,North
1158,1158,Bkarkacha,بقرقاشا,Bcharre,North
1159,1159,Blaouza,بلوزا,Bcharre,North
1160,1160,Brissat,بريسات,Bcharre,North
1161,1161,El-Dimane,الديمان,Bcharre,North
1162,1162,Hadchite,حدشيت,Bcharre,North
1163,1163,Hadeth-el-Jebbé,,Bcharre,North
1164,1164,Hasroune,حصرون,Bcharre,North
1165,1165,Knaiouer,قنيور,Bcharre,North
1166,1166,Knate,قنات,Bcharre,North
1167,1167,Mazraet-Beni-Saab,,Bcharre,North
1168,1168,Mazraet Assaf,مزرعة عساف,Bcharre,North
1169,1169,Mchaa Ej Jobbé,,Bcharre,North
1170,1170,Mugher-el-Ahwel,,Bcharre,North
1171,1171,Tourza,طورزا,Bcharre,North
1172,1172,Wadi-kannoubine,,Bcharre,North
1173,1173,Aba,عابا,Koura,North
1174,1174,Afsdik,عفصديق,Koura,North
1175,1175,Aïn Akrine,عين عكرين,Koura,North
1176,1176,Al-Boukaia,,Koura,North
1177,1177,Al-Hraïché,,Koura,North
1178,1178,Amioune,,Koura,North
1179,1179,Badbhoun,بدبهون,Koura,North
1180,1180,Bargoune,برغون,Koura,North
1181,1181,Barsa,برسا,Koura,North
1182,1182,Bdebba,بدبا,Koura,North
1183,1183,Bechmezzine,بشمزين,Koura,North
1184,1184,Bednayel,بدنايل,Koura,North
1185,1185,Beitroumine,,Koura,North
1186,1186,Belmand,,Koura,North
1187,1187,Bhabbouche,بحبوش,Koura,North
1188,1188,Bkeftine,بكفتين,Koura,North
1189,1189,Bnehrane,بنهران,Koura,North
1190,1190,Bsarma,بصرما,Koura,North
1191,1191,Btaaboura,,Koura,North
1192,1192,Bterram,بطرام,Koura,North
1193,1193,Btouratige,بتوراتيج,Koura,North
1194,1194,Bziza,بزيزا,Koura,North
1195,1195,Dar Bechtar,,Koura,North
1196,1196,Dar Chmezzine,دار شمزين,Koura,North
1197,1197,Déddé,دده,Koura,North
1198,1198,Ejdabrine,,Koura,North
1199,1199,En-Nakhlé,النخله,Koura,North
1200,1200,Enfeh,انفه,Koura,North
1201,1201,Fih,,Koura,North
1202,1202,Kaftoune,كفتون,Koura,North
1203,1203,Kefraya,كفريا,Koura,North
1204,1204,Kelhate,قلحات,Koura,North
1205,1205,Kfar Akka,,Koura,North
1206,1206,Kfar Hatta,,Koura,North
1207,1207,Kfar Hazir,كفر حزير,Koura,North
1208,1208,Kfar Kahel,,Koura,North
1209,1209,Kfar Saroun,,Koura,North
1210,1210,Kousba,كوسبا,Koura,North
1211,1211,Majdel,,Koura,North
1212,1212,Metrite,متريت,Koura,North
1213,1213,Ras Maska,,Koura,North
1214,1214,Rechdebbine,رشدبين,Koura,North
1215,1215,Zakroune,زكرون,Koura,North
1216,1216,Zghorta el-Métaoulé,,Koura,North
1217,1217,Aassaymout,,Minieh-Danieh,North
1218,1218,Aïn-El-Tiné,عين التينة,Minieh-Danieh,North
1219,1219,Al-Beddaoui,البداوي,Minieh-Danieh,North
1220,1220,Al-Minieh,,Minieh-Danieh,North
1221,1221,Al-Sfiré,السفري,Minieh-Danieh,North
1222,1222,Assoun,عاصون,Minieh-Danieh,North
1223,1223,Azka,,Minieh-Danieh,North
1224,1224,Bakhoune,,Minieh-Danieh,North
1225,1225,Bchnnata,,Minieh-Danieh,North
1226,1226,Bechhara,,Minieh-Danieh,North
1227,1227,Behweité,,Minieh-Danieh,North
1228,1228,Beit-El-Faks,,Minieh-Danieh,North
1229,1229,Beit Haouik,بيت حاويك,Minieh-Danieh,North
1230,1230,Beit Zaoud,,Minieh-Danieh,North
1231,1231,Bkaa Safrine,بقاع صفرين,Minieh-Danieh,North
1232,1232,Bkarsouna,,Minieh-Danieh,North
1233,1233,Borge-El-Yahoudié,,Minieh-Danieh,North
1234,1234,Btehline,,Minieh-Danieh,North
1235,1235,Btermaz,بطرماز,Minieh-Danieh,North
1236,1236,Debaael,دبعال,Minieh-Danieh,North
1237,1237,Deir Nebouh,دير نبوح,Minieh-Danieh,North
1238,1238,Deir Omar,دير عمار,Minieh-Danieh,North
1239,1239,El-Hazmieh,الحازميه,Minieh-Danieh,North
1240,1240,El-Watié et Harf Siad,,Minieh-Danieh,North
1241,1241,Haql el Aazimé,,Minieh-Danieh,North
1242,1242,Hawara,حوارة,Minieh-Danieh,North
1243,1243,Izal,ايزال,Minieh-Danieh,North
1244,1244,Jarjoura,,Minieh-Danieh,North
1245,1245,Jaroun,,Minieh-Danieh,North
1246,1246,Kahf-El-Malloul,,Minieh-Danieh,North
1247,1247,Karseita,قرصيتا,Minieh-Danieh,North
1248,1248,Kattiné,,Minieh-Danieh,North
1249,1249,Kfar Bibnine,,Minieh-Danieh,North
1250,1250,Kfar Chlane,كفر شلان,Minieh-Danieh,North
1251,1251,Kfar Habou,كفر حبو,Minieh-Danieh,North
1252,1252,Kharnoub,,Minieh-Danieh,North
1253,1253,litige,,Minieh-Danieh,North
1254,1254,Markabta,مركبتا,Minieh-Danieh,North
1255,1255,Mazraat Ketrane,,Minieh-Danieh,North
1256,1256,Mazraet-El-Kreine,,Minieh-Danieh,North
1257,1257,Mazraet El-Krême,,Minieh-Danieh,North
1258,1258,Mrabine,,Minieh-Danieh,North
1259,1259,Mrah-El-Sfiré,,Minieh-Danieh,North
1260,1260,Mrah-el-Sreige,,Minieh-Danieh,North
1261,1261,Nabi Youcheaa,,Minieh-Danieh,North
1262,1262,Nemrine et Bakoura,,Minieh-Danieh,North
1263,1263,Omar,,Minieh-Danieh,North
1264,1264,Qarhaiya,,Minieh-Danieh,North
1265,1265,Qemmamine,,Minieh-Danieh,North
1266,1266,Qraine,,Minieh-Danieh,North
1267,1267,Sir,سير,Minieh-Danieh,North
1268,1268,Tarane,طاران,Minieh-Danieh,North
1269,1269,Tourbol,,Minieh-Danieh,North
1270,1270,Zaghrteghrine,زغرتغرين,Minieh-Danieh,North
1271,1271,Zouk Bhanine,,Minieh-Danieh,North
1272,1272,Al-Kalmoune,القلمون,Tripoli,North
1273,1273,Al-Mina Jardins,,Tripoli,North
1274,1274,Al-Mina No1,,Tripoli,North
1275,1275,Al-Mina No2,,Tripoli,North
1276,1276,Al-Mina No3,,Tripoli,North
1277,1277,Tripoli Al-Hadid,,Tripoli,North
1278,1278,Tripoli Al-Kobbé,,Tripoli,North
1279,1279,Tripoli Al-Mouhaitra,,Tripoli,North
1280,1280,Tripoli Al-Nouri,,Tripoli,North
1281,1281,Tripoli Al-Rmmanieh,,Tripoli,North
1282,1282,Tripoli Al-Souéka,,Tripoli,North
1283,1283,Tripoli Al-Tabbaneh,,Tripoli,North
1284,1284,Tripoli Al-Tal,,Tripoli,North
1285,1285,Tripoli Al-Zehrieh,,Tripoli,North
1286,1286,Tripoli Al Haddadin,,Tripoli,North
1287,1287,Tripoli Jardins,,Tripoli,North
1288,1288,Tripoli Zeitoun,,Tripoli,North
1289,1289,Aadoua,,Zgharta,North
1290,1290,Acheiche,,Zgharta,North
1291,1291,Aïntourine,عينطورين,Zgharta,North
1292,1292,Aïto,ايطو,Zgharta,North
1293,1293,Al-Harik,,Zgharta,North
1294,1294,Al-Jdeidé,الجديده,Zgharta,North
1295,1295,Al-Khaldyé,,Zgharta,North
1296,1296,Alma,علما,Zgharta,North
1297,1297,Arbet Koshaya,,Zgharta,North
1298,1298,Ardate,,Zgharta,North
1299,1299,Ardé,ارده,Zgharta,North
1300,1300,Argesse,عرجس,Zgharta,North
1301,1301,Asnoune,اصنون,Zgharta,North
1302,1302,Basloukite,,Zgharta,North
1303,1303,Bchenine,بشنين,Zgharta,North
1304,1304,Benachée,,Zgharta,North
1305,1305,Boucite,بوسيط,Zgharta,North
1306,1306,Bouhairet Toula,,Zgharta,North
1307,1307,Bsebhil,,Zgharta,North
1308,1308,Danhi,,Zgharta,North
1309,1309,Daraya,داريا,Zgharta,North
1310,1310,Ehden,,Zgharta,North
1311,1311,Ejbeh,,Zgharta,North
1312,1312,El-Tellé,التل,Zgharta,North
1313,1313,Halane,,Zgharta,North
1314,1314,Iâl,,Zgharta,North
1315,1315,Karabeiche,,Zgharta,North
1316,1316,Karm Saddé,كرم سده,Zgharta,North
1317,1317,Kefraya,كفريا,Zgharta,North
1318,1318,Kfar Chakna,,Zgharta,North
1319,1319,Kfar Dalakoss,,Zgharta,North
1320,1320,Kfar Haoura,كفر حورا,Zgharta,North
1321,1321,Kfar hata,,Zgharta,North
1322,1322,Kfar Yachite,,Zgharta,North
1323,1323,Kfar Zeina,كفر زينا,Zgharta,North
1324,1324,Kfarfou,كفرفو,Zgharta,North
1325,1325,Kfarsghab,,Zgharta,North
1326,1326,Mazraat Ejbeh,,Zgharta,North
1327,1327,Mazraat el Teffah,,Zgharta,North
1328,1328,Mazraat Jneide,,Zgharta,North
1329,1329,Mazraet Hreikess,,Zgharta,North
1330,1330,Mejdlaya,مجدلايا,Zgharta,North
1331,1331,Merh Kfarsghabe,,Zgharta,North
1332,1332,Mériata,,Zgharta,North
1333,1333,Miziara,مزيارة,Zgharta,North
1334,1334,n.a. (1),,Zgharta,North
1335,1335,Rachehine,,Zgharta,North
1336,1336,Raskifa,راسكيفا,Zgharta,North
1337,1337,Sakhra,,Zgharta,North
1338,1338,Sebhel,,Zgharta,North
1339,1339,Serhel,,Zgharta,North
1340,1340,Toula,تولا,Zgharta,North
1341,1341,Zghorta,,Zgharta,North
1342,1342,Aïchiyé,,Jezzine,South
1343,1343,Aïn el-Mir,عين المير,Jezzine,South
1344,1344,Akmata,,Jezzine,South
1345,1345,Anane,انان,Jezzine,South
1346,1346,Aramté,الرامة,Jezzine,South
1347,1347,Ariya,,Jezzine,South
1348,1348,Arkoub (Mazraat),,Jezzine,South
1349,1349,Azour,عازور,Jezzine,South
1350,1350,Baba,,Jezzine,South
1351,1351,Baissour,بيصور,Jezzine,South
1352,1352,Benwati,بنواتي,Jezzine,South
1353,1353,Bhanine,بحنين,Jezzine,South
1354,1354,Bisri,بسري,Jezzine,South
1355,1355,Bkessine,بكاسين,Jezzine,South
1356,1356,Bouslaya,بصليا,Jezzine,South
1357,1357,Bteddine El-Lekche,بتدين اللقش,Jezzine,South
1358,1358,Chabil,,Jezzine,South
1359,1359,Chawalik,شواليق,Jezzine,South
1360,1360,Djezzine,جزين,Jezzine,South
1361,1361,El-Demachkiyeh,,Jezzine,South
1362,1362,El-Ghabbatieh,الغباطيه,Jezzine,South
1363,1363,El-Harf,الحرف,Jezzine,South
1364,1364,El-Homsiyé,,Jezzine,South
1365,1365,El-Jarmak,الجرمق,Jezzine,South
1366,1366,El-Kabeh,,Jezzine,South
1367,1367,El-Louaizé,اللويزه,Jezzine,South
1368,1368,El-Mahmoudiyeh,,Jezzine,South
1369,1369,El-Maknouniyé,المكنونيه,Jezzine,South
1370,1370,El-Mharbiyé,المحاربيه,Jezzine,South
1371,1371,El-Midan,الميدان,Jezzine,South
1372,1372,El-Rahbane,,Jezzine,South
1373,1373,El-Remmané,عين الرمانة,Jezzine,South
1374,1374,El-Rihane,,Jezzine,South
1375,1375,El-Wadié,,Jezzine,South
1376,1376,El-Zeghrine,الزغرين,Jezzine,South
1377,1377,Haïdab,,Jezzine,South
1378,1378,Haitoulé,,Jezzine,South
1379,1379,Haïtoura,,Jezzine,South
1380,1380,Hassaniyé,,Jezzine,South
1381,1381,Jabal Toura,,Jezzine,South
1382,1382,Jensnaya,جنسنايا,Jezzine,South
1383,1383,Kafr-Falouce,كفرفالوس,Jezzine,South
1384,1384,Kafr-Jarra,,Jezzine,South
1385,1385,Kaïtoulé,قيتولي,Jezzine,South
1386,1386,Karkha,كرخا,Jezzine,South
1387,1387,Katrani,,Jezzine,South
1388,1388,Kattine,,Jezzine,South
1389,1389,Kefer-Houné,كفرحونه,Jezzine,South
1390,1390,Khellet Khazen,,Jezzine,South
1391,1391,Krouh,,Jezzine,South
1392,1392,Lebaa,,Jezzine,South
1393,1393,litige,,Jezzine,South
1394,1394,Machmouché,مشموشه,Jezzine,South
1395,1395,Mazraat Dahr el-Deir,,Jezzine,South
1396,1396,Mazraat Daraya,,Jezzine,South
1397,1397,Mazraat el-Mathané,مزرعة المطحنة,Jezzine,South
1398,1398,Mazraat El Ouazaaiyé,,Jezzine,South
1399,1399,Mazraat Louzid (Louayziyé),,Jezzine,South
1400,1400,Mjaïdel,مجيدل,Jezzine,South
1401,1401,Mlikh,مليخ,Jezzine,South
1402,1402,Mrah-el-Hbasse,,Jezzine,South
1403,1403,Rimate,,Jezzine,South
1404,1404,Roum,روم,Jezzine,South
1405,1405,Sabbah,صباح,Jezzine,South
1406,1406,Saïdoune,صيدون,Jezzine,South
1407,1407,Sfarai,,Jezzine,South
1408,1408,Sniyé,سنيه,Jezzine,South
1409,1409,Soujoud,سجد,Jezzine,South
1410,1410,Srayri,,Jezzine,South
1411,1411,Taïd,تعيد,Jezzine,South
1412,1412,Tamra,,Jezzine,South
1413,1413,Wadi Baankoudine,وادي بعنقودين,Jezzine,South
1414,1414,Wadi Djezzine,وادي جزين,Jezzine,South
1415,1415,Wadi Laimoune,,Jezzine,South
1416,1416,Zhalta,,Jezzine,South
1417,1417,Jernaya,جرنايا,Nabatiyeh,South
1418,1418,Abra,عبرا,Saida,South
1419,1419,Addoussiat,,Saida,South
1420,1420,Adloun,عدلون,Saida,South
1421,1421,Aïn-el-Dib,,Saida,South
1422,1422,Aktanite,عقتنيت,Saida,South
1423,1423,Ankoune,عنقون,Saida,South
1424,1424,Ansariyé,انصاريه,Saida,South
1425,1425,Arab-el-Jal,,Saida,South
1426,1426,Arab Soukar,,Saida,South
1427,1427,Arab Tabbaya,,Saida,South
1428,1428,Arké,اركي,Saida,South
1429,1429,Arzey,ارزي,Saida,South
1430,1430,Babliyé,البابلية,Saida,South
1431,1431,Berti,برتي,Saida,South
1432,1432,Bissariat,,Saida,South
1433,1433,Bnaafoul,بنعفول,Saida,South
1434,1434,Bqosta,,Saida,South
1435,1435,Bramiat,,Saida,South
1436,1436,Daoudiyé,,Saida,South
1437,1437,Darbessim,,Saida,South
1438,1438,Deir Takla,الفياضية,Saida,South
1439,1439,El-Hajjé,,Saida,South
1440,1440,El-Husseiniyé,,Saida,South
1441,1441,El-Kharayeb,,Saida,South
1442,1442,El-Merwaniyé,,Saida,South
1443,1443,El-Mhammariyé,,Saida,South
1444,1444,El-Zrariyé,الزرارية,Saida,South
1445,1445,El Hartiyé,,Saida,South
1446,1446,Ghassaniyé,,Saida,South
1447,1447,Ghazyat,,Saida,South
1448,1448,Haret Saïda,,Saida,South
1449,1449,Helaliat,,Saida,South
1450,1450,Jaziré,,Saida,South
1451,1451,Kaakiet El-Senaoubar,,Saida,South
1452,1452,Kanarite,قناريت,Saida,South
1453,1453,Kaoutarite El-Riz,,Saida,South
1454,1454,Kaoutarite El-Siyad,,Saida,South
1455,1455,Kefraya,كفريا,Saida,South
1456,1456,Kfar-Bite,كفربيت,Saida,South
1457,1457,Kfar-Challal,كفرشلال,Saida,South
1458,1458,Kfar Badda,,Saida,South
1459,1459,Kfar Hatta,,Saida,South
1460,1460,Kfar Melki,,Saida,South
1461,1461,Khartoum,خرطوم,Saida,South
1462,1462,Khazize,خزيز,Saida,South
1463,1463,Kherbet Bassal,,Saida,South
1464,1464,Kherbet El-Douair,,Saida,South
1465,1465,Krayé,,Saida,South
1466,1466,Loubié,,Saida,South
1467,1467,Maghdouché,مغدوشه,Saida,South
1468,1468,Majdalioun,مجدليون,Saida,South
1469,1469,Matriet El-Choumar,,Saida,South
1470,1470,Mazraat El-Wasta,,Saida,South
1471,1471,Mazraat Jimjim,,Saida,South
1472,1472,Mazraet Matarite Jebah,,Saida,South
1473,1473,Miemié,,Saida,South
1474,1474,Mohaidalé,,Saida,South
1475,1475,Msaileh,,Saida,South
1476,1476,Nadjariat,,Saida,South
1477,1477,Saïda Dekerman,,Saida,South
1478,1478,Saïda Ville,,Saida,South
1479,1479,Saïda Wastani,,Saida,South
1480,1480,Saksakiat,,Saida,South
1481,1481,Salhiat,,Saida,South
1482,1482,Samiate,,Saida,South
1483,1483,Sarafend,,Saida,South
1484,1484,Sari,,Saida,South
1485,1485,Sfenté,,Saida,South
1486,1486,Snaiber,,Saida,South
1487,1487,Tanbourite,طنبوريت,Saida,South
1488,1488,Teffehta,تفاحتا,Saida,South
1489,1489,Tibna,,Saida,South
1490,1490,Yahoudiat,,Saida,South
1491,1491,Zaghdraya,زغدرايا,Saida,South
1492,1492,Zeita,زيتا,Saida,South
1493,1493,Aaiyé,,Sour,South
1494,1494,Abbassyat,عباسية,Sour,South
1495,1495,Abou Chech,,Sour,South
1496,1496,Aïn Abou Abdallah,,Sour,South
1497,1497,Aïn Baal,عين بعال,Sour,South
1498,1498,Aïtite,عيتيت,Sour,South
1499,1499,Alma Chaab,علما الشعب,Sour,South
1500,1500,Arzoune,ارزون,Sour,South
1501,1501,Bafliyé,بافليه,Sour,South
1502,1502,Batouliyat,باتولية,Sour,South
1503,1503,Bazouriat,,Sour,South
1504,1504,Beiriche,,Sour,South
1505,1505,Bestiace,,Sour,South
1506,1506,Bidias,بدياس,Sour,South
1507,1507,Bordje Rahhal,برج رحال,Sour,South
1508,1508,Borge El-Chémali,برج الشمالي,Sour,South
1509,1509,Boustane,,Sour,South
1510,1510,Btaychiyé,,Sour,South
1511,1511,Chameh,,Sour,South
1512,1512,Chehour,شحور,Sour,South
1513,1513,Cheïetiyé,,Sour,South
1514,1514,Chihine,شيحين,Sour,South
1515,1515,Debhalé,,Sour,South
1516,1516,Deir Amess,دير عامص,Sour,South
1517,1517,Deir Kanoun El-Nahr,دير قانون النهر,Sour,South
1518,1518,Deir Kanoun Ras El Aïn,,Sour,South
1519,1519,Deir Kifa,دير كيفا,Sour,South
1520,1520,Derdaghaya,دردغيا,Sour,South
1521,1521,El-Biyad,البياض,Sour,South
1522,1522,El-Héloussiyé,,Sour,South
1523,1523,El-Henniyé,الحنية,Sour,South
1524,1524,El-Kleilé,,Sour,South
1525,1525,El-Mansouri,المنصوري,Sour,South
1526,1526,El Jbine,,Sour,South
1527,1527,Eskandaroun,,Sour,South
1528,1528,Hamoul,,Sour,South
1529,1529,Hanawé,,Sour,South
1530,1530,Hmairé,حميره,Sour,South
1531,1531,Izzié,عزه,Sour,South
1532,1532,Jebel-El-Batm,,Sour,South
1533,1533,Jejime,,Sour,South
1534,1534,Jennata,جنتا,Sour,South
1535,1535,Jouaya,جويا,Sour,South
1536,1536,Kana,قانا,Sour,South
1537,1537,Kneissé,,Sour,South
1538,1538,Mâaraké,,Sour,South
1539,1539,Mahaïlib,,Sour,South
1540,1540,Mahroub,,Sour,South
1541,1541,Majdalzoun,مجدلزون,Sour,South
1542,1542,Marouhine,مروحين,Sour,South
1543,1543,Mazraat Dhaira,,Sour,South
1544,1544,Mazraat Ez-Zalloutieh,,Sour,South
1545,1545,Mazraat Mechref,مزرعة مشرف,Sour,South
1546,1546,Mazraat Torsemhat,,Sour,South
1547,1547,Mjadel,مجادل,Sour,South
1548,1548,Nakoura,,Sour,South
1549,1549,Neffahiyé,,Sour,South
1550,1550,Niha,نيحا,Sour,South
1551,1551,Ouadi Djilou,,Sour,South
1552,1552,Rafid-el-Mernaba,,Sour,South
1553,1553,Recheknaniyeh,رشكنانيه,Sour,South
1554,1554,Remadiyeh,,Sour,South
1555,1555,Saddikine,صديقين,Sour,South
1556,1556,Salha,,Sour,South
1557,1557,Sour (Tyr),صور,Sour,South
1558,1558,Srifa,صريفا,Sour,South
1559,1559,Taïr-Dabba,,Sour,South
1560,1560,Tair Harf,,Sour,South
1561,1561,Tairzibna,,Sour,South
1562,1562,Touaire,,Sour,South
1563,1563,Toura,طورا,Sour,South
1564,1564,Trafelsiyé,,Sour,South
1565,1565,Yanouh,يانوح,Sour,South
1566,1566,Yarine,يارين,Sour,South
1567,1567,Zebkine,زبقين,Sour,South
