,English Name,Arabic Name,Column2,Column3
0,Aaouainat,,Akkar,Akkar
1,Aidamoun shikhlar,,Akkar,Akkar
2,Aïn-Yacoub,,Akkar,Akkar
3,Aïn El-Zeit,عين الزيت,Akkar,Akkar
4,Aïn Tanta,عين تنتا,Akkar,Akkar
5,Akkar El-Atika,,Akkar,Akkar
6,Akroum,اكروم,Akkar,Akkar
7,Al-Abboudié,العبده,Akkar,Akkar
8,Al-Amara,,Akkar,Akkar
9,Al-Hissa,,Akkar,Akkar
10,Al-Jédidé,,Akkar,Akkar
11,Al-Kharnoubé,الخرنوب,Akkar,Akkar
12,Al-Khraibé,الخريبه,Akkar,Akkar
13,Al-Khraibé (Kousha),,Akkar,Akkar
14,Al-Kleiat,,Akkar,Akkar
15,Al-Kneissé,الكنيسه,Akkar,Akkar
16,Al-Massoudié,,Akkar,Akkar
17,Al-Mehamra,المحمرة,Akkar,Akkar
18,Al-Moukaiteh,,Akkar,Akkar
19,Al-Mouzeihmé,,Akkar,Akkar
20,Al-Rihanié,الريحان,Akkar,Akkar
21,Al-Roumoul,,Akkar,Akkar
22,Al-Sammounié,,Akkar,Akkar
23,Al-Semmakié,,Akkar,Akkar
24,Al-Semmakli,,Akkar,Akkar
25,Al-Souaissé,,Akkar,Akkar
26,Al-Zoureiribe,,Akkar,Akkar
27,Al Moghrak,,Akkar,Akkar
28,Andeket,عندقت,Akkar,Akkar
29,Arida,,Akkar,Akkar
30,Arka,عرقا,Akkar,Akkar
31,Barbara,,Akkar,Akkar
32,Barcha,,Akkar,Akkar
33,Bazbina,بزبينا,Akkar,Akkar
34,Bebnine,ببنين,Akkar,Akkar
35,Beino,بينو,Akkar,Akkar
36,Beit-El-Haouche,,Akkar,Akkar
37,Beit-Ghattas,,Akkar,Akkar
38,Beit Ayoub,,Akkar,Akkar
39,Beit Mallat,بيت ملات,Akkar,Akkar
40,Beit Younes,بيت يونس,Akkar,Akkar
41,Berkayel,برقايل,Akkar,Akkar
42,Bkarzala,بقرزلا,Akkar,Akkar
43,Bzal,بزال,Akkar,Akkar
44,Chakdouf,,Akkar,Akkar
45,Chane,شان,Akkar,Akkar
46,Charbila,شربيلا,Akkar,Akkar
47,Cheikh Mohamed,,Akkar,Akkar
48,Cheikh Taba Montagne,,Akkar,Akkar
49,Cheikh Taba Plaine,,Akkar,Akkar
50,Cheikh Zennad Tal Bibé,,Akkar,Akkar
51,Cheir Homeirine,,Akkar,Akkar
52,Chikhlar,شيخلار,Akkar,Akkar
53,Dabbabiyé Charkié,,Akkar,Akkar
54,Dahr-Leyciné,,Akkar,Akkar
55,Dahr el-Kneissé,,Akkar,Akkar
56,Dahr Haddara,,Akkar,Akkar
57,Danbou,,Akkar,Akkar
58,Daoucé et Baghdadi,,Akkar,Akkar
59,Daoura,,Akkar,Akkar
60,Dayret Nahr El-Kébir,,Akkar,Akkar
61,Deir-Daloum,,Akkar,Akkar
62,Deir-Janine,,Akkar,Akkar
63,Deirine,,Akkar,Akkar
64,Denké et El-Amriyeh,,Akkar,Akkar
65,Douair Adouiyé,دوير عدويه,Akkar,Akkar
66,Edbel,عدبل,Akkar,Akkar
67,El-Armeh,,Akkar,Akkar
68,El-Bardé,,Akkar,Akkar
69,El-Biré,البيره,Akkar,Akkar
70,El-Borge,البرج,Akkar,Akkar
71,El-Daghlé,الدغلي,Akkar,Akkar
72,El-Ghozaili,,Akkar,Akkar
73,El-Haouchab,,Akkar,Akkar
74,El-Hed,الهد,Akkar,Akkar
75,El-Houaïche,الحوش,Akkar,Akkar
76,El-Kantara,,Akkar,Akkar
77,El-Karkaf,القرقف,Akkar,Akkar
78,El-Kneissé,,Akkar,Akkar
79,El-Korné,,Akkar,Akkar
80,El-Kouachra,,Akkar,Akkar
81,El-Koubayet,القبيات,Akkar,Akkar
82,El-Kousseir,القصير,Akkar,Akkar
83,El-Krayat,القريات,Akkar,Akkar
84,El-Msallé,,Akkar,Akkar
85,El-Nfeicé,,Akkar,Akkar
86,El-Tleil,التليل,Akkar,Akkar
87,ElAyoune,العين,Akkar,Akkar
88,Eyoune-El-Ghouzlane,,Akkar,Akkar
89,Fneidek,فنيدق,Akkar,Akkar
90,Freidice,فريديس,Akkar,Akkar
91,Fseikine et Aïn Achma,,Akkar,Akkar
92,Habchite,حبشيت,Akkar,Akkar
93,Halba,حلبا,Akkar,Akkar
94,Harare,حرار,Akkar,Akkar
95,Haytla,هيتلا,Akkar,Akkar
96,Hayzouk,حيزوق,Akkar,Akkar
97,Hekr el Dahiri,,Akkar,Akkar
98,Hmais,حميص,Akkar,Akkar
99,Hnaïder,حنيدر,Akkar,Akkar
100,Homeira,,Akkar,Akkar
101,Iate,,Akkar,Akkar
102,Ilate,ايلات,Akkar,Akkar
103,Janine,,Akkar,Akkar
104,Jebrâil,جبرايل,Akkar,Akkar
105,Jedeidet-El-Kayteh,,Akkar,Akkar
106,Jouret Srar,,Akkar,Akkar
107,Kaabarine,,Akkar,Akkar
108,Kachlak,قشلق,Akkar,Akkar
109,Kafr Malka,,Akkar,Akkar
110,Karem-Asfour-El-Nahrieh,,Akkar,Akkar
111,Katté,,Akkar,Akkar
112,Kboula,قبولا,Akkar,Akkar
113,Kefr El-Ftouh,كفر الفتوح,Akkar,Akkar
114,Kfar Harra,,Akkar,Akkar
115,Kfarnoune,كفرنون,Akkar,Akkar
116,Kfartun,كفرتون,Akkar,Akkar
117,Khalsa,,Akkar,Akkar
118,Kherbet Char,خربة شار,Akkar,Akkar
119,Kherbet Daoud,,Akkar,Akkar
120,Khirbet Er Remmane,,Akkar,Akkar
121,Khreibet Aakkar,,Akkar,Akkar
122,Kloud El-Bakia,قلود الباقية,Akkar,Akkar
123,Kobbet Bchamra,قبة بشمرا,Akkar,Akkar
124,Koueikhat,كويخات,Akkar,Akkar
125,Kroum Arabe,كروم عرب,Akkar,Akkar
126,litige,,Akkar,Akkar
127,Machha,مشحا,Akkar,Akkar
128,Machta Hammoud,مشتى حمود,Akkar,Akkar
129,Machta Hassan,مشتى حسن,Akkar,Akkar
130,Majdel,,Akkar,Akkar
131,Majdla,مجدلا,Akkar,Akkar
132,Mar Touma,مار توما,Akkar,Akkar
133,Mazraat Baldé,مزرعة بلده,Akkar,Akkar
134,Mazraet-El-Nahrieh,,Akkar,Akkar
135,Mechaïlha Hakour,,Akkar,Akkar
136,Merlayet Melhem,,Akkar,Akkar
137,Michmiche,,Akkar,Akkar
138,Mimnih,,Akkar,Akkar
139,Minyara,,Akkar,Akkar
140,Mounjez,منجز,Akkar,Akkar
141,Mqaibleh,,Akkar,Akkar
142,Noura El-Faouka et Tahta,,Akkar,Akkar
143,Omar el-Beikate,عمار البيكات,Akkar,Akkar
144,Ouadi El-Jamous,,Akkar,Akkar
145,Ouadi Khaled,,Akkar,Akkar
146,Qabbait,قبعيت,Akkar,Akkar
147,Qarha,,Akkar,Akkar
148,Rahbé,رحبه,Akkar,Akkar
149,Rmah,رماح,Akkar,Akkar
150,Saadine,سعدين,Akkar,Akkar
151,Sadaka,,Akkar,Akkar
152,Safiné-El-Kayteh,,Akkar,Akkar
153,Saïdnaya,,Akkar,Akkar
154,Saïssouk,سيسوق,Akkar,Akkar
155,Sfeinite El-Dreibe,سفينة الدريب,Akkar,Akkar
156,Shadra,,Akkar,Akkar
157,Sindianet Zeidan,,Akkar,Akkar
158,Srar,سرار,Akkar,Akkar
159,Tal Abbas El-Charkié,,Akkar,Akkar
160,Tal Abbas El-gharbié,,Akkar,Akkar
161,Tal Biré,,Akkar,Akkar
162,Tal Homeira,,Akkar,Akkar
163,Tal Kerri,,Akkar,Akkar
164,Tal Sibhel,,Akkar,Akkar
165,Tellé et Chattaha,,Akkar,Akkar
166,Tikrite,تكريت,Akkar,Akkar
167,Tshea,,Akkar,Akkar
168,Wadi el-Haour,وادي الحور,Akkar,Akkar
169,Zouk-El-Habalça,,Akkar,Akkar
170,Zouk-El-Hosmieh et Dahr Ayasse,,Akkar,Akkar
171,Zouk el Moukachérine,,Akkar,Akkar
172,Al-Rihanié,,Minieh-Danieh,Akkar
173,Addous,,Baalbeck,Baalbak - Hermel
174,Aïn Bourday,,Baalbeck,Baalbak - Hermel
175,Aïn El-Beniyé,,Baalbeck,Baalbak - Hermel
176,Aïn El-Jaouzé,,Baalbeck,Baalbak - Hermel
177,Aïn Séa et Chadourah,,Baalbeck,Baalbak - Hermel
178,Aïnata,,Baalbeck,Baalbak - Hermel
179,Al-Aïne,,Baalbeck,Baalbak - Hermel
180,Al-Fakiat,,Baalbeck,Baalbak - Hermel
181,Al-Khodré,,Baalbeck,Baalbak - Hermel
182,Al-Labouat,,Baalbeck,Baalbak - Hermel
183,Al-Nabi Chite,,Baalbeck,Baalbak - Hermel
184,Al-Nabi Osman,,Baalbeck,Baalbak - Hermel
185,Al-Qa Bayoun,,Baalbeck,Baalbak - Hermel
186,Al-Qa El-Benjakie,,Baalbeck,Baalbak - Hermel
187,Al-Qa Jouar Mekie,,Baalbeck,Baalbak - Hermel
188,Al-Qa Wadi El-Khanzir,,Baalbeck,Baalbak - Hermel
189,Al-Saïdat,,Baalbeck,Baalbak - Hermel
190,Al-Taybat,,Baalbeck,Baalbak - Hermel
191,Arsale,,Baalbeck,Baalbak - Hermel
192,Baalbek,,Baalbeck,Baalbak - Hermel
193,Bachwat,,Baalbeck,Baalbak - Hermel
194,Bait Chama,,Baalbeck,Baalbak - Hermel
195,Barka,,Baalbeck,Baalbak - Hermel
196,Bednayel,,Baalbeck,Baalbak - Hermel
197,Bouday,,Baalbeck,Baalbak - Hermel
198,Brital,,Baalbeck,Baalbak - Hermel
199,Btédy,,Baalbeck,Baalbak - Hermel
200,Chaat,,Baalbeck,Baalbak - Hermel
201,Chaïbé,,Baalbeck,Baalbak - Hermel
202,Chemistar,,Baalbeck,Baalbak - Hermel
203,Chlifa,شليفا,Baalbeck,Baalbak - Hermel
204,Conflict,,Baalbeck,Baalbak - Hermel
205,Couvent St Maron,,Baalbeck,Baalbak - Hermel
206,Dair El-Ahmar,دير الاحمر,Baalbeck,Baalbak - Hermel
207,Dar El-Ouassia,,Baalbeck,Baalbak - Hermel
208,Douress,,Baalbeck,Baalbak - Hermel
209,El-Ram,الرام,Baalbeck,Baalbak - Hermel
210,Haddet,,Baalbeck,Baalbak - Hermel
211,Ham,حام,Baalbeck,Baalbak - Hermel
212,Haouch el Nabi,,Baalbeck,Baalbak - Hermel
213,Haouche Al-Sonaid,,Baalbeck,Baalbak - Hermel
214,Haouche Barada,حوش بردى,Baalbeck,Baalbak - Hermel
215,Haouche El-Dahab,,Baalbeck,Baalbak - Hermel
216,Haouche el-Rafika,,Baalbeck,Baalbak - Hermel
217,Haouche El-Tal Safyat,,Baalbeck,Baalbak - Hermel
218,Harbta,حربتا,Baalbeck,Baalbak - Hermel
219,Hizzine,حزين,Baalbeck,Baalbak - Hermel
220,Hourtala,,Baalbeck,Baalbak - Hermel
221,Jabba,,Baalbeck,Baalbak - Hermel
222,Jaboulé et Al-Bijage,,Baalbeck,Baalbak - Hermel
223,Jenta,,Baalbeck,Baalbak - Hermel
224,Karha,قرحا,Baalbeck,Baalbak - Hermel
225,Kfar Dabache,,Baalbeck,Baalbak - Hermel
226,Kfardan,كفردان,Baalbeck,Baalbak - Hermel
227,Khreibé,,Baalbeck,Baalbak - Hermel
228,Knaissat,,Baalbeck,Baalbak - Hermel
229,Ksarnaba,قصرنبا,Baalbeck,Baalbak - Hermel
230,litige,,Baalbeck,Baalbak - Hermel
231,Maaraboun,معربون,Baalbeck,Baalbak - Hermel
232,Majdeloun,مجدلون,Baalbeck,Baalbak - Hermel
233,Maqné,مقنه,Baalbeck,Baalbak - Hermel
234,Mazraet Beit Mcheik,,Baalbeck,Baalbak - Hermel
235,Mikrak,مقراق,Baalbeck,Baalbak - Hermel
236,Misraya,,Baalbeck,Baalbak - Hermel
237,Nabha,,Baalbeck,Baalbak - Hermel
238,Nabi Sbate,,Baalbeck,Baalbak - Hermel
239,Nahlé,نحله,Baalbeck,Baalbak - Hermel
240,Oummouchki,,Baalbeck,Baalbak - Hermel
241,Ras Baalbek El-Charki,,Baalbeck,Baalbak - Hermel
242,Ras Baalbek El-Sahl,,Baalbeck,Baalbak - Hermel
243,Riha,ريحا,Baalbeck,Baalbak - Hermel
244,Sbouba,,Baalbeck,Baalbak - Hermel
245,Serraaine El Faouka,,Baalbeck,Baalbak - Hermel
246,Serraaine El Tahta,,Baalbeck,Baalbak - Hermel
247,Slouky,,Baalbeck,Baalbak - Hermel
248,Talia,طليا,Baalbeck,Baalbak - Hermel
249,Tamnine-el-Fauqa,,Baalbeck,Baalbak - Hermel
250,Tamnine El-Tahta,تمنين التحتا,Baalbeck,Baalbak - Hermel
251,Taraya,,Baalbeck,Baalbak - Hermel
252,Tfeil,طفيل,Baalbeck,Baalbak - Hermel
253,Yahfoufa,يحفوفا,Baalbeck,Baalbak - Hermel
254,Yamouné,,Baalbeck,Baalbak - Hermel
255,Yât,,Baalbeck,Baalbak - Hermel
256,Younine,,Baalbeck,Baalbak - Hermel
257,Zaboud,زبود,Baalbeck,Baalbak - Hermel
258,Al-Kharayeb,,Hermel,Baalbak - Hermel
259,Conflict,,Hermel,Baalbak - Hermel
260,El-Méaisseri,,Hermel,Baalbak - Hermel
261,Halbata,حلبتا,Hermel,Baalbak - Hermel
262,Hermel,,Hermel,Baalbak - Hermel
263,Hermel Charbine,,Hermel,Baalbak - Hermel
264,Hermel Djebab,,Hermel,Baalbak - Hermel
265,Hermel Zighrine,,Hermel,Baalbak - Hermel
266,Michaa Mrajhiné,,Hermel,Baalbak - Hermel
267,Ouadi El-Osse,,Hermel,Baalbak - Hermel
268,Ouadi Faara,,Hermel,Baalbak - Hermel
269,Ras-Baalbek - Wadi Faara,,Hermel,Baalbak - Hermel
270,Ras Baalbek El-Gharbi,,Hermel,Baalbak - Hermel
271,Achrafieh,الاشرفية,Beirut,Beirut
272,Ain el-Mreissé,,Beirut,Beirut
273,Bachoura,الباشورة,Beirut,Beirut
274,Beirut Central District,,Beirut,Beirut
275,Mazraa,,Beirut,Beirut
276,Medawar,,Beirut,Beirut
277,Minet el-Hosn,ميناء الحصن,Beirut,Beirut
278,Moussaytbeh,,Beirut,Beirut
279,Port,,Beirut,Beirut
280,Ras Beyrouth,رأس بيروت,Beirut,Beirut
281,Remeil,الرميل,Beirut,Beirut
282,Saifé,,Beirut,Beirut
283,Zoukak el-Blatt,زقاق البلاط,Beirut,Beirut
284,Aïha,,Rachiaya,Bekaa
285,Aïn Aata,,Rachiaya,Bekaa
286,Aïn Arab,,Rachiaya,Bekaa
287,Aïn Horché,,Rachiaya,Bekaa
288,Aïta El-Fokhar,,Rachiaya,Bekaa
289,Akabé,,Rachiaya,Bekaa
290,Bakka,,Rachiaya,Bekaa
291,Bakkifa,,Rachiaya,Bekaa
292,Beit Lahia,,Rachiaya,Bekaa
293,Conflict,,Rachiaya,Bekaa
294,Dahr El-Ahmar,,Rachiaya,Bekaa
295,Deir El-Achayer,,Rachiaya,Bekaa
296,El-Biré,,Rachiaya,Bekaa
297,El-RafidE,الرفيد,Rachiaya,Bekaa
298,Haouche El-Kannabé,,Rachiaya,Bekaa
299,Héloua,,Rachiaya,Bekaa
300,Kaoukaba,كوكبا,Rachiaya,Bekaa
301,Kfar Dinès,,Rachiaya,Bekaa
302,Kfar Kouk,,Rachiaya,Bekaa
303,Kfar Mechké,,Rachiaya,Bekaa
304,Kherbet Rouha,خربة روحا,Rachiaya,Bekaa
305,litige,,Rachiaya,Bekaa
306,Majdel Balhice,,Rachiaya,Bekaa
307,Mazraet el-Selasata,,Rachiaya,Bekaa
308,Mdoukha,مدوخا,Rachiaya,Bekaa
309,Mohaïdcé,,Rachiaya,Bekaa
310,Nabi Safa,,Rachiaya,Bekaa
311,Rachaya El-Wadi,,Rachiaya,Bekaa
312,Tannoura,,Rachiaya,Bekaa
313,Yanta,ينطا,Rachiaya,Bekaa
314,Aïn-el-Tiné,عين التينة,West Bekaa,Bekaa
315,Aïn-Zebdé,,West Bekaa,Bekaa
316,Aïtanit,,West Bekaa,Bekaa
317,Al-Djeziré,,West Bekaa,Bekaa
318,Al-Istable,,West Bekaa,Bekaa
319,Al-Khiara,,West Bekaa,Bekaa
320,Al-Marje,,West Bekaa,Bekaa
321,Al-Sawiré,,West Bekaa,Bekaa
322,Al-Wakf,,West Bekaa,Bekaa
323,"Ammik et ""Jouret Ammik""",,West Bekaa,Bekaa
324,Ana,,West Bekaa,Bekaa
325,Baaloul,,West Bekaa,Bekaa
326,Bab Mareh,,West Bekaa,Bekaa
327,"Chouberkié ""Ammik""",,West Bekaa,Bekaa
328,Dair Tahmiche,,West Bekaa,Bekaa
329,Dakoué,,West Bekaa,Bekaa
330,Deir-Aïn-el-Jaouzé,,West Bekaa,Bekaa
331,El-Karaoun,,West Bekaa,Bekaa
332,Ghazzé,غزه,West Bekaa,Bekaa
333,Hamara,,West Bekaa,Bekaa
334,Haouche-el-Harimé,,West Bekaa,Bekaa
335,Harime-el-Soughra,,West Bekaa,Bekaa
336,Jib Jénine,جب جنين,West Bekaa,Bekaa
337,Kamed-el-Lauze,,West Bekaa,Bekaa
338,Kefraya,كفريا,West Bekaa,Bekaa
339,Kélia,قليا,West Bekaa,Bekaa
340,Kherbet Kanafar,خربة قنافار,West Bekaa,Bekaa
341,Khiara-el-Atika,,West Bekaa,Bekaa
342,Lala,لالا,West Bekaa,Bekaa
343,Lebbaya,لبايا,West Bekaa,Bekaa
344,Loucia,لوسيا,West Bekaa,Bekaa
345,Machghara,,West Bekaa,Bekaa
346,Maïdoune,ميدون,West Bekaa,Bekaa
347,Mansoura,,West Bekaa,Bekaa
348,n.a. (4),,West Bekaa,Bekaa
349,Saghbine,صغبين,West Bekaa,Bekaa
350,Sohmor,سحمر,West Bekaa,Bekaa
351,Soltan-Yacoub,,West Bekaa,Bekaa
352,Tal Zenoub,تل ذنوب,West Bekaa,Bekaa
353,Yohmor,يحمر,West Bekaa,Bekaa
354,Zellaya,زلايا,West Bekaa,Bekaa
355,Ablah,,Zahleh,Bekaa
356,Aïn Kfar Zabed,,Zahleh,Bekaa
357,Al-Ali-Nahri,,Zahleh,Bekaa
358,Al-Mazraa,,Zahleh,Bekaa
359,Al-Nabi Aïla,,Zahleh,Bekaa
360,Al-Nasriyé,,Zahleh,Bekaa
361,Anjar,,Zahleh,Bekaa
362,Bar-Elias,بر الياس,Zahleh,Bekaa
363,Bouerije,,Zahleh,Bekaa
364,Chouberkié  Tabet,,Zahleh,Bekaa
365,Chtaura,,Zahleh,Bekaa
366,Conflict,,Zahleh,Bekaa
367,Dair-el-Ghazel,,Zahleh,Bekaa
368,Delhamié,,Zahleh,Bekaa
369,Fourzol,,Zahleh,Bekaa
370,Haouche-al-Omara (Terres),,Zahleh,Bekaa
371,Haouche-el-Ghanam,,Zahleh,Bekaa
372,Haouche Hala,حوش حالا,Zahleh,Bekaa
373,Haouche Kaissar,,Zahleh,Bekaa
374,Haouche Sayadi,,Zahleh,Bekaa
375,Hizzerta,حزرتا,Zahleh,Bekaa
376,Hochemoche,,Zahleh,Bekaa
377,Jditah,,Zahleh,Bekaa
378,Kaa-el-Rime,,Zahleh,Bekaa
379,Kab Elias,,Zahleh,Bekaa
380,Kfar Zabed,,Zahleh,Bekaa
381,Koussaya,,Zahleh,Bekaa
382,Ksara,,Zahleh,Bekaa
383,Maallaka (Terres),,Zahleh,Bekaa
384,Maazraat-el-Ramtanieh,,Zahleh,Bekaa
385,Maksé,مكسه,Zahleh,Bekaa
386,Mandara,,Zahleh,Bekaa
387,Massa,ماسا,Zahleh,Bekaa
388,Mejdel-Anjar,,Zahleh,Bekaa
389,Mreijat,مريجات,Zahleh,Bekaa
390,Nasriyat Rizk,,Zahleh,Bekaa
391,Niha,نيحا,Zahleh,Bekaa
392,Rait,رعيت,Zahleh,Bekaa
393,Rayak,رياق,Zahleh,Bekaa
394,Saïd Neil,,Zahleh,Bekaa
395,Tal-al-Amara,,Zahleh,Bekaa
396,Tal-el-Akhdar,,Zahleh,Bekaa
397,Talabaya,,Zahleh,Bekaa
398,Tanaïl,,Zahleh,Bekaa
399,Tchiflik Eddé,,Zahleh,Bekaa
400,Tchiflik Kikano,,Zahleh,Bekaa
401,Terbol,تربل,Zahleh,Bekaa
402,Touaité,,Zahleh,Bekaa
403,Wadi-el-Arayeche,,Zahleh,Bekaa
404,Wadi-el-Dalam,,Zahleh,Bekaa
405,Zahlé (Terres),,Zahleh,Bekaa
406,Zahlé Al-Rassié,,Zahleh,Bekaa
407,Zahlé Barbara,,Zahleh,Bekaa
408,Zahlé Haouche Al-Oumara,,Zahleh,Bekaa
409,Zahlé Haouche Al-Zaraané,,Zahleh,Bekaa
410,Zahlé Maallaka Kerek,,Zahleh,Bekaa
411,Zahlé Mar Antonios,,Zahleh,Bekaa
412,Zahlé Mar Elias,,Zahleh,Bekaa
413,Zahlé Mar Gérios,,Zahleh,Bekaa
414,Zahlé Midan,,Zahleh,Bekaa
415,Zahlé Saidet Al-Najda,,Zahleh,Bekaa
416,Zebdol,,Zahleh,Bekaa
417,Abey,عبيه,Aley,Mount Lebanon
418,Aghmide,,Aley,Mount Lebanon
419,Aïn-Dara,,Aley,Mount Lebanon
420,Aïn-El-Jdeidé,,Aley,Mount Lebanon
421,Aïn-Enoub,,Aley,Mount Lebanon
422,Aïn-Rommané,,Aley,Mount Lebanon
423,Aïn Drafile,,Aley,Mount Lebanon
424,Aïn El-Halzoune,,Aley,Mount Lebanon
425,Aïn Ksour,,Aley,Mount Lebanon
426,Ain Saideh,,Aley,Mount Lebanon
427,Aïn Sofar,,Aley,Mount Lebanon
428,Aïn Traz,,Aley,Mount Lebanon
429,Aïnab,,Aley,Mount Lebanon
430,Aïtate,,Aley,Mount Lebanon
431,Aley,,Aley,Mount Lebanon
432,Aramoun,,Aley,Mount Lebanon
433,Baïssour,,Aley,Mount Lebanon
434,Baouarta,,Aley,Mount Lebanon
435,Bchamoune,,Aley,Mount Lebanon
436,Bdédoune,,Aley,Mount Lebanon
437,Bedghane,,Aley,Mount Lebanon
438,Bhamdoun (Gare),,Aley,Mount Lebanon
439,Bhamdoun (Village),بحمدون,Aley,Mount Lebanon
440,Bhouara,,Aley,Mount Lebanon
441,Bisrine,,Aley,Mount Lebanon
442,Bkhichtay,بخشتيه,Aley,Mount Lebanon
443,Bleibel,,Aley,Mount Lebanon
444,Bmakkine,,Aley,Mount Lebanon
445,Bmehraï,,Aley,Mount Lebanon
446,Bouzridé,,Aley,Mount Lebanon
447,Bsous,,Aley,Mount Lebanon
448,Btallaoun,,Aley,Mount Lebanon
449,Btater,,Aley,Mount Lebanon
450,Bteezanieh,,Aley,Mount Lebanon
451,Chamlane,,Aley,Mount Lebanon
452,Chanay,,Aley,Mount Lebanon
453,Charoun,,Aley,Mount Lebanon
454,Chartoun,,Aley,Mount Lebanon
455,Chouaifat Amroussyat,,Aley,Mount Lebanon
456,Chouaifat Oumara,,Aley,Mount Lebanon
457,Chouaifat Qobbat,,Aley,Mount Lebanon
458,Dakkoun,,Aley,Mount Lebanon
459,Deir-Koubel,,Aley,Mount Lebanon
460,Dfoun,,Aley,Mount Lebanon
461,Douair El-Roummane,,Aley,Mount Lebanon
462,EL-Azouniyeh,العزونية,Aley,Mount Lebanon
463,El-Bennayé,,Aley,Mount Lebanon
464,El-Fsaïkine,,Aley,Mount Lebanon
465,El-Ghaboun,,Aley,Mount Lebanon
466,El-Kahalé,,Aley,Mount Lebanon
467,El-Kamatiyeh,,Aley,Mount Lebanon
468,El-Mansouriyeh et Aïn-El-Marge,,Aley,Mount Lebanon
469,El-Mechrefeh,,Aley,Mount Lebanon
470,El-Mreijate,,Aley,Mount Lebanon
471,El-Ramliyeh,,Aley,Mount Lebanon
472,El-Rejmeh,,Aley,Mount Lebanon
473,Habramoun,,Aley,Mount Lebanon
474,Homs et Hama,,Aley,Mount Lebanon
475,Houmale,,Aley,Mount Lebanon
476,Kaïfoun,,Aley,Mount Lebanon
477,Kfar-Aammay,,Aley,Mount Lebanon
478,Kfar Matta,,Aley,Mount Lebanon
479,litige,,Aley,Mount Lebanon
480,Maasraïti,معصريتي,Aley,Mount Lebanon
481,Majdel Baana,مجدل بعنا,Aley,Mount Lebanon
482,Mazraet El-Nahr,مزرعة النهر,Aley,Mount Lebanon
483,Mchakhté,,Aley,Mount Lebanon
484,Mejdlaya,مجدلايا,Aley,Mount Lebanon
485,Rechmaya,رشميا,Aley,Mount Lebanon
486,Remhala,رمحالا,Aley,Mount Lebanon
487,Roueissat El-Naaman,رويسة النعمان,Aley,Mount Lebanon
488,Sarahmoul,سرحمول,Aley,Mount Lebanon
489,Selfaya,سلفايا,Aley,Mount Lebanon
490,Souk-El-Gharb,سوق الغرب,Aley,Mount Lebanon
491,Aïn Mouaffak,,Baabda,Mount Lebanon
492,Araya,,Baabda,Mount Lebanon
493,Arsoune,,Baabda,Mount Lebanon
494,Baabda,,Baabda,Mount Lebanon
495,Baalchemay,,Baabda,Mount Lebanon
496,Bmariam,,Baabda,Mount Lebanon
497,Borge el Baragenat,,Baabda,Mount Lebanon
498,Boutchay,,Baabda,Mount Lebanon
499,Bsaba Wadi Dlab,,Baabda,Mount Lebanon
500,Btebiat,,Baabda,Mount Lebanon
501,Btekhnay,,Baabda,Mount Lebanon
502,Bzebdine,,Baabda,Mount Lebanon
503,Chbaniyeh,,Baabda,Mount Lebanon
504,Chiah,,Baabda,Mount Lebanon
505,Chouit,,Baabda,Mount Lebanon
506,Deir El-Harf,,Baabda,Mount Lebanon
507,Deir Khouna,,Baabda,Mount Lebanon
508,El-Abadiyeh,,Baabda,Mount Lebanon
509,El-Chmeice,,Baabda,Mount Lebanon
510,El-Dleibé,,Baabda,Mount Lebanon
511,El-Erbaniyeh,,Baabda,Mount Lebanon
512,El-Kalaa,,Baabda,Mount Lebanon
513,El-Khalouat,,Baabda,Mount Lebanon
514,El-Khreibé,,Baabda,Mount Lebanon
515,El-Kneissé,,Baabda,Mount Lebanon
516,El-Krayé,,Baabda,Mount Lebanon
517,El-Ksaibeh,,Baabda,Mount Lebanon
518,El Halaliyeh,,Baabda,Mount Lebanon
519,Falougha,,Baabda,Mount Lebanon
520,Forn El-Chobbek,,Baabda,Mount Lebanon
521,Ghbayreh,,Baabda,Mount Lebanon
522,Hadace,,Baabda,Mount Lebanon
523,Hammana,,Baabda,Mount Lebanon
524,Haret -el-Sit,,Baabda,Mount Lebanon
525,Haret Hamzé,,Baabda,Mount Lebanon
526,Haret Horaïk,,Baabda,Mount Lebanon
527,Hasbaya-el Meten,,Baabda,Mount Lebanon
528,Hazmiyeh,,Baabda,Mount Lebanon
529,Jouar el Haouz,,Baabda,Mount Lebanon
530,Jouret Arsoune,,Baabda,Mount Lebanon
531,Kartada,,Baabda,Mount Lebanon
532,Kernayel,,Baabda,Mount Lebanon
533,Kfar Selouane,,Baabda,Mount Lebanon
534,Kfarchima,,Baabda,Mount Lebanon
535,Kobbaï,,Baabda,Mount Lebanon
536,Ktalé,,Baabda,Mount Lebanon
537,Laylaki,,Baabda,Mount Lebanon
538,Louaizé,,Baabda,Mount Lebanon
539,Mardachat,,Baabda,Mount Lebanon
540,Mazraet-el-Mzeiraa,,Baabda,Mount Lebanon
541,Ras-el-Harf,,Baabda,Mount Lebanon
542,Ras el Meten,,Baabda,Mount Lebanon
543,Roueissat-el-Ballout,,Baabda,Mount Lebanon
544,Salima,صليما,Baabda,Mount Lebanon
545,Tahouitat-el-Ghadir,,Baabda,Mount Lebanon
546,Tarchiche,ترشيش,Baabda,Mount Lebanon
547,Wadi Chahrour el Olia,,Baabda,Mount Lebanon
548,Wadi Chahrour el Soufla,,Baabda,Mount Lebanon
549,Zandouka,,Baabda,Mount Lebanon
550,Chatine,,Batroun,Mount Lebanon
551,Aïn-el-Assad et Chmeicé,,Chouf,Mount Lebanon
552,Aïn Kéni,,Chouf,Mount Lebanon
553,Aïn Ouzaï,,Chouf,Mount Lebanon
554,Aïn Zhalta,,Chouf,Mount Lebanon
555,Almane,,Chouf,Mount Lebanon
556,Ammatour,,Chouf,Mount Lebanon
557,Ammik,,Chouf,Mount Lebanon
558,Anbal,,Chouf,Mount Lebanon
559,Anoute,,Chouf,Mount Lebanon
560,Atrine,,Chouf,Mount Lebanon
561,Baadarane,,Chouf,Mount Lebanon
562,Baakline,,Chouf,Mount Lebanon
563,Baassir,,Chouf,Mount Lebanon
564,Baïkoun,,Chouf,Mount Lebanon
565,Barja,,Chouf,Mount Lebanon
566,Bater,,Chouf,Mount Lebanon
567,Batloune,,Chouf,Mount Lebanon
568,Bchatfine,,Chouf,Mount Lebanon
569,Beit Eddine,,Chouf,Mount Lebanon
570,Benouaïti,,Chouf,Mount Lebanon
571,Bkhchtaine,,Chouf,Mount Lebanon
572,Bkifa,,Chouf,Mount Lebanon
573,Botmé,,Chouf,Mount Lebanon
574,Brih et Mteilé,,Chouf,Mount Lebanon
575,Bsaba,,Chouf,Mount Lebanon
576,Chehime,,Chouf,Mount Lebanon
577,Chemaarine,,Chouf,Mount Lebanon
578,Chourite,,Chouf,Mount Lebanon
579,Dahr El-Mghara,,Chouf,Mount Lebanon
580,Dalhoune,,Chouf,Mount Lebanon
581,Damour,,Chouf,Mount Lebanon
582,Daraya,,Chouf,Mount Lebanon
583,Dardourite,,Chouf,Mount Lebanon
584,Debbiyeh,,Chouf,Mount Lebanon
585,Debbiyeh (Ain el Haour),,Chouf,Mount Lebanon
586,Deir  El-Moukhalles Ech-Chouf,,Chouf,Mount Lebanon
587,Deir Baba,,Chouf,Mount Lebanon
588,Deir Couché,,Chouf,Mount Lebanon
589,Deir El-Kamar,,Chouf,Mount Lebanon
590,Dmite,,Chouf,Mount Lebanon
591,Douair Bsennaï,,Chouf,Mount Lebanon
592,El-Barouk,,Chouf,Mount Lebanon
593,El-Berjaine,,Chouf,Mount Lebanon
594,El-Biré,,Chouf,Mount Lebanon
595,El-Bkaya,,Chouf,Mount Lebanon
596,El-Fouara,,Chouf,Mount Lebanon
597,El-Freidice,,Chouf,Mount Lebanon
598,El-Jahliyeh,,Chouf,Mount Lebanon
599,El-Jdeidé,,Chouf,Mount Lebanon
600,El-Jleiliyeh,,Chouf,Mount Lebanon
601,El-Kahlouniyeh,,Chouf,Mount Lebanon
602,El-Khreibé,,Chouf,Mount Lebanon
603,El-Kneissé,,Chouf,Mount Lebanon
604,El-Maaniyeh,,Chouf,Mount Lebanon
605,El-Moghaïré,,Chouf,Mount Lebanon
606,El-Moghaïriyeh,,Chouf,Mount Lebanon
607,El-Mouchref,,Chouf,Mount Lebanon
608,El-Moukhtara,,Chouf,Mount Lebanon
609,El-Samkanieh,,Chouf,Mount Lebanon
610,El-Wardaniyeh,الوردانية,Chouf,Mount Lebanon
611,El-Werhaniyeh,,Chouf,Mount Lebanon
612,El Jiyeh,,Chouf,Mount Lebanon
613,Ghabet Jaafar,,Chouf,Mount Lebanon
614,Gharifé,,Chouf,Mount Lebanon
615,Haret Jandal,,Chouf,Mount Lebanon
616,Hasroute,,Chouf,Mount Lebanon
617,Jadra,,Chouf,Mount Lebanon
618,Jdael et Kfarhi,,Chouf,Mount Lebanon
619,Jebah,,Chouf,Mount Lebanon
620,Jmeiliyeh,,Chouf,Mount Lebanon
621,Joun,,Chouf,Mount Lebanon
622,Katermaya,,Chouf,Mount Lebanon
623,Kfar Fakoud,,Chouf,Mount Lebanon
624,Kfar Haml,,Chouf,Mount Lebanon
625,Kfar Katra,,Chouf,Mount Lebanon
626,Kfar Matta (Klaliyé),,Chouf,Mount Lebanon
627,Kfar Nabrakh,,Chouf,Mount Lebanon
628,Kfarhime,,Chouf,Mount Lebanon
629,Kfarnice,,Chouf,Mount Lebanon
630,Kherbet Bisri,,Chouf,Mount Lebanon
631,Kraya,,Chouf,Mount Lebanon
632,litige,,Chouf,Mount Lebanon
633,Maasser Beit Eddine,,Chouf,Mount Lebanon
634,Maasser el-Chouf,,Chouf,Mount Lebanon
635,Majdalouna,,Chouf,Mount Lebanon
636,Majdel Meouche,,Chouf,Mount Lebanon
637,Mazboud,,Chouf,Mount Lebanon
638,Mazmoura,,Chouf,Mount Lebanon
639,Mazraet El-Chouf,,Chouf,Mount Lebanon
640,Mazraet El-Dahr,,Chouf,Mount Lebanon
641,Mristé,,Chouf,Mount Lebanon
642,Mtoullé Bzina,,Chouf,Mount Lebanon
643,Naamat,,Chouf,Mount Lebanon
644,Niha,,Chouf,Mount Lebanon
645,Rmeileh,,Chouf,Mount Lebanon
646,Sebline,,Chouf,Mount Lebanon
647,Sirjbal,,Chouf,Mount Lebanon
648,Wadi Abou Youssef,,Chouf,Mount Lebanon
649,Wadi Bnahley,,Chouf,Mount Lebanon
650,Wadi El-Deir,,Chouf,Mount Lebanon
651,Wadi El-Sit,,Chouf,Mount Lebanon
652,Zaarouriyeh,,Chouf,Mount Lebanon
653,Abou-Mizane,,El Metn,Mount Lebanon
654,Aïn-Alak,,El Metn,Mount Lebanon
655,Aïn-El-Kach,,El Metn,Mount Lebanon
656,Aïn-El-Kharroubé,,El Metn,Mount Lebanon
657,Aïn-El-Safsaf,,El Metn,Mount Lebanon
658,Aïn-El-Sindiané,,El Metn,Mount Lebanon
659,Aïn-el-Teffaha,,El Metn,Mount Lebanon
660,Aïn-Saâdé,عين سعادة,El Metn,Mount Lebanon
661,Aïn -El-Zeitouné,,El Metn,Mount Lebanon
662,Aïn Aar,,El Metn,Mount Lebanon
663,Aïn El-Kabou,,El Metn,Mount Lebanon
664,Aïroune,,El Metn,Mount Lebanon
665,Antélias,,El Metn,Mount Lebanon
666,Antoura,,El Metn,Mount Lebanon
667,Baabdat et Sfaïlé,,El Metn,Mount Lebanon
668,Baouchariat,,El Metn,Mount Lebanon
669,Baskinta,,El Metn,Mount Lebanon
670,Beit Chebab,,El Metn,Mount Lebanon
671,Beit El Koukou,,El Metn,Mount Lebanon
672,Beit Mery,,El Metn,Mount Lebanon
673,Biakoute,,El Metn,Mount Lebanon
674,Bikfaya,,El Metn,Mount Lebanon
675,Bkennaya,,El Metn,Mount Lebanon
676,Borge Hammoud,,El Metn,Mount Lebanon
677,Broummana,,El Metn,Mount Lebanon
678,Bsalime,,El Metn,Mount Lebanon
679,Bsifrine et El-Zahriyé,,El Metn,Mount Lebanon
680,Bteghrine,,El Metn,Mount Lebanon
681,Chaouié,, Knaitré et Mar gergesse Bhurdok,El Metn
682,Chouaya,,El Metn,Mount Lebanon
683,Choueir,,El Metn,Mount Lebanon
684,Chrine,,El Metn,Mount Lebanon
685,Dahr El Souwan,,El Metn,Mount Lebanon
686,Dbayé,,El Metn,Mount Lebanon
687,Deir Chamra,,El Metn,Mount Lebanon
688,Deir Tamiche,,El Metn,Mount Lebanon
689,Dekouanet,,El Metn,Mount Lebanon
690,Dik El-Mehdi,,El Metn,Mount Lebanon
691,Douar,,El Metn,Mount Lebanon
692,El-Atchané,,El Metn,Mount Lebanon
693,El-Dechouniyeh,,El Metn,Mount Lebanon
694,El-Jouar,,El Metn,Mount Lebanon
695,El-Khellé,,El Metn,Mount Lebanon
696,El-Khounchara,,El Metn,Mount Lebanon
697,El-Machera,,El Metn,Mount Lebanon
698,El-Mansouriyeh,,El Metn,Mount Lebanon
699,El-Mayassé,,El Metn,Mount Lebanon
700,El-Mhaidcé,,El Metn,Mount Lebanon
701,El-Mrouge,,El Metn,Mount Lebanon
702,El-Mtaileb,,El Metn,Mount Lebanon
703,El-Ouyoun,,El Metn,Mount Lebanon
704,El-Sfailé,,El Metn,Mount Lebanon
705,El-Zalka,,El Metn,Mount Lebanon
706,El Freiké,,El Metn,Mount Lebanon
707,El Mtein,,El Metn,Mount Lebanon
708,Fanar,,El Metn,Mount Lebanon
709,Haret El-Belleni,,El Metn,Mount Lebanon
710,Hebouss,,El Metn,Mount Lebanon
711,Hemlaya,,El Metn,Mount Lebanon
712,Jal-el-Dib,جل الديب,El Metn,Mount Lebanon
713,Jodaidat,,El Metn,Mount Lebanon
714,Jouret-El-Ballout,,El Metn,Mount Lebanon
715,Kaakour,,El Metn,Mount Lebanon
716,Kanabet Broummana,,El Metn,Mount Lebanon
717,Kannabet Salima,,El Metn,Mount Lebanon
718,Kfar Akab,,El Metn,Mount Lebanon
719,Kfartaï,,El Metn,Mount Lebanon
720,Kornet-El-Hamra,قرنة الحمرا,El Metn,Mount Lebanon
721,Kornet Chahouane,,El Metn,Mount Lebanon
722,Majdel Tarchiche,,El Metn,Mount Lebanon
723,Majdoub,,El Metn,Mount Lebanon
724,Mar Abda El-Mchammar,,El Metn,Mount Lebanon
725,Mar Boutros Karm El-Tine,,El Metn,Mount Lebanon
726,Mar Chaya et Mzakki,,El Metn,Mount Lebanon
727,Mar Mikhael Bnabil,,El Metn,Mount Lebanon
728,Mar Mousa-El-Douar,,El Metn,Mount Lebanon
729,Mar Roukose et Dahr El-Hossain,,El Metn,Mount Lebanon
730,Marjaba,,El Metn,Mount Lebanon
731,Maska et El-Ghabeh,,El Metn,Mount Lebanon
732,Mazraet Beit Chaar,,El Metn,Mount Lebanon
733,Mazraet Deir Aoukar,,El Metn,Mount Lebanon
734,Mazraet El-Hadira,,El Metn,Mount Lebanon
735,Mazraet Yachou,مزرعة يشوع,El Metn,Mount Lebanon
736,Mchikha,,El Metn,Mount Lebanon
737,Mezher,,El Metn,Mount Lebanon
738,Mkallesse,,El Metn,Mount Lebanon
739,Nabiyeh,,El Metn,Mount Lebanon
740,Naccache,النقاش,El Metn,Mount Lebanon
741,Roumieh,,El Metn,Mount Lebanon
742,Sakiet-El-Misk et Bhorsaf,,El Metn,Mount Lebanon
743,Senn el Fil,,El Metn,Mount Lebanon
744,Wadi Chahine,,El Metn,Mount Lebanon
745,Wadi El-Karm,,El Metn,Mount Lebanon
746,Wata Amaret Chalhoub,عمارة شلهوب,El Metn,Mount Lebanon
747,Wata El-Mrouge,,El Metn,Mount Lebanon
748,Zabbougha,,El Metn,Mount Lebanon
749,Zacrite,,El Metn,Mount Lebanon
750,Zaraoune,,El Metn,Mount Lebanon
751,Zeghrine,,El Metn,Mount Lebanon
752,Zouk-Khrab,,El Metn,Mount Lebanon
753,Ktalé,,Jezzine,Mount Lebanon
754,Adonis et Sannour,,Jubail,Mount Lebanon
755,Afka,,Jubail,Mount Lebanon
756,Aïn-el-Delbé,,Jubail,Mount Lebanon
757,Aïn-El-Ghouaibé,,Jubail,Mount Lebanon
758,Aïn-Jraïne,,Jubail,Mount Lebanon
759,Aïn Kfah,,Jubail,Mount Lebanon
760,Akoura,,Jubail,Mount Lebanon
761,Al Kattara,,Jubail,Mount Lebanon
762,Alita,,Jubail,Mount Lebanon
763,Almate El-Chemaliat,,Jubail,Mount Lebanon
764,Almate El-Jenoubiat,,Jubail,Mount Lebanon
765,Amchite,,Jubail,Mount Lebanon
766,Arab El-Haibe,,Jubail,Mount Lebanon
767,Bachtlida,,Jubail,Mount Lebanon
768,Bakhaase,,Jubail,Mount Lebanon
769,Bazyoune,,Jubail,Mount Lebanon
770,Bchillé,,Jubail,Mount Lebanon
771,Behdaidate,,Jubail,Mount Lebanon
772,Beit Habbak,,Jubail,Mount Lebanon
773,Bejjé,,Jubail,Mount Lebanon
774,Belhos,,Jubail,Mount Lebanon
775,Berket Hejoula,,Jubail,Mount Lebanon
776,Bintaél (Fdar-El-Soufla),,Jubail,Mount Lebanon
777,Blat,,Jubail,Mount Lebanon
778,Breige,,Jubail,Mount Lebanon
779,Chamate,,Jubail,Mount Lebanon
780,Chikhane,,Jubail,Mount Lebanon
781,Chmout,,Jubail,Mount Lebanon
782,Deir Mar Sarkis,,Jubail,Mount Lebanon
783,Eddé,,Jubail,Mount Lebanon
784,Ehmège,,Jubail,Mount Lebanon
785,El-Berbara,,Jubail,Mount Lebanon
786,El-Hsoune,,Jubail,Mount Lebanon
787,El-Jlaicé,,Jubail,Mount Lebanon
788,El-Kafr et El-Harf,,Jubail,Mount Lebanon
789,El-Kfoune,,Jubail,Mount Lebanon
790,El-Kharbé,,Jubail,Mount Lebanon
791,El-Laklouk,,Jubail,Mount Lebanon
792,El-Mejdel,,Jubail,Mount Lebanon
793,El-Mghaïré,,Jubail,Mount Lebanon
794,El-Mouncef,,Jubail,Mount Lebanon
795,El-Ramout,,Jubail,Mount Lebanon
796,El-Rihané,,Jubail,Mount Lebanon
797,El-Souané,,Jubail,Mount Lebanon
798,Farhat,,Jubail,Mount Lebanon
799,Fatré et Bir-el-Haït,,Jubail,Mount Lebanon
800,Fghal,,Jubail,Mount Lebanon
801,Fidar,,Jubail,Mount Lebanon
802,Frat,,Jubail,Mount Lebanon
803,Ghabate,,Jubail,Mount Lebanon
804,Ghalboune,,Jubail,Mount Lebanon
805,Gharzouze,,Jubail,Mount Lebanon
806,Ghorfine,,Jubail,Mount Lebanon
807,Habil,,Jubail,Mount Lebanon
808,Hakel,,Jubail,Mount Lebanon
809,Halate,,Jubail,Mount Lebanon
810,Hbeline,,Jubail,Mount Lebanon
811,Hboub,,Jubail,Mount Lebanon
812,Hedayné,,Jubail,Mount Lebanon
813,Hejoula,,Jubail,Mount Lebanon
814,Hisraïl,,Jubail,Mount Lebanon
815,Hsarate et Richkif,,Jubail,Mount Lebanon
816,Jage,,Jubail,Mount Lebanon
817,Janné,,Jubail,Mount Lebanon
818,Jbail,,Jubail,Mount Lebanon
819,Jeddeyel,,Jubail,Mount Lebanon
820,Jouret-el-Kattine,,Jubail,Mount Lebanon
821,Kartaba,,Jubail,Mount Lebanon
822,Kartaboune,,Jubail,Mount Lebanon
823,Kehmez,,Jubail,Mount Lebanon
824,Kfar-Keddé,,Jubail,Mount Lebanon
825,Kfar-Mashoune et Dmalsa,,Jubail,Mount Lebanon
826,Kfar Kaouass,,Jubail,Mount Lebanon
827,Kfarbaal (Annaya),,Jubail,Mount Lebanon
828,Korkraya,,Jubail,Mount Lebanon
829,Lassa,,Jubail,Mount Lebanon
830,Lehfed,,Jubail,Mount Lebanon
831,litige,,Jubail,Mount Lebanon
832,Maad,,Jubail,Mount Lebanon
833,Maïfouk,,Jubail,Mount Lebanon
834,Mastita,,Jubail,Mount Lebanon
835,Mazraet-el-Siyad,,Jubail,Mount Lebanon
836,Mechane,,Jubail,Mount Lebanon
837,Mechmech,,Jubail,Mount Lebanon
838,Mehrine,,Jubail,Mount Lebanon
839,n.a. (2),,Jubail,Mount Lebanon
840,Nahr-Ibrahim,,Jubail,Mount Lebanon
841,Obeidate,,Jubail,Mount Lebanon
842,Ras-Osta,,Jubail,Mount Lebanon
843,Saki-Rechmaya,,Jubail,Mount Lebanon
844,Sakiet-el-Kheite,,Jubail,Mount Lebanon
845,Sarhita,,Jubail,Mount Lebanon
846,Sirine,,Jubail,Mount Lebanon
847,Tartige,,Jubail,Mount Lebanon
848,Tedmor et Serghal,,Jubail,Mount Lebanon
849,Torzaya,,Jubail,Mount Lebanon
850,Yanouh,,Jubail,Mount Lebanon
851,Zebdine,,Jubail,Mount Lebanon
852,Achkoute,,Kasrouane,Mount Lebanon
853,Adma-Defneh,,Kasrouane,Mount Lebanon
854,Aïn El-Delbé,,Kasrouane,Mount Lebanon
855,Aïn El-Rihané,,Kasrouane,Mount Lebanon
856,Aïntoura,,Kasrouane,Mount Lebanon
857,Ajeltoun,,Kasrouane,Mount Lebanon
858,Aramoun,,Kasrouane,Mount Lebanon
859,Ballouné,,Kasrouane,Mount Lebanon
860,Batha,,Kasrouane,Mount Lebanon
861,Bekaatet-Achkoute,,Kasrouane,Mount Lebanon
862,Bekaatet Kénaan,,Kasrouane,Mount Lebanon
863,Bekaatouta,,Kasrouane,Mount Lebanon
864,Bezhel,,Kasrouane,Mount Lebanon
865,Boukak El-Dine,,Kasrouane,Mount Lebanon
866,Bzoumar,,Kasrouane,Mount Lebanon
867,Chahtoul,,Kasrouane,Mount Lebanon
868,Chenanhir,,Kasrouane,Mount Lebanon
869,Daraoun,,Kasrouane,Mount Lebanon
870,Daraya,,Kasrouane,Mount Lebanon
871,Deir Baklouche,,Kasrouane,Mount Lebanon
872,Djounié Ghadir,,Kasrouane,Mount Lebanon
873,Djounié Salel Alma,,Kasrouane,Mount Lebanon
874,Djounié Sarba,,Kasrouane,Mount Lebanon
875,Dlebta,,Kasrouane,Mount Lebanon
876,Eghbeh,,Kasrouane,Mount Lebanon
877,El-Abri et Chouan,,Kasrouane,Mount Lebanon
878,El-Azra,,Kasrouane,Mount Lebanon
879,El-Bouar,,Kasrouane,Mount Lebanon
880,El-Ekaïbé,,Kasrouane,Mount Lebanon
881,El-Ghuiné,,Kasrouane,Mount Lebanon
882,El-Hossein,,Kasrouane,Mount Lebanon
883,El-Kfour,,Kasrouane,Mount Lebanon
884,El-Kleiyate,,Kasrouane,Mount Lebanon
885,El-Mghaer,,Kasrouane,Mount Lebanon
886,El-Mouaïsra,,Kasrouane,Mount Lebanon
887,El-Mradiyeh,,Kasrouane,Mount Lebanon
888,EL-Safra,,Kasrouane,Mount Lebanon
889,Faïtroun,,Kasrouane,Mount Lebanon
890,Faraya,,Kasrouane,Mount Lebanon
891,Fatka,,Kasrouane,Mount Lebanon
892,Ghazir,,Kasrouane,Mount Lebanon
893,Ghbélé,,Kasrouane,Mount Lebanon
894,Ghodrace,,Kasrouane,Mount Lebanon
895,Ghosta,,Kasrouane,Mount Lebanon
896,Harissa,,Kasrouane,Mount Lebanon
897,Hayata,,Kasrouane,Mount Lebanon
898,Herhraya et Kattine,,Kasrouane,Mount Lebanon
899,Hrajel,,Kasrouane,Mount Lebanon
900,Jdeidet Ghazir,,Kasrouane,Mount Lebanon
901,Jeita,,Kasrouane,Mount Lebanon
902,Jounieh Haret Sakhr,حارة صخر,Kasrouane,Mount Lebanon
903,Jouret Bedrane,,Kasrouane,Mount Lebanon
904,Jouret Mhad,,Kasrouane,Mount Lebanon
905,Jouret Termos,,Kasrouane,Mount Lebanon
906,Kfar Yassine,كفرياسين,Kasrouane,Mount Lebanon
907,Kfertaï,,Kasrouane,Mount Lebanon
908,Kharayeb Nahr Ibrahim,,Kasrouane,Mount Lebanon
909,litige,,Kasrouane,Mount Lebanon
910,Maarab,,Kasrouane,Mount Lebanon
911,Mayrouba,,Kasrouane,Mount Lebanon
912,Mazraet El-Ras,,Kasrouane,Mount Lebanon
913,Mazraet Kfardebiane,,Kasrouane,Mount Lebanon
914,Mazraet Mrah el-Mir,,Kasrouane,Mount Lebanon
915,Mouchaa Kesrouan (Faraya),,Kasrouane,Mount Lebanon
916,Mouchaa Kesrouan (Kfardebian),,Kasrouane,Mount Lebanon
917,n.a. (3),,Kasrouane,Mount Lebanon
918,Nahr El-Dahab,,Kasrouane,Mount Lebanon
919,Nammoura et Kfar Jerif,,Kasrouane,Mount Lebanon
920,Raachine,,Kasrouane,Mount Lebanon
921,Rayfoun,,Kasrouane,Mount Lebanon
922,Souhailet El-Faouka,,Kasrouane,Mount Lebanon
923,Tabarja,,Kasrouane,Mount Lebanon
924,Wata-El-Jaouz,,Kasrouane,Mount Lebanon
925,Wata Salam,,Kasrouane,Mount Lebanon
926,Yahchouche,,Kasrouane,Mount Lebanon
927,Zaaitré,,Kasrouane,Mount Lebanon
928,Zeitoune,,Kasrouane,Mount Lebanon
929,Zouk Mikaèl,,Kasrouane,Mount Lebanon
930,Zouk Mousbeh,,Kasrouane,Mount Lebanon
931,Aïn-Ebel,,Bint Jbayl,Nabatiyeh
932,Aïn-el-Katmoune,,Bint Jbayl,Nabatiyeh
933,Aïnata,,Bint Jbayl,Nabatiyeh
934,Aïta-el-Chaab,,Bint Jbayl,Nabatiyeh
935,Aïta-el-Zut,,Bint Jbayl,Nabatiyeh
936,Aïtaroun,,Bint Jbayl,Nabatiyeh
937,Baraachite,,Bint Jbayl,Nabatiyeh
938,Beit Lif,,Bint Jbayl,Nabatiyeh
939,Beit Yahoune,,Bint Jbayl,Nabatiyeh
940,Bint Jbail,,Bint Jbayl,Nabatiyeh
941,Borge Kalaouiyé,,Bint Jbayl,Nabatiyeh
942,Chakra,,Bint Jbayl,Nabatiyeh
943,Debel,,Bint Jbayl,Nabatiyeh
944,Deir Ntar,,Bint Jbayl,Nabatiyeh
945,El-Kouzah,,Bint Jbayl,Nabatiyeh
946,El-Taïri,,Bint Jbayl,Nabatiyeh
947,Froune,,Bint Jbayl,Nabatiyeh
948,Ghandouriyé,,Bint Jbayl,Nabatiyeh
949,Haddacé,,Bint Jbayl,Nabatiyeh
950,Hanine,,Bint Jbayl,Nabatiyeh
951,Harisse,,Bint Jbayl,Nabatiyeh
952,Jmeijmé,,Bint Jbayl,Nabatiyeh
953,Kafra,,Bint Jbayl,Nabatiyeh
954,Kalaouiyé,,Bint Jbayl,Nabatiyeh
955,Kfardounine,,Bint Jbayl,Nabatiyeh
956,Kherbet Salem,,Bint Jbayl,Nabatiyeh
957,Kounine,,Bint Jbayl,Nabatiyeh
958,Maroune-el-Ras,,Bint Jbayl,Nabatiyeh
959,Rachafe,,Bint Jbayl,Nabatiyeh
960,Ramié,,Bint Jbayl,Nabatiyeh
961,Rmeiche,,Bint Jbayl,Nabatiyeh
962,Safad-el-Battikh,,Bint Jbayl,Nabatiyeh
963,Salhané,,Bint Jbayl,Nabatiyeh
964,Sarbine,,Bint Jbayl,Nabatiyeh
965,Soultaniyé,,Bint Jbayl,Nabatiyeh
966,Tibnine,,Bint Jbayl,Nabatiyeh
967,Yaroune,,Bint Jbayl,Nabatiyeh
968,Yater,,Bint Jbayl,Nabatiyeh
969,Abou Kamha,,Hasbaya,Nabatiyeh
970,Aïn Jarfa,,Hasbaya,Nabatiyeh
971,Aïn Kinia,,Hasbaya,Nabatiyeh
972,Al-Dellafé,,Hasbaya,Nabatiyeh
973,Burghoz,,Hasbaya,Nabatiyeh
974,Chabaaa,,Hasbaya,Nabatiyeh
975,Chebaa Farms,,Hasbaya,Nabatiyeh
976,Chouaya,,Hasbaya,Nabatiyeh
977,El- Mery,,Hasbaya,Nabatiyeh
978,El-Fraïdice,,Hasbaya,Nabatiyeh
979,El-Habbariyé,,Hasbaya,Nabatiyeh
980,El-Kahlouat,,Hasbaya,Nabatiyeh
981,El-Kfeir,,Hasbaya,Nabatiyeh
982,El-Khreibé,,Hasbaya,Nabatiyeh
983,El-Majidiyé,,Hasbaya,Nabatiyeh
984,Hasbaya,,Hasbaya,Nabatiyeh
985,Kaoukaba,,Hasbaya,Nabatiyeh
986,Kfar Hamame,,Hasbaya,Nabatiyeh
987,Marj Ez-Zouhour (Haouch El-Qinnaabé),,Hasbaya,Nabatiyeh
988,Mimas,,Hasbaya,Nabatiyeh
989,Nkhailé,,Hasbaya,Nabatiyeh
990,Rachaya El-Fokhar,,Hasbaya,Nabatiyeh
991,Slaïyeb,,Hasbaya,Nabatiyeh
992,Adchite El-Koussair,,Marjaayoun,Nabatiyeh
993,Adeicé,,Marjaayoun,Nabatiyeh
994,Ain Aarab,,Marjaayoun,Nabatiyeh
995,Al-Taïbé,,Marjaayoun,Nabatiyeh
996,Almane,,Marjaayoun,Nabatiyeh
997,Bani Haiyane,,Marjaayoun,Nabatiyeh
998,Blat,,Marjaayoun,Nabatiyeh
999,Blida,,Marjaayoun,Nabatiyeh
1000,Deir Mimas,,Marjaayoun,Nabatiyeh
1001,Deir Mimas Doumiat,,Marjaayoun,Nabatiyeh
1002,Deir Sériane,,Marjaayoun,Nabatiyeh
1003,Dibbine,,Marjaayoun,Nabatiyeh
1004,Ebel-El-Saki,,Marjaayoun,Nabatiyeh
1005,El-Amra,,Marjaayoun,Nabatiyeh
1006,El-Kherbeh,,Marjaayoun,Nabatiyeh
1007,EL-Khiam,,Marjaayoun,Nabatiyeh
1008,El-Kleia,,Marjaayoun,Nabatiyeh
1009,Houla,,Marjaayoun,Nabatiyeh
1010,Houra,,Marjaayoun,Nabatiyeh
1011,Kabrikha,,Marjaayoun,Nabatiyeh
1012,Kantara,,Marjaayoun,Nabatiyeh
1013,Kfarkala,,Marjaayoun,Nabatiyeh
1014,Majdel Selm,,Marjaayoun,Nabatiyeh
1015,Markaba,,Marjaayoun,Nabatiyeh
1016,Mazraet-El-Jrein,,Marjaayoun,Nabatiyeh
1017,Mazraet el-Sarada,,Marjaayoun,Nabatiyeh
1018,Meis El-Jabal,,Marjaayoun,Nabatiyeh
1019,Merjayoun,,Marjaayoun,Nabatiyeh
1020,Mhaïbib,,Marjaayoun,Nabatiyeh
1021,Rabb Salacine,,Marjaayoun,Nabatiyeh
1022,Souané,,Marjaayoun,Nabatiyeh
1023,Talloussa,,Marjaayoun,Nabatiyeh
1024,Touline,,Marjaayoun,Nabatiyeh
1025,Abba,,Nabatiyeh,Nabatiyeh
1026,Adchite,,Nabatiyeh,Nabatiyeh
1027,Aïn-Boussouar,,Nabatiyeh,Nabatiyeh
1028,Aïn-Kana,,Nabatiyeh,Nabatiyeh
1029,Ali El-Taher,,Nabatiyeh,Nabatiyeh
1030,Ansar,,Nabatiyeh,Nabatiyeh
1031,Arab Salim,,Nabatiyeh,Nabatiyeh
1032,Arnoune,,Nabatiyeh,Nabatiyeh
1033,Bfarwé,,Nabatiyeh,Nabatiyeh
1034,Braikeh,,Nabatiyeh,Nabatiyeh
1035,Choukine,,Nabatiyeh,Nabatiyeh
1036,Deir El-Zehrani,,Nabatiyeh,Nabatiyeh
1037,Douair,,Nabatiyeh,Nabatiyeh
1038,El-Charkiyé,,Nabatiyeh,Nabatiyeh
1039,El-Hamra,,Nabatiyeh,Nabatiyeh
1040,El-Kfour,,Nabatiyeh,Nabatiyeh
1041,Habbouche,,Nabatiyeh,Nabatiyeh
1042,Harouf,,Nabatiyeh,Nabatiyeh
1043,Hmaïla,,Nabatiyeh,Nabatiyeh
1044,Houmine-el-Faouka,,Nabatiyeh,Nabatiyeh
1045,Houmine El-Tahta,,Nabatiyeh,Nabatiyeh
1046,Izzé,,Nabatiyeh,Nabatiyeh
1047,Jarjouh,,Nabatiyeh,Nabatiyeh
1048,Jobchite,,Nabatiyeh,Nabatiyeh
1049,Kafr Dajjal,,Nabatiyeh,Nabatiyeh
1050,Kafra-Jbah,,Nabatiyeh,Nabatiyeh
1051,Kakiat El-Jisr,,Nabatiyeh,Nabatiyeh
1052,Kefer Sir,,Nabatiyeh,Nabatiyeh
1053,Kfar Remmane,,Nabatiyeh,Nabatiyeh
1054,Kfar Tebnite,,Nabatiyeh,Nabatiyeh
1055,Kfarfila,,Nabatiyeh,Nabatiyeh
1056,Ksaibé,,Nabatiyeh,Nabatiyeh
1057,Maifadoune,,Nabatiyeh,Nabatiyeh
1058,Mazraat-el-Khreibé,,Nabatiyeh,Nabatiyeh
1059,Mazraet Bsaffour,,Nabatiyeh,Nabatiyeh
1060,Mazraet Chaal Baal,,Nabatiyeh,Nabatiyeh
1061,Mazraet Dmoul,,Nabatiyeh,Nabatiyeh
1062,Mazraet El-Bayad,,Nabatiyeh,Nabatiyeh
1063,Mazraet Kalaat Meiss,,Nabatiyeh,Nabatiyeh
1064,Mazraet Kfar Jaouz,,Nabatiyeh,Nabatiyeh
1065,Mazraet Sinai,,Nabatiyeh,Nabatiyeh
1066,Nabatiyé El-Faouka,,Nabatiyeh,Nabatiyeh
1067,Nabatiyé El-Tahta,,Nabatiyeh,Nabatiyeh
1068,Nmériyé,,Nabatiyeh,Nabatiyeh
1069,Roumine,,Nabatiyeh,Nabatiyeh
1070,Sarba,,Nabatiyeh,Nabatiyeh
1071,Sir El-Gharbiyé,,Nabatiyeh,Nabatiyeh
1072,Toule,,Nabatiyeh,Nabatiyeh
1073,Yohmor,,Nabatiyeh,Nabatiyeh
1074,Zaoutar El-Charkiyé,,Nabatiyeh,Nabatiyeh
1075,Zaoutar El-Gharbiyé,,Nabatiyeh,Nabatiyeh
1076,Zebdine,,Nabatiyeh,Nabatiyeh
1077,Zefta,,Nabatiyeh,Nabatiyeh
1078,Abdilli,,Batroun,North
1079,Abrine,,Batroun,North
1080,Al-Boukaïa et Dahr Abi Yaghi,,Batroun,North
1081,Al-Hery,,Batroun,North
1082,Artiz,,Batroun,North
1083,Assia,,Batroun,North
1084,Basbina,,Batroun,North
1085,Batroune,,Batroun,North
1086,Bchaalé,,Batroun,North
1087,Bechtoudar-Aoura,,Batroun,North
1088,Beit Chlale,,Batroun,North
1089,Beit Ksab,,Batroun,North
1090,Bejdarfel,,Batroun,North
1091,Boksmaya,,Batroun,North
1092,Chabtine,,Batroun,North
1093,Chekka,,Batroun,North
1094,Chouma,,Batroun,North
1095,Dael,,Batroun,North
1096,Dar Bella,,Batroun,North
1097,Deir Kfifane,,Batroun,North
1098,Deir Mar Youhanna Douma,,Batroun,North
1099,Deir Mar Youssef Jrabta,,Batroun,North
1100,Deria,,Batroun,North
1101,Douk,,Batroun,North
1102,Douma,,Batroun,North
1103,Eddé,,Batroun,North
1104,Ejdabra,,Batroun,North
1105,El-Alaly,,Batroun,North
1106,El-Ftahat,,Batroun,North
1107,Hadtoune,,Batroun,North
1108,Hamat,,Batroun,North
1109,Harbouna,,Batroun,North
1110,Hardine,,Batroun,North
1111,Helta,,Batroun,North
1112,Jebla,,Batroun,North
1113,Jrabta,,Batroun,North
1114,Jrane,,Batroun,North
1115,Karnaoun,,Batroun,North
1116,Kfar Chleïman,,Batroun,North
1117,Kfar Halda,,Batroun,North
1118,Kfar Hatna,,Batroun,North
1119,Kfar Hay,,Batroun,North
1120,Kfar Heloss,,Batroun,North
1121,Kfar Obeida,,Batroun,North
1122,Kfifane,,Batroun,North
1123,Kfour El-Arabi,,Batroun,North
1124,Koubba,,Batroun,North
1125,Kour,,Batroun,North
1126,Mar Mama,,Batroun,North
1127,Masreh,,Batroun,North
1128,Mehemrech,,Batroun,North
1129,Mrah-El-Ziet,,Batroun,North
1130,Mrah Chdid,,Batroun,North
1131,Mrah el Hage,,Batroun,North
1132,Nahla,,Batroun,North
1133,Niha,,Batroun,North
1134,Racha,,Batroun,North
1135,Rachana,,Batroun,North
1136,Rachkida,,Batroun,North
1137,Ram,,Batroun,North
1138,Ras Nahache,,Batroun,North
1139,Salaata,,Batroun,North
1140,Sghar et Wata Sfarta,,Batroun,North
1141,Smar Jbeil,,Batroun,North
1142,Sourate,,Batroun,North
1143,Tannourine el Tahta,,Batroun,North
1144,Tannourine Foka,,Batroun,North
1145,Tehoum,,Batroun,North
1146,Toula,,Batroun,North
1147,Wata Houb,,Batroun,North
1148,Wejh-el-Hajar,,Batroun,North
1149,Zane,,Batroun,North
1150,Abdine,,Bcharre,North
1151,Bane,,Bcharre,North
1152,Bazoune,,Bcharre,North
1153,Bcharré,,Bcharre,North
1154,Beit Menzer,,Bcharre,North
1155,Berhalioun,,Bcharre,North
1156,Bikaa kafra,,Bcharre,North
1157,Billa,,Bcharre,North
1158,Bkarkacha,,Bcharre,North
1159,Blaouza,,Bcharre,North
1160,Brissat,,Bcharre,North
1161,El-Dimane,,Bcharre,North
1162,Hadchite,,Bcharre,North
1163,Hadeth-el-Jebbé,,Bcharre,North
1164,Hasroune,,Bcharre,North
1165,Knaiouer,,Bcharre,North
1166,Knate,,Bcharre,North
1167,Mazraet-Beni-Saab,,Bcharre,North
1168,Mazraet Assaf,,Bcharre,North
1169,Mchaa Ej Jobbé,,Bcharre,North
1170,Mugher-el-Ahwel,,Bcharre,North
1171,Tourza,,Bcharre,North
1172,Wadi-kannoubine,,Bcharre,North
1173,Aba,,Koura,North
1174,Afsdik,,Koura,North
1175,Aïn Akrine,,Koura,North
1176,Al-Boukaia,,Koura,North
1177,Al-Hraïché,,Koura,North
1178,Amioune,,Koura,North
1179,Badbhoun,,Koura,North
1180,Bargoune,,Koura,North
1181,Barsa,,Koura,North
1182,Bdebba,,Koura,North
1183,Bechmezzine,,Koura,North
1184,Bednayel,,Koura,North
1185,Beitroumine,,Koura,North
1186,Belmand,,Koura,North
1187,Bhabbouche,,Koura,North
1188,Bkeftine,,Koura,North
1189,Bnehrane,,Koura,North
1190,Bsarma,,Koura,North
1191,Btaaboura,,Koura,North
1192,Bterram,,Koura,North
1193,Btouratige,,Koura,North
1194,Bziza,,Koura,North
1195,Dar Bechtar,,Koura,North
1196,Dar Chmezzine,,Koura,North
1197,Déddé,,Koura,North
1198,Ejdabrine,,Koura,North
1199,En-Nakhlé,,Koura,North
1200,Enfeh,,Koura,North
1201,Fih,,Koura,North
1202,Kaftoune,,Koura,North
1203,Kefraya,,Koura,North
1204,Kelhate,,Koura,North
1205,Kfar Akka,,Koura,North
1206,Kfar Hatta,,Koura,North
1207,Kfar Hazir,,Koura,North
1208,Kfar Kahel,,Koura,North
1209,Kfar Saroun,,Koura,North
1210,Kousba,,Koura,North
1211,Majdel,,Koura,North
1212,Metrite,,Koura,North
1213,Ras Maska,,Koura,North
1214,Rechdebbine,,Koura,North
1215,Zakroune,,Koura,North
1216,Zghorta el-Métaoulé,,Koura,North
1217,Aassaymout,,Minieh-Danieh,North
1218,Aïn-El-Tiné,عين التينة,Minieh-Danieh,North
1219,Al-Beddaoui,,Minieh-Danieh,North
1220,Al-Minieh,,Minieh-Danieh,North
1221,Al-Sfiré,,Minieh-Danieh,North
1222,Assoun,,Minieh-Danieh,North
1223,Azka,,Minieh-Danieh,North
1224,Bakhoune,,Minieh-Danieh,North
1225,Bchnnata,,Minieh-Danieh,North
1226,Bechhara,,Minieh-Danieh,North
1227,Behweité,,Minieh-Danieh,North
1228,Beit-El-Faks,,Minieh-Danieh,North
1229,Beit Haouik,,Minieh-Danieh,North
1230,Beit Zaoud,,Minieh-Danieh,North
1231,Bkaa Safrine,,Minieh-Danieh,North
1232,Bkarsouna,,Minieh-Danieh,North
1233,Borge-El-Yahoudié,,Minieh-Danieh,North
1234,Btehline,,Minieh-Danieh,North
1235,Btermaz,,Minieh-Danieh,North
1236,Debaael,دبعال,Minieh-Danieh,North
1237,Deir Nebouh,,Minieh-Danieh,North
1238,Deir Omar,,Minieh-Danieh,North
1239,El-Hazmieh,,Minieh-Danieh,North
1240,El-Watié et Harf Siad,,Minieh-Danieh,North
1241,Haql el Aazimé,,Minieh-Danieh,North
1242,Hawara,,Minieh-Danieh,North
1243,Izal,,Minieh-Danieh,North
1244,Jarjoura,,Minieh-Danieh,North
1245,Jaroun,,Minieh-Danieh,North
1246,Kahf-El-Malloul,,Minieh-Danieh,North
1247,Karseita,,Minieh-Danieh,North
1248,Kattiné,,Minieh-Danieh,North
1249,Kfar Bibnine,,Minieh-Danieh,North
1250,Kfar Chlane,,Minieh-Danieh,North
1251,Kfar Habou,,Minieh-Danieh,North
1252,Kharnoub,,Minieh-Danieh,North
1253,litige,,Minieh-Danieh,North
1254,Markabta,,Minieh-Danieh,North
1255,Mazraat Ketrane,,Minieh-Danieh,North
1256,Mazraet-El-Kreine,,Minieh-Danieh,North
1257,Mazraet El-Krême,,Minieh-Danieh,North
1258,Mrabine,,Minieh-Danieh,North
1259,Mrah-El-Sfiré,,Minieh-Danieh,North
1260,Mrah-el-Sreige,,Minieh-Danieh,North
1261,Nabi Youcheaa,,Minieh-Danieh,North
1262,Nemrine et Bakoura,,Minieh-Danieh,North
1263,Omar,,Minieh-Danieh,North
1264,Qarhaiya,,Minieh-Danieh,North
1265,Qemmamine,,Minieh-Danieh,North
1266,Qraine,,Minieh-Danieh,North
1267,Sir,,Minieh-Danieh,North
1268,Tarane,,Minieh-Danieh,North
1269,Tourbol,,Minieh-Danieh,North
1270,Zaghrteghrine,,Minieh-Danieh,North
1271,Zouk Bhanine,,Minieh-Danieh,North
1272,Al-Kalmoune,,Tripoli,North
1273,Al-Mina Jardins,,Tripoli,North
1274,Al-Mina No1,,Tripoli,North
1275,Al-Mina No2,,Tripoli,North
1276,Al-Mina No3,,Tripoli,North
1277,Tripoli Al-Hadid,,Tripoli,North
1278,Tripoli Al-Kobbé,,Tripoli,North
1279,Tripoli Al-Mouhaitra,,Tripoli,North
1280,Tripoli Al-Nouri,,Tripoli,North
1281,Tripoli Al-Rmmanieh,,Tripoli,North
1282,Tripoli Al-Souéka,,Tripoli,North
1283,Tripoli Al-Tabbaneh,,Tripoli,North
1284,Tripoli Al-Tal,,Tripoli,North
1285,Tripoli Al-Zehrieh,,Tripoli,North
1286,Tripoli Al Haddadin,,Tripoli,North
1287,Tripoli Jardins,,Tripoli,North
1288,Tripoli Zeitoun,,Tripoli,North
1289,Aadoua,,Zgharta,North
1290,Acheiche,,Zgharta,North
1291,Aïntourine,,Zgharta,North
1292,Aïto,,Zgharta,North
1293,Al-Harik,,Zgharta,North
1294,Al-Jdeidé,,Zgharta,North
1295,Al-Khaldyé,,Zgharta,North
1296,Alma,,Zgharta,North
1297,Arbet Koshaya,,Zgharta,North
1298,Ardate,,Zgharta,North
1299,Ardé,,Zgharta,North
1300,Argesse,,Zgharta,North
1301,Asnoune,,Zgharta,North
1302,Basloukite,,Zgharta,North
1303,Bchenine,,Zgharta,North
1304,Benachée,,Zgharta,North
1305,Boucite,,Zgharta,North
1306,Bouhairet Toula,,Zgharta,North
1307,Bsebhil,,Zgharta,North
1308,Danhi,,Zgharta,North
1309,Daraya,,Zgharta,North
1310,Ehden,,Zgharta,North
1311,Ejbeh,,Zgharta,North
1312,El-Tellé,,Zgharta,North
1313,Halane,,Zgharta,North
1314,Iâl,,Zgharta,North
1315,Karabeiche,,Zgharta,North
1316,Karm Saddé,,Zgharta,North
1317,Kefraya,,Zgharta,North
1318,Kfar Chakna,,Zgharta,North
1319,Kfar Dalakoss,,Zgharta,North
1320,Kfar Haoura,,Zgharta,North
1321,Kfar hata,,Zgharta,North
1322,Kfar Yachite,,Zgharta,North
1323,Kfar Zeina,,Zgharta,North
1324,Kfarfou,,Zgharta,North
1325,Kfarsghab,,Zgharta,North
1326,Mazraat Ejbeh,,Zgharta,North
1327,Mazraat el Teffah,,Zgharta,North
1328,Mazraat Jneide,,Zgharta,North
1329,Mazraet Hreikess,,Zgharta,North
1330,Mejdlaya,,Zgharta,North
1331,Merh Kfarsghabe,,Zgharta,North
1332,Mériata,,Zgharta,North
1333,Miziara,,Zgharta,North
1334,n.a. (1),,Zgharta,North
1335,Rachehine,,Zgharta,North
1336,Raskifa,,Zgharta,North
1337,Sakhra,,Zgharta,North
1338,Sebhel,,Zgharta,North
1339,Serhel,,Zgharta,North
1340,Toula,,Zgharta,North
1341,Zghorta,,Zgharta,North
1342,Aïchiyé,,Jezzine,South
1343,Aïn el-Mir,,Jezzine,South
1344,Akmata,,Jezzine,South
1345,Anane,,Jezzine,South
1346,Aramté,,Jezzine,South
1347,Ariya,,Jezzine,South
1348,Arkoub (Mazraat),,Jezzine,South
1349,Azour,,Jezzine,South
1350,Baba,,Jezzine,South
1351,Baissour,,Jezzine,South
1352,Benwati,,Jezzine,South
1353,Bhanine,,Jezzine,South
1354,Bisri,,Jezzine,South
1355,Bkessine,,Jezzine,South
1356,Bouslaya,,Jezzine,South
1357,Bteddine El-Lekche,,Jezzine,South
1358,Chabil,,Jezzine,South
1359,Chawalik,,Jezzine,South
1360,Djezzine,,Jezzine,South
1361,El-Demachkiyeh,,Jezzine,South
1362,El-Ghabbatieh,,Jezzine,South
1363,El-Harf,,Jezzine,South
1364,El-Homsiyé,,Jezzine,South
1365,El-Jarmak,,Jezzine,South
1366,El-Kabeh,,Jezzine,South
1367,El-Louaizé,,Jezzine,South
1368,El-Mahmoudiyeh,,Jezzine,South
1369,El-Maknouniyé,,Jezzine,South
1370,El-Mharbiyé,,Jezzine,South
1371,El-Midan,,Jezzine,South
1372,El-Rahbane,,Jezzine,South
1373,El-Remmané,عين الرمانة,Jezzine,South
1374,El-Rihane,,Jezzine,South
1375,El-Wadié,,Jezzine,South
1376,El-Zeghrine,,Jezzine,South
1377,Haïdab,,Jezzine,South
1378,Haitoulé,,Jezzine,South
1379,Haïtoura,,Jezzine,South
1380,Hassaniyé,,Jezzine,South
1381,Jabal Toura,,Jezzine,South
1382,Jensnaya,,Jezzine,South
1383,Kafr-Falouce,,Jezzine,South
1384,Kafr-Jarra,,Jezzine,South
1385,Kaïtoulé,,Jezzine,South
1386,Karkha,,Jezzine,South
1387,Katrani,,Jezzine,South
1388,Kattine,,Jezzine,South
1389,Kefer-Houné,,Jezzine,South
1390,Khellet Khazen,,Jezzine,South
1391,Krouh,,Jezzine,South
1392,Lebaa,,Jezzine,South
1393,litige,,Jezzine,South
1394,Machmouché,,Jezzine,South
1395,Mazraat Dahr el-Deir,,Jezzine,South
1396,Mazraat Daraya,,Jezzine,South
1397,Mazraat el-Mathané,مزرعة المطحنة,Jezzine,South
1398,Mazraat El Ouazaaiyé,,Jezzine,South
1399,Mazraat Louzid (Louayziyé),,Jezzine,South
1400,Mjaïdel,,Jezzine,South
1401,Mlikh,,Jezzine,South
1402,Mrah-el-Hbasse,,Jezzine,South
1403,Rimate,,Jezzine,South
1404,Roum,,Jezzine,South
1405,Sabbah,,Jezzine,South
1406,Saïdoune,,Jezzine,South
1407,Sfarai,,Jezzine,South
1408,Sniyé,,Jezzine,South
1409,Soujoud,,Jezzine,South
1410,Srayri,,Jezzine,South
1411,Taïd,,Jezzine,South
1412,Tamra,,Jezzine,South
1413,Wadi Baankoudine,,Jezzine,South
1414,Wadi Djezzine,,Jezzine,South
1415,Wadi Laimoune,,Jezzine,South
1416,Zhalta,,Jezzine,South
1417,Jernaya,,Nabatiyeh,South
1418,Abra,,Saida,South
1419,Addoussiat,,Saida,South
1420,Adloun,,Saida,South
1421,Aïn-el-Dib,,Saida,South
1422,Aktanite,,Saida,South
1423,Ankoune,,Saida,South
1424,Ansariyé,,Saida,South
1425,Arab-el-Jal,,Saida,South
1426,Arab Soukar,,Saida,South
1427,Arab Tabbaya,,Saida,South
1428,Arké,,Saida,South
1429,Arzey,,Saida,South
1430,Babliyé,البابلية,Saida,South
1431,Berti,,Saida,South
1432,Bissariat,,Saida,South
1433,Bnaafoul,,Saida,South
1434,Bqosta,,Saida,South
1435,Bramiat,,Saida,South
1436,Daoudiyé,,Saida,South
1437,Darbessim,,Saida,South
1438,Deir Takla,الفياضية,Saida,South
1439,El-Hajjé,,Saida,South
1440,El-Husseiniyé,,Saida,South
1441,El-Kharayeb,,Saida,South
1442,El-Merwaniyé,,Saida,South
1443,El-Mhammariyé,,Saida,South
1444,El-Zrariyé,الزرارية,Saida,South
1445,El Hartiyé,,Saida,South
1446,Ghassaniyé,,Saida,South
1447,Ghazyat,,Saida,South
1448,Haret Saïda,,Saida,South
1449,Helaliat,,Saida,South
1450,Jaziré,,Saida,South
1451,Kaakiet El-Senaoubar,,Saida,South
1452,Kanarite,,Saida,South
1453,Kaoutarite El-Riz,,Saida,South
1454,Kaoutarite El-Siyad,,Saida,South
1455,Kefraya,,Saida,South
1456,Kfar-Bite,,Saida,South
1457,Kfar-Challal,,Saida,South
1458,Kfar Badda,,Saida,South
1459,Kfar Hatta,,Saida,South
1460,Kfar Melki,,Saida,South
1461,Khartoum,,Saida,South
1462,Khazize,,Saida,South
1463,Kherbet Bassal,,Saida,South
1464,Kherbet El-Douair,,Saida,South
1465,Krayé,,Saida,South
1466,Loubié,,Saida,South
1467,Maghdouché,,Saida,South
1468,Majdalioun,,Saida,South
1469,Matriet El-Choumar,,Saida,South
1470,Mazraat El-Wasta,,Saida,South
1471,Mazraat Jimjim,,Saida,South
1472,Mazraet Matarite Jebah,,Saida,South
1473,Miemié,,Saida,South
1474,Mohaidalé,,Saida,South
1475,Msaileh,,Saida,South
1476,Nadjariat,,Saida,South
1477,Saïda Dekerman,,Saida,South
1478,Saïda Ville,,Saida,South
1479,Saïda Wastani,,Saida,South
1480,Saksakiat,,Saida,South
1481,Salhiat,,Saida,South
1482,Samiate,,Saida,South
1483,Sarafend,,Saida,South
1484,Sari,,Saida,South
1485,Sfenté,,Saida,South
1486,Snaiber,,Saida,South
1487,Tanbourite,,Saida,South
1488,Teffehta,,Saida,South
1489,Tibna,,Saida,South
1490,Yahoudiat,,Saida,South
1491,Zaghdraya,,Saida,South
1492,Zeita,,Saida,South
1493,Aaiyé,,Sour,South
1494,Abbassyat,,Sour,South
1495,Abou Chech,,Sour,South
1496,Aïn Abou Abdallah,,Sour,South
1497,Aïn Baal,,Sour,South
1498,Aïtite,,Sour,South
1499,Alma Chaab,علما الشعب,Sour,South
1500,Arzoune,,Sour,South
1501,Bafliyé,,Sour,South
1502,Batouliyat,,Sour,South
1503,Bazouriat,,Sour,South
1504,Beiriche,,Sour,South
1505,Bestiace,,Sour,South
1506,Bidias,,Sour,South
1507,Bordje Rahhal,,Sour,South
1508,Borge El-Chémali,,Sour,South
1509,Boustane,,Sour,South
1510,Btaychiyé,,Sour,South
1511,Chameh,,Sour,South
1512,Chehour,,Sour,South
1513,Cheïetiyé,,Sour,South
1514,Chihine,,Sour,South
1515,Debhalé,,Sour,South
1516,Deir Amess,,Sour,South
1517,Deir Kanoun El-Nahr,,Sour,South
1518,Deir Kanoun Ras El Aïn,,Sour,South
1519,Deir Kifa,,Sour,South
1520,Derdaghaya,,Sour,South
1521,El-Biyad,,Sour,South
1522,El-Héloussiyé,,Sour,South
1523,El-Henniyé,الحنية,Sour,South
1524,El-Kleilé,,Sour,South
1525,El-Mansouri,,Sour,South
1526,El Jbine,,Sour,South
1527,Eskandaroun,,Sour,South
1528,Hamoul,,Sour,South
1529,Hanawé,,Sour,South
1530,Hmairé,,Sour,South
1531,Izzié,,Sour,South
1532,Jebel-El-Batm,,Sour,South
1533,Jejime,,Sour,South
1534,Jennata,,Sour,South
1535,Jouaya,,Sour,South
1536,Kana,,Sour,South
1537,Kneissé,,Sour,South
1538,Mâaraké,,Sour,South
1539,Mahaïlib,,Sour,South
1540,Mahroub,,Sour,South
1541,Majdalzoun,,Sour,South
1542,Marouhine,,Sour,South
1543,Mazraat Dhaira,,Sour,South
1544,Mazraat Ez-Zalloutieh,,Sour,South
1545,Mazraat Mechref,,Sour,South
1546,Mazraat Torsemhat,,Sour,South
1547,Mjadel,,Sour,South
1548,Nakoura,,Sour,South
1549,Neffahiyé,,Sour,South
1550,Niha,,Sour,South
1551,Ouadi Djilou,,Sour,South
1552,Rafid-el-Mernaba,,Sour,South
1553,Recheknaniyeh,,Sour,South
1554,Remadiyeh,,Sour,South
1555,Saddikine,,Sour,South
1556,Salha,,Sour,South
1557,Sour (Tyr),صور,Sour,South
1558,Srifa,,Sour,South
1559,Taïr-Dabba,,Sour,South
1560,Tair Harf,,Sour,South
1561,Tairzibna,,Sour,South
1562,Touaire,,Sour,South
1563,Toura,,Sour,South
1564,Trafelsiyé,,Sour,South
1565,Yanouh,,Sour,South
1566,Yarine,,Sour,South
1567,Zebkine,,Sour,South
