,Column1,Village Name,English Name,District Name,Mohafaza
0,0,عبا,Aba,النبطية,النبطية
1,1,عباسية,Abbassyat,صور,الجنوب
2,2,عبدللي,Abdilli,البترون,الشمال
3,3,عبدين,Abdine,بشري,الشمال
4,4,ابلح,Ablah,زحلة,البقاع
5,5,عبرا,Abra,قرى صيدا,الجنوب
6,6,عبرين,Abrine,البترون,الشمال
7,7,عشقوت,Achkoute,كسروان,جبل لبنان
8,8,عدشيت,Adchite,قضاءي مرجعيون وحاصبيا,النبطية
9,9,عدشيت,Adchite,النبطية,النبطية
10,10,عدلون,Adloun,قرى صيدا,الجنوب
11,11,عفصديق,Afsdik,الكورة,الشمال
12,12,اغميد,Aghmide,عاليه,جبل لبنان
13,13,عيناب,Aïnab,عاليه,جبل لبنان
14,14,عيناتا,Aïnata,قضاءي بعلبك والهرمل,بعلبك والهرمل
15,15,عيناتا,Aïnata,بنت جبيل,النبطية
16,16,عينطورين,Aïntourine,زغرتا,الشمال
17,17,عيتنيت,Aïtanit,قضاءي البقاع الغربي وراشيا,البقاع
18,18,عيترون,Aïtaroun,بنت جبيل,النبطية
19,19,عيتات,Aïtate,عاليه,جبل لبنان
20,20,عيتيت,Aïtite,صور,الجنوب
21,21,ايطو,Aïto,زغرتا,الشمال
22,22,عجلتون,Ajeltoun,كسروان,جبل لبنان
23,23,اكروم,Akroum,عكار,عكار
24,24,عقتنيت,Aktanite,قرى صيدا,الجنوب
25,25,علما,Alma,زغرتا,الشمال
26,26,علمان,Almane,قضاءي مرجعيون وحاصبيا,النبطية
27,27,علمان,Almane,الشوف,جبل لبنان
28,28,عمشيت,Amchite,جبيل,جبل لبنان
29,29,عماطور,Ammatour,الشوف,جبل لبنان
30,30,عميق,Ammik,قضاءي البقاع الغربي وراشيا,البقاع
31,31,عميق,Ammik,الشوف,جبل لبنان
32,32,عانا,Ana,قضاءي البقاع الغربي وراشيا,البقاع
33,33,انان,Anane,جزين,الجنوب
34,34,عندقت,Andeket,عكار,عكار
35,35,عنقون,Ankoune,قرى صيدا,الجنوب
36,36,عانوت,Anoute,الشوف,جبل لبنان
37,37,انصاريه,Ansariyé,قرى صيدا,الجنوب
38,38,انطلياس,Antélias,المتن,جبل لبنان
39,39,عرمون,Aramoun,عاليه,جبل لبنان
40,40,عرمون,Aramoun,كسروان,جبل لبنان
41,41,عرمتي,Aramté,جزين,الجنوب
42,42,عاريا,Araya,بعبدا,جبل لبنان
43,43,ارده,Ardé,زغرتا,الشمال
44,44,عرجس,Argesse,زغرتا,الشمال
45,45,عرقا,Arka,عكار,عكار
46,46,اركي,Arké,قرى صيدا,الجنوب
47,47,ارنون,Arnoune,النبطية,النبطية
48,48,ارصون,Arsoune,بعبدا,جبل لبنان
49,49,ارزي,Arzey,قرى صيدا,الجنوب
50,50,ارزون,Arzoune,صور,الجنوب
51,51,اصنون,Asnoune,زغرتا,الشمال
52,52,عاصون,Assoun,الضنية,الشمال
53,53,عترين,Atrine,الشوف,جبل لبنان
54,54,عازور,Azour,جزين,الجنوب
55,55,بعبدا,Baabda,بعبدا,جبل لبنان
56,56,بعلول,Baaloul,قضاءي البقاع الغربي وراشيا,البقاع
57,57,بعاصير,Baassir,الشوف,جبل لبنان
58,58,بشوات,Bachwat,قضاءي بعلبك والهرمل,بعلبك والهرمل
59,59,بدبهون,Badbhoun,الكورة,الشمال
60,60,بافليه,Bafliyé,صور,الجنوب
61,61,بيقون,Baïkoun,الشوف,جبل لبنان
62,62,بيصور,Baissour,جزين,الجنوب
63,63,بيصور,Baissour,عاليه,جبل لبنان
64,64,بكا,Bakka,قضاءي البقاع الغربي وراشيا,البقاع
65,65,بكيفا,Bakkifa,قضاءي البقاع الغربي وراشيا,البقاع
66,66,بكيفا,Bakkifa,الشوف,جبل لبنان
67,67,بلونه,Ballouné,كسروان,جبل لبنان
68,68,بان,Bane,بشري,الشمال
69,69,برعشيت,Baraachite,بنت جبيل,النبطية
70,70,برغون,Bargoune,الكورة,الشمال
71,71,برجا,Barja,الشوف,جبل لبنان
72,72,برسا,Barsa,الكورة,الشمال
73,73,باتر,Bater,الشوف,جبل لبنان
74,74,بتلون,Batloune,الشوف,جبل لبنان
75,75,باتولية,Batouliyat,صور,الجنوب
76,76,بزبينا,Bazbina,عكار,عكار
77,77,بشعله,Bchaalé,البترون,الشمال
78,78,بشامون,Bchamoune,عاليه,جبل لبنان
79,79,بشتفين,Bchatfine,الشوف,جبل لبنان
80,80,بشنين,Bchenine,زغرتا,الشمال
81,81,بشللي,Bchillé,جبيل,جبل لبنان
82,82,بدبا,Bdebba,الكورة,الشمال
83,83,بدادون,Bdédoune,عاليه,جبل لبنان
84,84,ببنين,Bebnine,عكار,عكار
85,85,بشمزين,Bechmezzine,الكورة,الشمال
86,86,بدغان,Bedghane,عاليه,جبل لبنان
87,87,بدنايل,Bednayel,قضاءي بعلبك والهرمل,بعلبك والهرمل
88,88,بدنايل,Bednayel,الكورة,الشمال
89,89,بحديدات,Behdaidate,جبيل,جبل لبنان
90,90,بينو,Beino,عكار,عكار
91,91,بجدرفل,Bejdarfel,البترون,الشمال
92,92,بجه,Bejjé,جبيل,جبل لبنان
93,93,بنويتي,Benouaïti,الشوف,جبل لبنان
94,94,بنواتي,Benwati,جزين,الجنوب
95,95,برحليون,Berhalioun,بشري,الشمال
96,96,برقايل,Berkayel,عكار,عكار
97,97,برتي,Berti,قرى صيدا,الجنوب
98,98,بزحل,Bezhel,كسروان,جبل لبنان
99,99,بحبوش,Bhabbouche,الكورة,الشمال
100,100,بحنين,Bhanine,المنية,الشمال
101,101,بياقوت,Biakoute,المتن,جبل لبنان
102,102,بدياس,Bidias,صور,الجنوب
103,103,بكفيا,Bikfaya,المتن,جبل لبنان
104,104,بسري,Bisri,جزين,الجنوب
105,105,بسرين,Bisrine,عاليه,جبل لبنان
106,106,بقرقاشا,Bkarkacha,بشري,الشمال
107,107,بقرزلا,Bkarzala,عكار,عكار
108,108,بكفتين,Bkeftine,الكورة,الشمال
109,109,بقنايا,Bkennaya,المتن,جبل لبنان
110,110,بكاسين,Bkessine,جزين,الجنوب
111,111,بلوزا,Blaouza,بشري,الشمال
112,112,بلاط,Blat,قضاءي مرجعيون وحاصبيا,النبطية
113,113,بلاط,Blat,جبيل,جبل لبنان
114,114,بليبل,Bleibel,عاليه,جبل لبنان
115,115,بليدا,Blida,قضاءي مرجعيون وحاصبيا,النبطية
116,116,بمكين,Bmakkine,عاليه,جبل لبنان
117,117,بمريم,Bmariam,بعبدا,جبل لبنان
118,118,بنعفول,Bnaafoul,قرى صيدا,الجنوب
119,119,بنهران,Bnehrane,الكورة,الشمال
120,120,بقسميا,Boksmaya,البترون,الشمال
121,121,بطمه,Botmé,الشوف,جبل لبنان
122,122,بوسيط,Boucite,زغرتا,الشمال
123,123,بوداي,Bouday,قضاءي بعلبك والهرمل,بعلبك والهرمل
124,124,بوارج,Bouerije,زحلة,البقاع
125,125,بصليا,Bouslaya,جزين,الجنوب
126,126,بريسات,Brissat,بشري,الشمال
127,127,برمانا,Broummana,المتن,جبل لبنان
128,128,بسابا,Bsaba,الشوف,جبل لبنان
129,129,بسابا,Bsaba,بعبدا,جبل لبنان
130,130,بصاليم,Bsalime,المتن,جبل لبنان
131,131,بصرما,Bsarma,الكورة,الشمال
132,132,بسوس,Bsous,عاليه,جبل لبنان
133,133,بتاتر,Btater,عاليه,جبل لبنان
134,134,بتبيات,Btebiat,بعبدا,جبل لبنان
135,135,بتغرين,Bteghrine,المتن,جبل لبنان
136,136,بطرماز,Btermaz,الضنية,الشمال
137,137,بطرام,Bterram,الكورة,الشمال
138,138,بتوراتيج,Btouratige,الكورة,الشمال
139,139,برغز,Burghoz,قضاءي مرجعيون وحاصبيا,النبطية
140,140,بزال,Bzal,عكار,عكار
141,141,بزبدين,Bzebdine,بعبدا,جبل لبنان
142,142,بزيزا,Bziza,الكورة,الشمال
143,143,بزمار,Bzoumar,كسروان,جبل لبنان
144,144,شبطين,Chabtine,البترون,الشمال
145,145,شحتول,Chahtoul,كسروان,جبل لبنان
146,146,شقرا,Chakra,بنت جبيل,النبطية
147,147,شامات,Chamate,جبيل,جبل لبنان
148,148,شملان,Chamlane,عاليه,جبل لبنان
149,149,شان,Chane,عكار,عكار
150,150,شربيلا,Charbila,عكار,عكار
151,151,شارون,Charoun,عاليه,جبل لبنان
152,152,شرتون,Chartoun,عاليه,جبل لبنان
153,153,شاتين,Chatine,البترون,الشمال
154,154,شواليق,Chawalik,جزين,الجنوب
155,155,شحور,Chehour,صور,الجنوب
156,156,شكا,Chekka,البترون,الشمال
157,157,شيحين,Chihine,صور,الجنوب
158,158,شيخان,Chikhane,جبيل,جبل لبنان
159,159,شيخلار,Chikhlar,عكار,عكار
160,160,شليفا,Chlifa,قضاءي بعلبك والهرمل,بعلبك والهرمل
161,161,شموت,Chmout,جبيل,جبل لبنان
162,162,شويا,Chouaya,قضاءي مرجعيون وحاصبيا,النبطية
163,163,شويا,Chouaya,المتن,جبل لبنان
164,164,شويت,Chouit,بعبدا,جبل لبنان
165,165,شوكين,Choukine,النبطية,النبطية
166,166,شوريت,Chourite,الشوف,جبل لبنان
167,167,شرين,Chrine,المتن,جبل لبنان
168,168,داعل,Dael,البترون,الشمال
169,169,دقون,Dakkoun,عاليه,جبل لبنان
170,170,دلهون,Dalhoune,الشوف,جبل لبنان
171,171,درعون,Daraoun,كسروان,جبل لبنان
172,172,داريا,Daraya,زغرتا,الشمال
173,173,داريا,Daraya,الشوف,جبل لبنان
174,174,داريا,Daraya,كسروان,جبل لبنان
175,175,دبعل,Debaael,الضنية,الشمال
176,176,دبل,Debel,بنت جبيل,النبطية
177,177,دده,Déddé,الكورة,الشمال
178,178,دلهميه,Delhamié,زحلة,البقاع
179,179,دردغيا,Derdaghaya,صور,الجنوب
180,180,دريا,Deria,البترون,الشمال
181,181,دفون,Dfoun,عاليه,جبل لبنان
182,182,دبين,Dibbine,قضاءي مرجعيون وحاصبيا,النبطية
183,183,جزين,Djezzine,جزين,الجنوب
184,184,دلبتا,Dlebta,كسروان,جبل لبنان
185,185,دميت,Dmite,الشوف,جبل لبنان
186,186,دوق,Douk,البترون,الشمال
187,187,دوما,Douma,البترون,الشمال
188,188,عدبل,Edbel,عكار,عكار
189,189,اده,Eddé,البترون,الشمال
190,190,اده,Eddé,جبيل,جبل لبنان
191,191,اهمج,Ehmège,جبيل,جبل لبنان
192,192,اجدبرا,Ejdabra,البترون,الشمال
193,193,العين,ElAyoune,قضاءي بعلبك والهرمل,بعلبك والهرمل
194,194,انفه,Enfeh,الكورة,الشمال
195,195,فيطرون,Faïtroun,كسروان,جبل لبنان
196,196,فالوغا,Falougha,بعبدا,جبل لبنان
197,197,فنار,Fanar,المتن,جبل لبنان
198,198,فاريا,Faraya,كسروان,جبل لبنان
199,199,فرحت,Farhat,جبيل,جبل لبنان
200,200,فتقا,Fatka,كسروان,جبل لبنان
201,201,فغال,Fghal,جبيل,جبل لبنان
202,202,فدار,Fidar,جبيل,جبل لبنان
203,203,فنيدق,Fneidek,عكار,عكار
204,204,فرات,Frat,جبيل,جبل لبنان
205,205,فريديس,Freidice,عكار,عكار
206,206,فرون,Froune,بنت جبيل,النبطية
207,207,غلبون,Ghalboune,جبيل,جبل لبنان
208,208,غريفه,Gharifé,الشوف,جبل لبنان
209,209,غرزوز,Gharzouze,جبيل,جبل لبنان
210,210,غزه,Ghazzé,قضاءي البقاع الغربي وراشيا,البقاع
211,211,غباله,Ghbélé,كسروان,جبل لبنان
212,212,غدراس,Ghodrace,كسروان,جبل لبنان
213,213,غرفين,Ghorfine,جبيل,جبل لبنان
214,214,غوسطا,Ghosta,كسروان,جبل لبنان
215,215,حبوش,Habbouche,النبطية,النبطية
216,216,حبشيت,Habchite,عكار,عكار
217,217,هابيل,Habil,جبيل,جبل لبنان
218,218,حبرامون,Habramoun,عاليه,جبل لبنان
219,219,حدشيت,Hadchite,بشري,الشمال
220,220,حدتون,Hadtoune,البترون,الشمال
221,221,حاقل,Hakel,جبيل,جبل لبنان
222,222,حالات,Halate,جبيل,جبل لبنان
223,223,حلبا,Halba,عكار,عكار
224,224,حلبتا,Halbata,قضاءي بعلبك والهرمل,بعلبك والهرمل
225,225,حام,Ham,قضاءي بعلبك والهرمل,بعلبك والهرمل
226,226,حامات,Hamat,البترون,الشمال
227,227,حمانا,Hammana,بعبدا,جبل لبنان
228,228,حانين,Hanine,بنت جبيل,النبطية
229,229,حرار,Harare,عكار,عكار
230,230,حربتا,Harbta,قضاءي بعلبك والهرمل,بعلبك والهرمل
231,231,حردين,Hardine,البترون,الشمال
232,232,حريصا,Harissa,كسروان,جبل لبنان
233,233,حاروف,Harouf,النبطية,النبطية
234,234,حصرون,Hasroune,بشري,الشمال
235,235,حصروت,Hasroute,الشوف,جبل لبنان
236,236,حوارة,Hawara,الضنية,الشمال
237,237,هيتلا,Haytla,عكار,عكار
238,238,حيزوق,Hayzouk,عكار,عكار
239,239,حبالين,Hbeline,جبيل,جبل لبنان
240,240,حجولا,Hejoula,جبيل,جبل لبنان
241,241,حلتا,Helta,البترون,الشمال
242,242,حملايا,Hemlaya,المتن,جبل لبنان
243,243,حصرايل,Hisraïl,جبيل,جبل لبنان
244,244,حزرتا,Hizzerta,زحلة,البقاع
245,245,حزين,Hizzine,قضاءي بعلبك والهرمل,بعلبك والهرمل
246,246,حميره,Hmairé,قضاءي بعلبك والهرمل,بعلبك والهرمل
247,247,حميص,Hmais,زغرتا,الشمال
248,248,حنيدر,Hnaïder,عكار,عكار
249,249,حولا,Houla,قضاءي مرجعيون وحاصبيا,النبطية
250,250,حومال,Houmale,عاليه,جبل لبنان
251,251,حراجل,Hrajel,كسروان,جبل لبنان
252,252,ايلات,Ilate,عكار,عكار
253,253,ايزال,Izal,الضنية,الشمال
254,254,عزه,Izzié,النبطية,النبطية
255,255,جاج,Jage,جبيل,جبل لبنان
256,256,جبيل,Jbail,جبيل,جبل لبنان
257,257,جبلا,Jebla,البترون,الشمال
258,258,جبرايل,Jebrâil,عكار,عكار
259,259,جدايل,Jeddeyel,جبيل,جبل لبنان
260,260,جعيتا,Jeita,كسروان,جبل لبنان
261,261,جنتا,Jennata,قضاءي بعلبك والهرمل,بعلبك والهرمل
262,262,جنسنايا,Jensnaya,جزين,الجنوب
263,263,جرنايا,Jernaya,جزين,الجنوب
264,264,جميجمه,Jmeijmé,بنت جبيل,النبطية
265,265,جبشيت,Jobchite,النبطية,النبطية
266,266,جويا,Jouaya,صور,الجنوب
267,267,جون,Joun,الشوف,جبل لبنان
268,268,جربتا,Jrabta,البترون,الشمال
269,269,جران,Jrane,البترون,الشمال
270,270,قبريخا,Kabrikha,قضاءي مرجعيون وحاصبيا,النبطية
271,271,قشلق,Kachlak,عكار,عكار
272,272,كفتون,Kaftoune,الكورة,الشمال
273,273,كيفون,Kaïfoun,عاليه,جبل لبنان
274,274,قيتولي,Kaïtoulé,جزين,الجنوب
275,275,قلاويه,Kalaouiyé,بنت جبيل,النبطية
276,276,قانا,Kana,صور,الجنوب
277,277,قناريت,Kanarite,قرى صيدا,الجنوب
278,278,كوكبا,Kaoukaba,قضاءي البقاع الغربي وراشيا,البقاع
279,279,كوكبا,Kaoukaba,قضاءي مرجعيون وحاصبيا,النبطية
280,280,قرحا,Karha,قضاءي بعلبك والهرمل,بعلبك والهرمل
281,281,قرحا,Karha,عكار,عكار
282,282,كرخا,Karkha,جزين,الجنوب
283,283,قرصيتا,Karseita,الضنية,الشمال
284,284,قرطاضة,Kartada,بعبدا,جبل لبنان
285,285,كترمايا,Katermaya,الشوف,جبل لبنان
286,286,قبولا,Kboula,عكار,عكار
287,287,كفريا,Kefraya,قضاءي البقاع الغربي وراشيا,البقاع
288,288,كفريا,Kefraya,قرى صيدا,الجنوب
289,289,كفريا,Kefraya,الكورة,الشمال
290,290,كفريا,Kefraya,زغرتا,الشمال
291,291,قهمز,Kehmez,جبيل,جبل لبنان
292,292,قلحات,Kelhate,الكورة,الشمال
293,293,قليا,Kélia,قضاءي البقاع الغربي وراشيا,البقاع
294,294,قرنايل,Kernayel,بعبدا,جبل لبنان
295,295,كفرشيما,Kfarchima,بعبدا,جبل لبنان
296,296,كفردان,Kfardan,قضاءي بعلبك والهرمل,بعلبك والهرمل
297,297,كفردونين,Kfardounine,بنت جبيل,النبطية
298,298,كفرفيلا,Kfarfila,النبطية,النبطية
299,299,كفرفو,Kfarfou,زغرتا,الشمال
300,300,كفرحيم,Kfarhime,الشوف,جبل لبنان
301,301,كفركلا,Kfarkala,قضاءي مرجعيون وحاصبيا,النبطية
302,302,كفرنيس,Kfarnice,الشوف,جبل لبنان
303,303,كفرنون,Kfarnoune,عكار,عكار
304,304,كفرتون,Kfartun,عكار,عكار
305,305,كفيفان,Kfifane,البترون,الشمال
306,306,خرطوم,Khartoum,قرى صيدا,الجنوب
307,307,خزيز,Khazize,قرى صيدا,الجنوب
308,308,قنيور,Knaiouer,بشري,الشمال
309,309,قنات,Knate,بشري,الشمال
310,310,كوبا,Kobbaï,البترون,الشمال
311,311,قرقريا,Korkraya,جبيل,جبل لبنان
312,312,كويخات,Koueikhat,عكار,عكار
313,313,كونين,Kounine,بنت جبيل,النبطية
314,314,كور,Kour,البترون,الشمال
315,315,كوسبا,Kousba,الكورة,الشمال
316,316,قصرنبا,Ksarnaba,قضاءي بعلبك والهرمل,بعلبك والهرمل
317,317,قتاله,Ktalé,بعبدا,جبل لبنان
318,318,لالا,Lala,قضاءي البقاع الغربي وراشيا,البقاع
319,319,لاسا,Lassa,جبيل,جبل لبنان
320,320,لبايا,Lebbaya,قضاءي البقاع الغربي وراشيا,البقاع
321,321,لحفد,Lehfed,جبيل,جبل لبنان
322,322,لوسيا,Loucia,قضاءي البقاع الغربي وراشيا,البقاع
323,323,معاد,Maad,جبيل,جبل لبنان
324,324,معراب,Maarab,كسروان,جبل لبنان
325,325,معربون,Maaraboun,قضاءي بعلبك والهرمل,بعلبك والهرمل
326,326,معصريتي,Maasraïti,عاليه,جبل لبنان
327,327,مشحا,Machha,عكار,عكار
328,328,مشمش,Machmouché,عكار,عكار
329,329,مشمش,Machmouché,جبيل,جبل لبنان
330,330,مغدوشه,Maghdouché,قرى صيدا,الجنوب
331,331,ميدون,Maïdoune,قضاءي البقاع الغربي وراشيا,البقاع
332,332,ميفدون,Maifadoune,النبطية,النبطية
333,333,ميفوق,Maïfouk,جبيل,جبل لبنان
334,334,مجدليون,Majdalioun,قرى صيدا,الجنوب
335,335,مجدلونا,Majdalouna,الشوف,جبل لبنان
336,336,مجدلزون,Majdalzoun,صور,الجنوب
337,337,مجدلون,Majdeloun,قضاءي بعلبك والهرمل,بعلبك والهرمل
338,338,مجدلا,Majdla,عكار,عكار
339,339,مكسه,Maksé,زحلة,البقاع
340,340,مقنه,Maqné,قضاءي بعلبك والهرمل,بعلبك والهرمل
341,341,مرجبا,Marjaba,المتن,جبل لبنان
342,342,مركبا,Markaba,قضاءي مرجعيون وحاصبيا,النبطية
343,343,مركبتا,Markabta,المنية,الشمال
344,344,مروحين,Marouhine,صور,الجنوب
345,345,ماسا,Massa,زحلة,البقاع
346,346,ميروبا,Mayrouba,كسروان,جبل لبنان
347,347,مزبود,Mazboud,الشوف,جبل لبنان
348,348,مشيخا,Mchikha,المتن,جبل لبنان
349,349,مدوخا,Mdoukha,قضاءي البقاع الغربي وراشيا,البقاع
350,350,مشان,Mechane,جبيل,جبل لبنان
351,351,محمرش,Mehemrech,البترون,الشمال
352,352,مجدليا,Mejdlaya,زغرتا,الشمال
353,353,متريت,Metrite,الكورة,الشمال
354,354,محيبيب,Mhaïbib,قضاءي مرجعيون وحاصبيا,النبطية
355,355,مقراق,Mikrak,قضاءي بعلبك والهرمل,بعلبك والهرمل
356,356,ميمس,Mimas,قضاءي مرجعيون وحاصبيا,النبطية
357,357,مزيارة,Miziara,زغرتا,الشمال
358,358,مجادل,Mjadel,صور,الجنوب
359,359,مجيدل,Mjaïdel,جزين,الجنوب
360,360,مليخ,Mlikh,جزين,الجنوب
361,361,منجز,Mounjez,عكار,عكار
362,362,مريجات,Mreijat,زحلة,البقاع
363,363,مرستي,Mristé,الشوف,جبل لبنان
364,364,نابيه,Nabiyeh,المتن,جبل لبنان
365,365,نحلا,Nahla,البترون,الشمال
366,366,نحله,Nahlé,قضاءي بعلبك والهرمل,بعلبك والهرمل
367,367,نيحا,Niha,زحلة,البقاع
368,368,نيحا,Niha,البترون,الشمال
369,369,نيحا,Niha,الشوف,جبل لبنان
370,370,عبيدات,Obeidate,جبيل,جبل لبنان
371,371,قبعيت,Qabbait,عكار,عكار
372,372,رعشين,Raachine,كسروان,جبل لبنان
373,373,راشا,Racha,البترون,الشمال
374,374,رشاف,Rachafe,بنت جبيل,النبطية
375,375,راشانا,Rachana,البترون,الشمال
376,376,رحبه,Rahbé,عكار,عكار
377,377,رعيت,Rait,زحلة,البقاع
378,378,رام,Ram,البترون,الشمال
379,379,راسكيفا,Raskifa,زغرتا,الشمال
380,380,رياق,Rayak,زحلة,البقاع
381,381,ريفون,Rayfoun,كسروان,جبل لبنان
382,382,رشدبين,Rechdebbine,الكورة,الشمال
383,383,رشكنانيه,Recheknaniyeh,صور,الجنوب
384,384,رشميا,Rechmaya,عاليه,جبل لبنان
385,385,رمحالا,Remhala,عاليه,جبل لبنان
386,386,ريحا,Riha,قضاءي بعلبك والهرمل,بعلبك والهرمل
387,387,رماح,Rmah,عكار,عكار
388,388,رميش,Rmeiche,بنت جبيل,النبطية
389,389,روم,Roum,جزين,الجنوب
390,390,روميه,Roumieh,المتن,جبل لبنان
391,391,رومين,Roumine,النبطية,النبطية
392,392,سعدين,Saadine,عكار,عكار
393,393,صباح,Sabbah,جزين,الجنوب
394,394,صديقين,Saddikine,صور,الجنوب
395,395,صغبين,Saghbine,قضاءي البقاع الغربي وراشيا,البقاع
396,396,صيدون,Saïdoune,جزين,الجنوب
397,397,سيسوق,Saïssouk,عكار,عكار
398,398,سلعاتا,Salaata,البترون,الشمال
399,399,صليما,Salima,بعبدا,جبل لبنان
400,400,سرحمول,Sarahmoul,عاليه,جبل لبنان
401,401,صربا,Sarba,النبطية,النبطية
402,402,صربا,Sarba,كسروان,جبل لبنان
403,403,صربين,Sarbine,بنت جبيل,النبطية
404,404,سبلين,Sebline,الشوف,جبل لبنان
405,405,سلفايا,Selfaya,عاليه,جبل لبنان
406,406,سير,Sir,الضنية,الشمال
407,407,سرجبال,Sirjbal,الشوف,جبل لبنان
408,408,سنيه,Sniyé,جزين,الجنوب
409,409,سحمر,Sohmor,قضاءي البقاع الغربي وراشيا,البقاع
410,410,صوانه,Souané,قضاءي مرجعيون وحاصبيا,النبطية
411,411,سجد,Soujoud,جزين,الجنوب
412,412,سرار,Srar,عكار,عكار
413,413,صريفا,Srifa,صور,الجنوب
414,414,طبرجا,Tabarja,كسروان,جبل لبنان
415,415,طليا,Talia,قضاءي بعلبك والهرمل,بعلبك والهرمل
416,416,طنبوريت,Tanbourite,قرى صيدا,الجنوب
417,417,البترون,,البترون,الشمال
418,418,الفتاحات وحربونا,,البترون,الشمال
419,419,آسيا,,البترون,الشمال
420,420,بشتودار,,البترون,الشمال
421,421,بيت شلالا,,البترون,الشمال
422,422,تنورين التحتا,Tannourine el Tahta,البترون,الشمال
423,423,تنورين الفوقا,,البترون,الشمال
424,424,دير بلا,,البترون,الشمال
425,425,راشكده,,البترون,الشمال
426,426,راشكيده,,البترون,الشمال
427,427,صغار,,البترون,الشمال
428,428,صورات,,البترون,الشمال
429,429,ضهر ابو ياغي,,البترون,الشمال
430,430,الباروك,El-Barouk,الشوف,جبل لبنان
431,431,عرتز,,البترون,الشمال
432,432,عورا,,البترون,الشمال
433,433,غوما,,البترون,الشمال
434,434,قندولا,,البترون,الشمال
435,435,كفر حتنا,,البترون,الشمال
436,436,البداوي,Al-Beddaoui,مدينة طرابلس,الشمال
437,437,كفر حلده,,البترون,الشمال
438,438,كفرحي,,البترون,الشمال
439,439,مراح الحاج,Mrah el Hage,البترون,الشمال
440,440,مراح الزيات,Mrah-El-Ziet,البترون,الشمال
441,441,البرج,El-Borge,عكار,عكار
442,442,البرجين,El-Berjaine,الشوف,جبل لبنان
443,443,مراح شديد ودير شواح,,البترون,الشمال
444,444,مسرح والبقيعة,,البترون,الشمال
445,445,وجه الحجر,Wejh-el-Hajar,البترون,الشمال
446,446,البطال,,الشوف,جبل لبنان
447,447,الجاهلية,,الشوف,جبل لبنان
448,448,الجميليه,,الشوف,جبل لبنان
449,449,الجيه,El Jiyeh,الشوف,جبل لبنان
450,450,الدامور,,الشوف,جبل لبنان
451,451,الدبية,,الشوف,جبل لبنان
452,452,الرميله,,الشوف,جبل لبنان
453,453,الزعرورية,,الشوف,جبل لبنان
454,454,البنيه,El-Bennayé,عاليه,جبل لبنان
455,455,البوار,El-Bouar,كسروان,جبل لبنان
456,456,السمقانية,,الشوف,جبل لبنان
457,457,الفواره,,الشوف,جبل لبنان
458,458,الكحلونية,,الشوف,جبل لبنان
459,459,الكنيسة,,الشوف,جبل لبنان
460,460,البياض,El-Biyad,صور,الجنوب
461,461,البيره,El-Biré,قضاءي البقاع الغربي وراشيا,البقاع
462,462,البيره,El-Biré,عكار,عكار
463,463,البيره,El-Biré,الشوف,جبل لبنان
464,464,المحتقره دير المخلص,,الشوف,جبل لبنان
465,465,المطله,,الشوف,جبل لبنان
466,466,المغيريه,,الشوف,جبل لبنان
467,467,التل,El-Tellé,مدينة طرابلس,الشمال
468,468,التليل,El-Tleil,عكار,عكار
469,469,الناعمه,,الشوف,جبل لبنان
470,470,الوردانية,El-Wardaniyeh,الشوف,جبل لبنان
471,471,الورهانية,,الشوف,جبل لبنان
472,472,بريح,,الشوف,جبل لبنان
473,473,بعذران,,الشوف,جبل لبنان
474,474,بعقلين التحتا,,الشوف,جبل لبنان
475,475,بعقلين الفوقا,,الشوف,جبل لبنان
476,476,بقعاتا,,الشوف,جبل لبنان
477,477,الجديده,Al-Jdeidé,قضاءي بعلبك والهرمل,بعلبك والهرمل
478,478,الجديده,Al-Jdeidé,عكار,عكار
479,479,الجرمق,El-Jarmak,جزين,الجنوب
480,480,جباع,,الشوف,جبل لبنان
481,481,الجليليه,El-Jleiliyeh,الشوف,جبل لبنان
482,482,جدرا - وادي الزينة,,الشوف,جبل لبنان
483,483,الجوار,El-Jouar,المتن,جبل لبنان
484,484,جديدة الشوف,,الشوف,جبل لبنان
485,485,حارة الناعمه,,الشوف,جبل لبنان
486,486,حارة بعاصير,,الشوف,جبل لبنان
487,487,دير دوريت,,الشوف,جبل لبنان
488,488,الحازميه,El-Hazmieh,بعبدا,جبل لبنان
489,489,شحيم حي البدوي,,الشوف,جبل لبنان
490,490,شحيم حي البيادر,,الشوف,جبل لبنان
491,491,شحيم حي الجامع,,الشوف,جبل لبنان
492,492,شحيم حي السهله,,الشوف,جبل لبنان
493,493,شحيم حي الشريفة,,الشوف,جبل لبنان
494,494,شحيم حي الوسطاني,,الشوف,جبل لبنان
495,495,شحيم حي شحرور,,الشوف,جبل لبنان
496,496,الحرف,El-Harf,جزين,الجنوب
497,497,عين الاسد والشميس,,الشوف,جبل لبنان
498,498,عين الحور,,الشوف,جبل لبنان
499,499,الحصون,El-Hsoune,جبيل,جبل لبنان
500,500,الحصين,El-Hossein,كسروان,جبل لبنان
501,501,عين وزين,,الشوف,جبل لبنان
502,502,كفر قطره,,الشوف,جبل لبنان
503,503,كفرحي,,الشوف,جبل لبنان
504,504,كفرنبرخ,,الشوف,جبل لبنان
505,505,كليليه,,الشوف,جبل لبنان
506,506,مجدل المعوش,,الشوف,جبل لبنان
507,507,الحوش,El-Houaïche,قضاءي البقاع الغربي وراشيا,البقاع
508,508,مرج برجا,,الشوف,جبل لبنان
509,509,مزموره,,الشوف,جبل لبنان
510,510,الخاربه,El-Kharbé,جبيل,جبل لبنان
511,511,الخرايب,Al-Kharayeb,قضاءي بعلبك والهرمل,بعلبك والهرمل
512,512,الخرايب,Al-Kharayeb,قرى صيدا,الجنوب
513,513,الخرنوب,Al-Kharnoubé,الضنية,الشمال
514,514,الخريبه,Al-Khraibé,قضاءي بعلبك والهرمل,بعلبك والهرمل
515,515,الخريبه,Al-Khraibé,الشوف,جبل لبنان
516,516,الخريبه,Al-Khraibé,بعبدا,جبل لبنان
517,517,وادي بنحليه,,الشوف,جبل لبنان
518,518,وادي دير دوريت,,الشوف,جبل لبنان
519,519,الحازمية,,الضنية,الشمال
520,520,الروضة,,الضنية,الشمال
521,521,السفيرة,,الضنية,الشمال
522,522,القطين,,الضنية,الشمال
523,523,الخله,El-Khellé,المتن,جبل لبنان
524,524,الخلوات,El-Khalouat,قضاءي مرجعيون وحاصبيا,النبطية
525,525,الخلوات,El-Khalouat,بعبدا,جبل لبنان
526,526,القمامين,,الضنية,الشمال
527,527,المطل,,الضنية,الشمال
528,528,بحويتا,,الضنية,الشمال
529,529,بخعون,,الضنية,الشمال
530,530,بقرصونه,,الضنية,الشمال
531,531,بيت الفقس,Beit-El-Faks,الضنية,الشمال
532,532,حرف السياد,,الضنية,الشمال
533,533,حقل العزيمه,Haql el Aazimé,الضنية,الشمال
534,534,عزقي,,الضنية,الشمال
535,535,الدغلي,El-Daghlé,عكار,عكار
536,536,عيمار,,الضنية,الشمال
537,537,عين التينة,Aïn-El-Tiné,الضنية,الشمال
538,538,قزحيا,,الضنية,الشمال
539,539,الدليبه,El-Dleibé,بعبدا,جبل لبنان
540,540,كرم المهر,,الضنية,الشمال
541,541,كفربنين,,الضنية,الشمال
542,542,كهف الملول,Kahf-El-Malloul,الضنية,الشمال
543,543,مراح السريج,Mrah-el-Sreige,الضنية,الشمال
544,544,الديشونيه,El-Dechouniyeh,المتن,جبل لبنان
545,545,الديمان,El-Dimane,بشري,الشمال
546,546,مراح السفيرة,,الضنية,الشمال
547,547,الرام,El-Ram,قضاءي بعلبك والهرمل,بعلبك والهرمل
548,548,الرامة,Aramté,عكار,عكار
549,549,الراموط,El-Ramout,جبيل,جبل لبنان
550,550,مزرعة القرين,Mazraet-El-Kreine,الضنية,الشمال
551,551,نمرين,,الضنية,الشمال
552,552,الرفيد,El-RafidE,قضاءي البقاع الغربي وراشيا,البقاع
553,553,اجد عبرين,,الكورة,الشمال
554,554,البحصاص,,الكورة,الشمال
555,555,الرمليه,El-Ramliyeh,عاليه,جبل لبنان
556,556,حارة الخاصة,,الكورة,الشمال
557,557,دار بعشتار,Dar Bechtar,الكورة,الشمال
558,558,زغرتا المتاولة,Zghorta el-Métaoulé,الكورة,الشمال
559,559,ضهر العين,,الكورة,الشمال
560,560,الريحان,Al-Rihanié,جزين,الجنوب
561,561,ضهور الهوا,,الكورة,الشمال
562,562,فيع,Fih,الكورة,الشمال
563,563,كفر صارون,Kfar Saroun,الكورة,الشمال
564,564,اميون شرقي,Amioune,الكورة,الشمال
565,565,اميون غربي,Amioune,الكورة,الشمال
566,566,بترومين,Beitroumine,الكورة,الشمال
567,567,بتعبوره,Btaaboura,الكورة,الشمال
568,568,كفرعقا,Kfar Akka,الكورة,الشمال
569,569,كفرحاتا,Kfar Hatta,الكورة,الشمال
570,570,كفر قاهل,Kfar Kahel,الكورة,الشمال
571,571,الزغرين,El-Zeghrine,قضاءي بعلبك والهرمل,بعلبك والهرمل
572,572,الزغرين,El-Zeghrine,المتن,جبل لبنان
573,573,الزلقا,El-Zalka,المتن,جبل لبنان
574,574,راس مسقا الجنوبية,Ras Maska,الكورة,الشمال
575,575,راس مسقا الشمالية,Ras Maska,الكورة,الشمال
576,576,ابو ميزان,,المتن,جبل لبنان
577,577,البوشريه,,المتن,جبل لبنان
578,578,الجديدة,,المتن,جبل لبنان
579,579,السفري,Al-Sfiré,قضاءي بعلبك والهرمل,بعلبك والهرمل
580,580,الخنشاره,,المتن,جبل لبنان
581,581,السفيله,El-Sfailé,المتن,جبل لبنان
582,582,الدكوانه,,المتن,جبل لبنان
583,583,الدوار,,المتن,جبل لبنان
584,584,الرابية,,المتن,جبل لبنان
585,585,الشاويه والقنيطره,"Chaouié, Knaitré et Mar gergesse Bhurdok",المتن,جبل لبنان
586,586,الشوير,,المتن,جبل لبنان
587,587,الضبيه,,المتن,جبل لبنان
588,588,العيرون,,المتن,جبل لبنان
589,589,الغابه,,المتن,جبل لبنان
590,590,الفريكه,El Freiké,المتن,جبل لبنان
591,591,القعقور,,المتن,جبل لبنان
592,592,المتين,El Mtein,المتن,جبل لبنان
593,593,المحيدثة,,المتن,جبل لبنان
594,594,المسقى,,المتن,جبل لبنان
595,595,المشرع,,المتن,جبل لبنان
596,596,المكلس,Mkallesse,المتن,جبل لبنان
597,597,النقاش,Naccache,المتن,جبل لبنان
598,598,بحر صاف,,المتن,جبل لبنان
599,599,بسكنتا جنوبي,Baskinta,المتن,جبل لبنان
600,600,بسكنتا شمالي,Baskinta,المتن,جبل لبنان
601,601,بعبدات,,المتن,جبل لبنان
602,602,بيت الشعار,,المتن,جبل لبنان
603,603,بيت الككو,Beit El Koukou,المتن,جبل لبنان
604,604,بيت شباب تحتاني,,المتن,جبل لبنان
605,605,بيت شباب فوقاني,,المتن,جبل لبنان
606,606,جل الديب,Jal-el-Dib,المتن,جبل لبنان
607,607,جورة البلوط,Jouret-El-Ballout,المتن,جبل لبنان
608,608,زوق الخراب ومار يوسف,,المتن,جبل لبنان
609,609,ساقية المسك,,المتن,جبل لبنان
610,610,سد البوشريه,,المتن,جبل لبنان
611,611,سن الفيل حي البلده,,المتن,جبل لبنان
612,612,سن الفيل حي الجديد,,المتن,جبل لبنان
613,613,سن الفيل حي الحرج,,المتن,جبل لبنان
614,614,سن الفيل حي جسر الباشا,,المتن,جبل لبنان
615,615,ضهر الصوان,Dahr El Souwan,المتن,جبل لبنان
616,616,عمارة شلهوب,Wata Amaret Chalhoub,المتن,جبل لبنان
617,617,عوكر,,المتن,جبل لبنان
618,618,عين التفاحة,Aïn-el-Teffaha,المتن,جبل لبنان
619,619,الصفرا,EL-Safra,كسروان,جبل لبنان
620,620,الصوانه,El-Souané,جبيل,جبل لبنان
621,621,عين الخروبه,Aïn-El-Kharroubé,المتن,جبل لبنان
622,622,الصويري,Al-Sawiré,قضاءي البقاع الغربي وراشيا,البقاع
623,623,عين السنديانه,Aïn-El-Sindiané,المتن,جبل لبنان
624,624,عين الصفصاف,Aïn-El-Safsaf,المتن,جبل لبنان
625,625,الطيبه,Al-Taïbé,قضاءي بعلبك والهرمل,بعلبك والهرمل
626,626,الطيبه,Al-Taïbé,قضاءي مرجعيون وحاصبيا,النبطية
627,627,الطيري,El-Taïri,بنت جبيل,النبطية
628,628,عين القبو ودير مار سمعان,,المتن,جبل لبنان
629,629,عين سعادة,Aïn-Saâdé,المتن,جبل لبنان
630,630,عين علق,Aïn-Alak,المتن,جبل لبنان
631,631,العباديه,El-Abadiyeh,بعبدا,جبل لبنان
632,632,العبده,Al-Abboudié,عكار,عكار
633,633,العذرا,El-Azra,كسروان,جبل لبنان
634,634,عينطوره,,المتن,جبل لبنان
635,635,قرنة الحمرا,Kornet-El-Hamra,المتن,جبل لبنان
636,636,كفرتيه,,المتن,جبل لبنان
637,637,العطشانه,El-Atchané,المتن,جبل لبنان
638,638,مار شعيا والمزكه,,المتن,جبل لبنان
639,639,مار موسى الدوار,Mar Mousa-El-Douar,المتن,جبل لبنان
640,640,مزرعة بنابيل,,المتن,جبل لبنان
641,641,مزرعة يشوع,Mazraet Yachou,المتن,جبل لبنان
642,642,العلالي,El-Alaly,البترون,الشمال
643,643,مزهر ومجدوب,,المتن,جبل لبنان
644,644,الريحانية,,المنية,الشمال
645,645,المنية,,المنية,الشمال
646,646,النبي يوشع,,المنية,الشمال
647,647,برج اليهودية,,المنية,الشمال
648,648,العيون,ElAyoune,عكار,عكار
649,649,العيون,ElAyoune,المتن,جبل لبنان
650,650,الدوير,,النبطية,النبطية
651,651,الشرقية,,النبطية,النبطية
652,652,الغابون,El-Ghaboun,عاليه,جبل لبنان
653,653,النبطية التحتا حي البياض,,النبطية,النبطية
654,654,الغباطيه,El-Ghabbatieh,جزين,الجنوب
655,655,النبطية التحتا حي السراي,,النبطية,النبطية
656,656,النبطية التحتا حي المسيحيين,,النبطية,النبطية
657,657,الغينه,El-Ghuiné,كسروان,جبل لبنان
658,658,النبطية التحتا حي الميدان,,النبطية,النبطية
659,659,النبطية الفوقا,,النبطية,النبطية
660,660,النميريه,,النبطية,النبطية
661,661,انصار,,النبطية,النبطية
662,662,بريقع,,النبطية,النبطية
663,663,جباع,,النبطية,النبطية
664,664,جرجوع,,النبطية,النبطية
665,665,الفريديس,El-Fraïdice,الشوف,جبل لبنان
666,666,حومين الفوقا,Houmine-el-Faouka,النبطية,النبطية
667,667,زوطر الشرقية,,النبطية,النبطية
668,668,زوطر الغربية,,النبطية,النبطية
669,669,سيني,,النبطية,النبطية
670,670,صير الغربية,,النبطية,النبطية
671,671,عين بوسوار,Aïn-Boussouar,النبطية,النبطية
672,672,عين قانا,Aïn-Kana,النبطية,النبطية
673,673,القبيات,El-Koubayet,عكار,عكار
674,674,قعقعية الجسر,,النبطية,النبطية
675,675,كفرصير,,النبطية,النبطية
676,676,كفروة,,النبطية,النبطية
677,677,المغر وبلا,,بشري,الشمال
678,678,بزعون,,بشري,الشمال
679,679,بشري حي السيدة,,بشري,الشمال
680,680,بشري حي المقدمين,,بشري,الشمال
681,681,القرعون,El-Karaoun,قضاءي البقاع الغربي وراشيا,البقاع
682,682,القرقف,El-Karkaf,عكار,عكار
683,683,بشري حي مار سابا,,بشري,الشمال
684,684,القريات,El-Krayat,عكار,عكار
685,685,بشري حي مار يوحنا,,بشري,الشمال
686,686,بقاعكفرا,,بشري,الشمال
687,687,القريه,El-Krayé,بعبدا,جبل لبنان
688,688,حدث الجبه,Hadeth-el-Jebbé,بشري,الشمال
689,689,القصيبه,El-Ksaibeh,النبطية,النبطية
690,690,القصيبه,El-Ksaibeh,بعبدا,جبل لبنان
691,691,القصير,El-Kousseir,قضاءي مرجعيون وحاصبيا,النبطية
692,692,مزرعة بني صعب,Mazraet-Beni-Saab,بشري,الشمال
693,693,وادي قنوبين,Wadi-kannoubine,بشري,الشمال
694,694,الحدث شمالي,,بعبدا,جبل لبنان
695,695,الحدث قبلي,,بعبدا,جبل لبنان
696,696,القلمون,Al-Kalmoune,مدينة طرابلس,الشمال
697,697,الشبانيه,,بعبدا,جبل لبنان
698,698,الشياح بئر العبد,,بعبدا,جبل لبنان
699,699,الشياح حي الكنيسة,,بعبدا,جبل لبنان
700,700,الشياح حي كرم الزيتون,,بعبدا,جبل لبنان
701,701,العربانية,,بعبدا,جبل لبنان
702,702,الغبيري بئر حسن,,بعبدا,جبل لبنان
703,703,الغبيري حي الجامع,,بعبدا,جبل لبنان
704,704,الفياضية,Deir Takla,بعبدا,جبل لبنان
705,705,القلعه,,بعبدا,جبل لبنان
706,706,الليلكه,,بعبدا,جبل لبنان
707,707,الكفور,El-Kfour,النبطية,النبطية
708,708,الكفور,El-Kfour,كسروان,جبل لبنان
709,709,الكفير,El-Kfeir,قضاءي مرجعيون وحاصبيا,النبطية
710,710,المرداشة,,بعبدا,جبل لبنان
711,711,المريجه,,بعبدا,جبل لبنان
712,712,الكنيسه,Al-Kneissé,قضاءي بعلبك والهرمل,بعلبك والهرمل
713,713,الكنيسه,Al-Kneissé,صور,الجنوب
714,714,الكنيسه,Al-Kneissé,بعبدا,جبل لبنان
715,715,الهلالية,,بعبدا,جبل لبنان
716,716,بتخنيه,,بعبدا,جبل لبنان
717,717,اللبوة,Al-Labouat,قضاءي بعلبك والهرمل,بعلبك والهرمل
718,718,اللقلوق,El-Laklouk,جبيل,جبل لبنان
719,719,برج البراجنة حي السنديان,,بعبدا,جبل لبنان
720,720,اللويزه,El-Louaizé,جزين,الجنوب
721,721,اللويزه,El-Louaizé,بعبدا,جبل لبنان
722,722,برج البراجنة حي السياد,,بعبدا,جبل لبنان
723,723,برج البراجنة حي المنشية,,بعبدا,جبل لبنان
724,724,بطشيه,,بعبدا,جبل لبنان
725,725,بعلشميه,,بعبدا,جبل لبنان
726,726,المجدل,El-Mejdel,الكورة,الشمال
727,727,المجدل,El-Mejdel,عكار,عكار
728,728,المجدل,El-Mejdel,جبيل,جبل لبنان
729,729,المجيديه,El-Majidiyé,قضاءي مرجعيون وحاصبيا,النبطية
730,730,المحاربيه,El-Mharbiyé,جزين,الجنوب
731,731,تحويطة الغدير,Tahouitat-el-Ghadir,بعبدا,جبل لبنان
732,732,المحمرة,Al-Mehamra,عكار,عكار
733,733,تحويطة النهر,,بعبدا,جبل لبنان
734,734,المختارة,El-Moukhtara,الشوف,جبل لبنان
735,735,جوار الحوز,Jouar el Haouz,بعبدا,جبل لبنان
736,736,المراديه,El-Mradiyeh,كسروان,جبل لبنان
737,737,المرج,Al-Marje,قضاءي البقاع الغربي وراشيا,البقاع
738,738,حارة البطم,,بعبدا,جبل لبنان
739,739,حارة حريك حي الرويس,,بعبدا,جبل لبنان
740,740,حارة حريك حي الكنيسة,,بعبدا,جبل لبنان
741,741,المروج,El-Mrouge,المتن,جبل لبنان
742,742,المريجات,El-Mreijate,عاليه,جبل لبنان
743,743,حارة حريك قرانوح,,بعبدا,جبل لبنان
744,744,حاصبيا المتن,Hasbaya-el Meten,بعبدا,جبل لبنان
745,745,المزرعة,Al-Mazraa,بيروت الثانية,بيروت
746,746,دير مار الياس الكحلونية,,بعبدا,جبل لبنان
747,747,راس الحرف,Ras-el-Harf,بعبدا,جبل لبنان
748,748,راس المتن,Ras el Meten,بعبدا,جبل لبنان
749,749,المشرف,El-Mouchref,الشوف,جبل لبنان
750,750,المشرفه,El-Mechrefeh,عاليه,جبل لبنان
751,751,رويسة البلوط,Roueissat-el-Ballout,بعبدا,جبل لبنان
752,752,زندوقه,,بعبدا,جبل لبنان
753,753,سبنيه,,بعبدا,جبل لبنان
754,754,المطيلب,El-Mtaileb,المتن,جبل لبنان
755,755,عين الرمانة,El-Remmané,بعبدا,جبل لبنان
756,756,قبيع,,بعبدا,جبل لبنان
757,757,المعنيه,El-Maaniyeh,الشوف,جبل لبنان
758,758,المعيصرة,El-Mouaïsra,قضاءي بعلبك والهرمل,بعلبك والهرمل
759,759,المعيصرة,El-Mouaïsra,كسروان,جبل لبنان
760,760,كفرسلوان,,بعبدا,جبل لبنان
761,761,المغيره,El-Mghaïré,جبيل,جبل لبنان
762,762,وادي شحرور السفلى,Wadi Chahrour el Soufla,بعبدا,جبل لبنان
763,763,وادي شحرور العليا,Wadi Chahrour el Olia,بعبدا,جبل لبنان
764,764,السلطانيه,,بنت جبيل,النبطية
765,765,بنت جبيل حي البركه,,بنت جبيل,النبطية
766,766,المكنونيه,El-Maknouniyé,جزين,الجنوب
767,767,بنت جبيل حي الجامع,,بنت جبيل,النبطية
768,768,بنت جبيل حي الحسينية,,بنت جبيل,النبطية
769,769,بنت جبيل حي الحواره,,بنت جبيل,النبطية
770,770,المنصوري,El-Mansouri,صور,الجنوب
771,771,المنصوريه,El-Mansouriyeh,المتن,جبل لبنان
772,772,المنصوريه,El-Mansouriyeh,عاليه,جبل لبنان
773,773,بنت جبيل حي عين الصغيرة,,بنت جبيل,النبطية
774,774,تبنين حي التحتاني,,بنت جبيل,النبطية
775,775,تبنين حي الفوقاني,,بنت جبيل,النبطية
776,776,المياسه,El-Mayassé,المتن,جبل لبنان
777,777,تبنين حي الكاثوليك,,بنت جبيل,النبطية
778,778,الميدان,El-Midan,جزين,الجنوب
779,779,تبنين حي آل بري,,بنت جبيل,النبطية
780,780,حاريص,,بنت جبيل,النبطية
781,781,حداثا,,بنت جبيل,النبطية
782,782,دير انطار,,بنت جبيل,النبطية
783,783,صفد البطيخ,Safad-el-Battikh,بنت جبيل,النبطية
784,784,عيتا الجبل,,بنت جبيل,النبطية
785,785,عيتا الشعب,Aïta-el-Chaab,بنت جبيل,النبطية
786,786,عين ابل حي الدير,,بنت جبيل,النبطية
787,787,عين ابل حي العين,,بنت جبيل,النبطية
788,788,عين ابل حي الكنيسة,,بنت جبيل,النبطية
789,789,غندورية,,بنت جبيل,النبطية
790,790,قوزح,,بنت جبيل,النبطية
791,791,كفره,,بنت جبيل,النبطية
792,792,مارون الراس,Maroune-el-Ras,بنت جبيل,النبطية
793,793,الاشرفية,Achrafieh,بيروت الأولى,بيروت
794,794,الرميل,Remeil,بيروت الأولى,بيروت
795,795,الصيفي,,بيروت الأولى,بيروت
796,796,المدور,,بيروت الأولى,بيروت
797,797,النبي عثمان,Al-Nabi Osman,قضاءي بعلبك والهرمل,بعلبك والهرمل
798,798,الباشورة,Bachoura,بيروت الثانية,بيروت
799,799,المرفأ,,بيروت الثانية,بيروت
800,800,المصيطبة,,بيروت الثانية,بيروت
801,801,النخله,En-Nakhlé,الكورة,الشمال
802,802,دار المريسة,,بيروت الثانية,بيروت
803,803,رأس بيروت,Ras Beyrouth,بيروت الثانية,بيروت
804,804,ميناء الحصن,Minet el-Hosn,بيروت الثانية,بيروت
805,805,ادونيس,,جبيل,جبل لبنان
806,806,افقا,,جبيل,جبل لبنان
807,807,البرباره,,جبيل,جبل لبنان
808,808,الجليسه,,جبيل,جبل لبنان
809,809,الريحانة,,جبيل,جبل لبنان
810,810,العاقورة - أ,,جبيل,جبل لبنان
811,811,الهد,El-Hed,عكار,عكار
812,812,العاقورة - م,,جبيل,جبل لبنان
813,813,الغابات,,جبيل,جبل لبنان
814,814,الفيدار,,جبيل,جبل لبنان
815,815,الهري,Al-Hery,البترون,الشمال
816,816,الكفر,,جبيل,جبل لبنان
817,817,المزاريب,,جبيل,جبل لبنان
818,818,المنصف,,جبيل,جبل لبنان
819,819,بخعاز,,جبيل,جبل لبنان
820,820,بزيون,,جبيل,جبل لبنان
821,821,بشتليدا,,جبيل,جبل لبنان
822,822,الوقف,Al-Wakf,زحلة,البقاع
823,823,بنتاعل,,جبيل,جبل لبنان
824,824,جنه ومار سركيس,,جبيل,جبل لبنان
825,825,حصارات,,جبيل,جبل لبنان
826,826,دملصا,,جبيل,جبل لبنان
827,827,دير القطاره,,جبيل,جبل لبنان
828,828,راس اسطا,Ras-Osta,جبيل,جبل لبنان
829,829,ساقية الخيط,Sakiet-el-Kheite,جبيل,جبل لبنان
830,830,سرعيتا,,جبيل,جبل لبنان
831,831,سقي رشميا,Saki-Rechmaya,جبيل,جبل لبنان
832,832,علمات الجنوبية,,جبيل,جبل لبنان
833,833,علمات الشمالية,,جبيل,جبل لبنان
834,834,بتدين اللقش,Bteddine El-Lekche,جزين,الجنوب
835,835,عنايا وكفربعال,,جبيل,جبل لبنان
836,836,عين الدلبة,,جبيل,جبل لبنان
837,837,عين الشلال,,جبيل,جبل لبنان
838,838,عين الغويبة,,جبيل,جبل لبنان
839,839,عين جرين,Aïn-Jraïne,جبيل,جبل لبنان
840,840,عين كفاع,,جبيل,جبل لبنان
841,841,فتري,,جبيل,جبل لبنان
842,842,قرطبا الجنوبية,,جبيل,جبل لبنان
843,843,قرطبا الشمالية,,جبيل,جبل لبنان
844,844,كفر كده,Kfar-Keddé,جبيل,جبل لبنان
845,845,كفر مسحون,,جبيل,جبل لبنان
846,846,مزرعة السياد,,جبيل,جبل لبنان
847,847,نهر ابراهيم,Nahr-Ibrahim,جبيل,جبل لبنان
848,848,الحسانيه,,جزين,الجنوب
849,849,الحمصية,,جزين,الجنوب
850,850,السريره,,جزين,الجنوب
851,851,العيشية,,جزين,الجنوب
852,852,برج الشمالي,Borge El-Chémali,صور,الجنوب
853,853,القطراني,,جزين,الجنوب
854,854,بحنين - كفرتعلا,,جزين,الجنوب
855,855,حيتوله - وادي الليمون,,جزين,الجنوب
856,856,برج حمود,Borge Hammoud,المتن,جبل لبنان
857,857,برج رحال,Bordje Rahhal,صور,الجنوب
858,858,برج قلاويه,Borge Kalaouiyé,بنت جبيل,النبطية
859,859,حيطوره,,جزين,الجنوب
860,860,ريمات وشقاديف,,جزين,الجنوب
861,861,زحلته,,جزين,الجنوب
862,862,صفارية,,جزين,الجنوب
863,863,عين مجدلين,,جزين,الجنوب
864,864,قتالة,,جزين,الجنوب
865,865,قطين وحيداب,,جزين,الجنوب
866,866,كفر جره,,جزين,الجنوب
867,867,لبعه,,جزين,الجنوب
868,868,مراح الحباس,Mrah-el-Hbasse,جزين,الجنوب
869,869,مزرعة المطحنة,Mazraat el-Mathané,جزين,الجنوب
870,870,الفرزل التحتا,,زحلة,البقاع
871,871,الفرزل الفوقا,,زحلة,البقاع
872,872,الكرمة,,زحلة,البقاع
873,873,بتياس,,زحلة,البقاع
874,874,بر الياس,Bar-Elias,زحلة,البقاع
875,875,تعلبايا,,زحلة,البقاع
876,876,تعنايل,,زحلة,البقاع
877,877,تل الاخضر,,زحلة,البقاع
878,878,تويته,,زحلة,البقاع
879,879,جديتا,,زحلة,البقاع
880,880,جلالا,,زحلة,البقاع
881,881,حاجي حببلي,,زحلة,البقاع
882,882,حوش الغنم,Haouche-el-Ghanam,زحلة,البقاع
883,883,حي السلم,,زحلة,البقاع
884,884,بطلون,Batloune,عاليه,جبل لبنان
885,885,حي الفيكاني,,زحلة,البقاع
886,886,خضر بك,,زحلة,البقاع
887,887,دير الغزال,Dair-el-Ghazel,زحلة,البقاع
888,888,زحلة البرباره,,زحلة,البقاع
889,889,زحلة الراسيه التحتا,,زحلة,البقاع
890,890,زحلة الراسيه الفوقا,,زحلة,البقاع
891,891,بقاع صفرين,Bkaa Safrine,الضنية,الشمال
892,892,زحلة المعلقه,,زحلة,البقاع
893,893,زحلة المعلقه الشمالي,,زحلة,البقاع
894,894,زحلة الميدان الشرقي,,زحلة,البقاع
895,895,زحلة الميدان الغربي,,زحلة,البقاع
896,896,زحلة حوش الامراء,,زحلة,البقاع
897,897,بقعاتة كنعان,Bekaatet Kénaan,كسروان,جبل لبنان
898,898,زحلة حوش الزراعنه,,زحلة,البقاع
899,899,زحلة حي السيدة,,زحلة,البقاع
900,900,زحلة سيدة النجاة,,زحلة,البقاع
901,901,زحلة كرك نوح,,زحلة,البقاع
902,902,زحلة مار الياس,,زحلة,البقاع
903,903,زحلة مار انطونيوس,,زحلة,البقاع
904,904,زحلة مار مخايل,,زحلة,البقاع
905,905,زحلة وادي العرايش,,زحلة,البقاع
906,906,سعدنايل,,زحلة,البقاع
907,907,بني حيان,Bani Haiyane,قضاءي مرجعيون وحاصبيا,النبطية
908,908,شتوره,,زحلة,البقاع
909,909,شهابية الفاعور,,زحلة,البقاع
910,910,علي النهري,,زحلة,البقاع
911,911,عين كفرزبد,,زحلة,البقاع
912,912,قاع الريم,Kaa-el-Rime,زحلة,البقاع
913,913,قب الياس التحتا,,زحلة,البقاع
914,914,بيت الدين,Beit Eddine,الشوف,جبل لبنان
915,915,قب الياس الفوقا,,زحلة,البقاع
916,916,قوسايا,,زحلة,البقاع
917,917,كابوسية,,زحلة,البقاع
918,918,كفرزبد,,زحلة,البقاع
919,919,بيت حاويك,Beit Haouik,الضنية,الشمال
920,920,بيت حباق,Beit Habbak,جبيل,جبل لبنان
921,921,بيت شاما,Bait Chama,قضاءي بعلبك والهرمل,بعلبك والهرمل
922,922,مجدل عنجر,,زحلة,البقاع
923,923,ناصريه,,زحلة,البقاع
924,924,نبي ايلا,,زحلة,البقاع
925,925,وادي الدلم,Wadi-el-Dalam,زحلة,البقاع
926,926,يوغون اولوك,,زحلة,البقاع
927,927,اجبع,,زغرتا,الشمال
928,928,بيت لهيا,Beit Lahia,قضاءي البقاع الغربي وراشيا,البقاع
929,929,بيت ليف,Beit Lif,بنت جبيل,النبطية
930,930,بيت مري,Beit Mery,المتن,جبل لبنان
931,931,اسلوت,,زغرتا,الشمال
932,932,بيت ملات,Beit Mallat,عكار,عكار
933,933,بيت منذر,Beit Menzer,بشري,الشمال
934,934,بيت ياحون,Beit Yahoune,بنت جبيل,النبطية
935,935,بيت يونس,Beit Younes,عكار,عكار
936,936,البحيرة,,زغرتا,الشمال
937,937,القادريه,,زغرتا,الشمال
938,938,ايعال,,زغرتا,الشمال
939,939,بسلوقيط,,زغرتا,الشمال
940,940,بنشعي,,زغرتا,الشمال
941,941,تحوم,Tehoum,البترون,الشمال
942,942,بيت عبيد,,زغرتا,الشمال
943,943,بيت عوكر,,زغرتا,الشمال
944,944,تربل,Terbol,زحلة,البقاع
945,945,تربل,Terbol,المنية,الشمال
946,946,ترتج,Tartige,جبيل,جبل لبنان
947,947,ترشيش,Tarchiche,بعبدا,جبل لبنان
948,948,حارة الفوار,,زغرتا,الشمال
949,949,حرف ارده,,زغرتا,الشمال
950,950,تعيد,Taïd,جزين,الجنوب
951,951,تفاحتا,Teffehta,قرى صيدا,الجنوب
952,952,تكريت,Tikrite,عكار,عكار
953,953,حرف مزيارة,,زغرتا,الشمال
954,954,تل ذنوب,Tal Zenoub,قضاءي البقاع الغربي وراشيا,البقاع
955,955,حريقص,,زغرتا,الشمال
956,956,حيلان,,زغرتا,الشمال
957,957,رشعين,,زغرتا,الشمال
958,958,زغرتا حي السيدة الشرقي,,زغرتا,الشمال
959,959,زغرتا حي السيدة الغربي,,زغرتا,الشمال
960,960,زغرتا حي الصليب الجنوبي,,زغرتا,الشمال
961,961,زغرتا حي الصليب الشمالي,,زغرتا,الشمال
962,962,تمنين التحتا,Tamnine El-Tahta,قضاءي بعلبك والهرمل,بعلبك والهرمل
963,963,زغرتا حي المعاصر,,زغرتا,الشمال
964,964,سبعل,,زغرتا,الشمال
965,965,سرعل,,زغرتا,الشمال
966,966,عربة قزحيا,,زغرتا,الشمال
967,967,تول,Toule,النبطية,النبطية
968,968,تولا,Toula,البترون,الشمال
969,969,تولا,Toula,زغرتا,الشمال
970,970,تولين,Touline,قضاءي مرجعيون وحاصبيا,النبطية
971,971,عشاش,,زغرتا,الشمال
972,972,جب جنين,Jib Jénine,قضاءي البقاع الغربي وراشيا,البقاع
973,973,قره باش,,زغرتا,الشمال
974,974,كفر دلاقوس,,زغرتا,الشمال
975,975,كفر شخنا,,زغرتا,الشمال
976,976,كفر صغاب,,زغرتا,الشمال
977,977,كفر ياشيت,,زغرتا,الشمال
978,978,كفرحاتا,,زغرتا,الشمال
979,979,مرياطه,,زغرتا,الشمال
980,980,مزرعة التفاح,Mazraat el Teffah,زغرتا,الشمال
981,981,مزرعة الفريديس,,زغرتا,الشمال
982,982,مزرعة حوقا,,زغرتا,الشمال
983,983,جديدة غزير,Jdeidet Ghazir,كسروان,جبل لبنان
984,984,البازوريه,,صور,الجنوب
985,985,البرغليه,,صور,الجنوب
986,986,البساتين,,صور,الجنوب
987,987,البستان,,صور,الجنوب
988,988,البص  قسم 1,,صور,الجنوب
989,989,البص  قسم 3,,صور,الجنوب
990,990,البص قسم 5,,صور,الجنوب
991,991,الجبين,El Jbine,صور,الجنوب
992,992,الحلوسية,,صور,الجنوب
993,993,الحميري,,صور,الجنوب
994,994,جورة ارصون,Jouret Arsoune,بعبدا,جبل لبنان
995,995,الحنية,El-Henniyé,صور,الجنوب
996,996,الرشيديه,,صور,الجنوب
997,997,جورة بدران,Jouret Bedrane,كسروان,جبل لبنان
998,998,الرماديه,,صور,الجنوب
999,999,الزلوطية,,صور,الجنوب
1000,1000,السماعية,,صور,الجنوب
1001,1001,حارة الست,Haret -el-Sit,بعبدا,جبل لبنان
1002,1002,الشعيتية,,صور,الجنوب
1003,1003,الشهابية,,صور,الجنوب
1004,1004,الظهيرة,,صور,الجنوب
1005,1005,حارة جندل,Haret Jandal,الشوف,جبل لبنان
1006,1006,المالكية,,صور,الجنوب
1007,1007,الناقورة,,صور,الجنوب
1008,1008,باريش,,صور,الجنوب
1009,1009,حارة حمزه,Haret Hamzé,بعبدا,جبل لبنان
1010,1010,بثتيات,,صور,الجنوب
1011,1011,جبال البطم,,صور,الجنوب
1012,1012,جناته,,صور,الجنوب
1013,1013,حناويه,,صور,الجنوب
1014,1014,دبعال,Debaael,صور,الجنوب
1015,1015,دير قانون راس العين,Deir Kanoun Ras El Aïn,صور,الجنوب
1016,1016,سلعا,,صور,الجنوب
1017,1017,شبريحا,,صور,الجنوب
1018,1018,شمع,,صور,الجنوب
1019,1019,صور,Sour (Tyr),صور,الجنوب
1020,1020,صور حي الارثوذكس,,صور,الجنوب
1021,1021,صور حي الجامع,,صور,الجنوب
1022,1022,صور حي الجورة,,صور,الجنوب
1023,1023,صور حي الحسينية,,صور,الجنوب
1024,1024,صور حي الكاثوليك,,صور,الجنوب
1025,1025,صور حي المصاروي,,صور,الجنوب
1026,1026,صور حي المنارة,,صور,الجنوب
1027,1027,صور حي الموارنة,,صور,الجنوب
1028,1028,طير حرفا,,صور,الجنوب
1029,1029,طير دبا,Taïr-Dabba,صور,الجنوب
1030,1030,طير فلسيه,,صور,الجنوب
1031,1031,علما الشعب,Alma Chaab,صور,الجنوب
1032,1032,عين ابو عبدالله,,صور,الجنوب
1033,1033,عين الزرقا,,صور,الجنوب
1034,1034,قليله,,صور,الجنوب
1035,1035,محرونه,,صور,الجنوب
1036,1036,معركه,,صور,الجنوب
1037,1037,معروب,,صور,الجنوب
1038,1038,نفاخيه,,صور,الجنوب
1039,1039,حوش بردى,Haouche Barada,قضاءي بعلبك والهرمل,بعلبك والهرمل
1040,1040,وادي جيلو,,صور,الجنوب
1041,1041,حوش حالا,Haouche Hala,زحلة,البقاع
1042,1042,البساتين,,عاليه,جبل لبنان
1043,1043,التعزانية,,عاليه,جبل لبنان
1044,1044,حومين التحتا,Houmine El-Tahta,النبطية,النبطية
1045,1045,الرجمة,,عاليه,جبل لبنان
1046,1046,الشويفات حي الامراء,,عاليه,جبل لبنان
1047,1047,الشويفات حي العمروسية,,عاليه,جبل لبنان
1048,1048,الشويفات حي القبة,,عاليه,جبل لبنان
1049,1049,العزونية,EL-Azouniyeh,عاليه,جبل لبنان
1050,1050,القماطية,,عاليه,جبل لبنان
1051,1051,الكحالة,,عاليه,جبل لبنان
1052,1052,بحمدون,Bhamdoun (Village),عاليه,جبل لبنان
1053,1053,بحواره,,عاليه,جبل لبنان
1054,1054,بخشتيه,Bkhichtay,عاليه,جبل لبنان
1055,1055,بعورته,,عاليه,جبل لبنان
1056,1056,بمهريه,,عاليه,جبل لبنان
1057,1057,بوزريده,,عاليه,جبل لبنان
1058,1058,خربة بسري,Kherbet Bisri,الشوف,جبل لبنان
1059,1059,جسر القاضي,,عاليه,جبل لبنان
1060,1060,خربة روحا,Kherbet Rouha,قضاءي البقاع الغربي وراشيا,البقاع
1061,1061,خربة سلم,Kherbet Salem,بنت جبيل,النبطية
1062,1062,خربة شار,Kherbet Char,عكار,عكار
1063,1063,خربة قنافار,Kherbet Kanafar,قضاءي البقاع الغربي وراشيا,البقاع
1064,1064,دير قوبل,Deir-Koubel,عاليه,جبل لبنان
1065,1065,سوق الغرب,Souk-El-Gharb,عاليه,جبل لبنان
1066,1066,شانيه,,عاليه,جبل لبنان
1067,1067,صوفر,,عاليه,جبل لبنان
1068,1068,عاليه شمالي,,عاليه,جبل لبنان
1069,1069,عاليه غربي,,عاليه,جبل لبنان
1070,1070,دار شمزين,Dar Chmezzine,الكورة,الشمال
1071,1071,عاليه قبلي,,عاليه,جبل لبنان
1072,1072,عاليه وسطاني,,عاليه,جبل لبنان
1073,1073,عبيه,Abey,عاليه,جبل لبنان
1074,1074,عين الجديدة,,عاليه,جبل لبنان
1075,1075,عين الرمانة,El-Remmané,عاليه,جبل لبنان
1076,1076,عين السيدة,,عاليه,جبل لبنان
1077,1077,عين الفريديس,,عاليه,جبل لبنان
1078,1078,دوير الرمان,Douair El-Roummane,عاليه,جبل لبنان
1079,1079,دوير عدويه,Douair Adouiyé,عكار,عكار
1080,1080,دير الاحمر,Dair El-Ahmar,قضاءي بعلبك والهرمل,بعلبك والهرمل
1081,1081,دير الحرف,Deir El-Harf,بعبدا,جبل لبنان
1082,1082,دير الزهراني,Deir El-Zehrani,النبطية,النبطية
1083,1083,عين المرج,,عاليه,جبل لبنان
1084,1084,عين داره,,عاليه,جبل لبنان
1085,1085,عين عنوب,Aïn-Enoub,عاليه,جبل لبنان
1086,1086,دير القمر,Deir El-Kamar,الشوف,جبل لبنان
1087,1087,كفر عميه,,عاليه,جبل لبنان
1088,1088,دير بابا,Deir Baba,الشوف,جبل لبنان
1089,1089,كفرمتى,,عاليه,جبل لبنان
1090,1090,محطة بحمدون,,عاليه,جبل لبنان
1091,1091,دير خونا,Deir Khouna,بعبدا,جبل لبنان
1092,1092,البساتين,,عكار,عكار
1093,1093,البقيعة,,عكار,عكار
1094,1094,دير سريان,Deir Sériane,قضاءي مرجعيون وحاصبيا,النبطية
1095,1095,دير شمرا,Deir Chamra,المتن,جبل لبنان
1096,1096,دير عامص,Deir Amess,صور,الجنوب
1097,1097,دير عمار,Deir Omar,المنية,الشمال
1098,1098,دير قانون النهر,Deir Kanoun El-Nahr,صور,الجنوب
1099,1099,الحميره,,عكار,عكار
1100,1100,الحويش,,عكار,عكار
1101,1101,دير كوشه,Deir Couché,الشوف,جبل لبنان
1102,1102,دير كيفا,Deir Kifa,صور,الجنوب
1103,1103,الحيصه,,عكار,عكار
1104,1104,دير ميماس,Deir Mimas,قضاءي مرجعيون وحاصبيا,النبطية
1105,1105,دير نبوح,Deir Nebouh,الضنية,الشمال
1106,1106,ديك المحدي,Dik El-Mehdi,المتن,جبل لبنان
1107,1107,الدبابيه,,عكار,عكار
1108,1108,الدوره,,عكار,عكار
1109,1109,الدوسه,,عكار,عكار
1110,1110,الريحانيه,,عكار,عكار
1111,1111,الزواريب,,عكار,عكار
1112,1112,السماقية,,عكار,عكار
1113,1113,راس نحاش,Ras Nahache,البترون,الشمال
1114,1114,السمونيه,,عكار,عكار
1115,1115,السنديانة,,عكار,عكار
1116,1116,راشيا الفخار,Rachaya El-Fokhar,قضاءي مرجعيون وحاصبيا,النبطية
1117,1117,السهلة,,عكار,عكار
1118,1118,السويسه,,عكار,عكار
1119,1119,الشقدوف,,عكار,عكار
1120,1120,راميه,Ramié,بنت جبيل,النبطية
1121,1121,الشيخ زناد,,عكار,عكار
1122,1122,الشيخ طابا,,عكار,عكار
1123,1123,الشيخ عياش,,عكار,عكار
1124,1124,الشيخ محمد,,عكار,عكار
1125,1125,العريضه,,عكار,عكار
1126,1126,العماير,,عكار,عكار
1127,1127,رويسة النعمان,Roueissat El-Naaman,عاليه,جبل لبنان
1128,1128,العوادة,,عكار,عكار
1129,1129,زان,Zane,البترون,الشمال
1130,1130,زبدين,Zebdine,النبطية,النبطية
1131,1131,زبدين,Zebdine,جبيل,جبل لبنان
1132,1132,زبقين,Zebkine,صور,الجنوب
1133,1133,زبود,Zaboud,قضاءي بعلبك والهرمل,بعلبك والهرمل
1134,1134,زبوغا,Zabbougha,المتن,جبل لبنان
1135,1135,العوينات,,عكار,عكار
1136,1136,الفرض,,عكار,عكار
1137,1137,القبيات الذوق,,عكار,عكار
1138,1138,القبيات الضهر,,عكار,عكار
1139,1139,القبيات الغربية,,عكار,عكار
1140,1140,القبيات القطلبه,,عكار,عكار
1141,1141,القبيات غوايا,,عكار,عكار
1142,1142,القبيات مرتموره,,عكار,عكار
1143,1143,القرنة,,عكار,عكار
1144,1144,القنطره,,عكار,عكار
1145,1145,الكنيسة,,عكار,عكار
1146,1146,الكواشره,,عكار,عكار
1147,1147,المسعوديه,,عكار,عكار
1148,1148,المقيبله,,عكار,عكار
1149,1149,المقيطع,,عكار,عكار
1150,1150,المونسة,,عكار,عكار
1151,1151,النفيسه,,عكار,عكار
1152,1152,زرعون,Zaraoune,المتن,جبل لبنان
1153,1153,النهرية وبستان الحرش,,عكار,عكار
1154,1154,زغدرايا,Zaghdraya,قرى صيدا,الجنوب
1155,1155,النورة,,عكار,عكار
1156,1156,الهيشة,,عكار,عكار
1157,1157,برباره,,عكار,عكار
1158,1158,برج العرب,,عكار,عكار
1159,1159,بني صخر,,عكار,عكار
1160,1160,بيت الحاج,,عكار,عكار
1161,1161,زغرتغرين,Zaghrteghrine,الضنية,الشمال
1162,1162,زفتا,Zefta,النبطية,النبطية
1163,1163,زقاق البلاط,Zoukak el-Blatt,بيروت الثانية,بيروت
1164,1164,زكرون,Zakroune,الكورة,الشمال
1165,1165,زكريت,Zacrite,المتن,جبل لبنان
1166,1166,زلايا,Zellaya,قضاءي البقاع الغربي وراشيا,البقاع
1167,1167,بيت الحوش,Beit-El-Haouche,عكار,عكار
1168,1168,بيت ايوب,,عكار,عكار
1169,1169,بيت غطاس,Beit-Ghattas,عكار,عكار
1170,1170,تاشع,,عكار,عكار
1171,1171,تل عباس شرقي,,عكار,عكار
1172,1172,تل عباس غربي,,عكار,عكار
1173,1173,تل معيان,,عكار,عكار
1174,1174,تلبيبة,,عكار,عكار
1175,1175,زوق مصبح,Zouk Mousbeh,كسروان,جبل لبنان
1176,1176,تلبيره,Tal Biré,عكار,عكار
1177,1177,زيتا,Zeita,قرى صيدا,الجنوب
1178,1178,زيتون,Zeitoune,كسروان,جبل لبنان
1179,1179,تلحميره,,عكار,عكار
1180,1180,تله وشطاحه,,عكار,عكار
1181,1181,جبل المنصورة,,عكار,عكار
1182,1182,جديدة القيطع,,عكار,عكار
1183,1183,جرمنايا,,عكار,عكار
1184,1184,حكر الشيخ طابا,,عكار,عكار
1185,1185,حكر الضاهري,Hekr el Dahiri,عكار,عكار
1186,1186,حوشب,,عكار,عكار
1187,1187,خربة الجرد,,عكار,عكار
1188,1188,خربة داوود,,عكار,عكار
1189,1189,خريبة الجندي,,عكار,عكار
1190,1190,خط البترول,,عكار,عكار
1191,1191,دارين,,عكار,عكار
1192,1192,دير جنين,Deir-Janine,عكار,عكار
1193,1193,دير دلوم,Deir-Daloum,عكار,عكار
1194,1194,سفينة الدريب,Sfeinite El-Dreibe,عكار,عكار
1195,1195,رجم عيسى,,عكار,عكار
1196,1196,زوق الحبالصه,,عكار,عكار
1197,1197,زوق الحصينه,,عكار,عكار
1198,1198,زوق المقشرين,Zouk el Moukachérine,عكار,عكار
1199,1199,سمار جبيل,Smar Jbeil,البترون,الشمال
1200,1200,زوق حداره,,عكار,عكار
1201,1201,سفينة القيطع,,عكار,عكار
1202,1202,شدره,,عكار,عكار
1203,1203,ضهر القنبر,,عكار,عكار
1204,1204,ضهر ليسينه,,عكار,عكار
1205,1205,عبودية,,عكار,عكار
1206,1206,عكار العتيقه,,عكار,عكار
1207,1207,عماره,,عكار,عكار
1208,1208,عيات,,عكار,عكار
1209,1209,عيدمون,,عكار,عكار
1210,1210,عين الذهب,,عكار,عكار
1211,1211,عين يعقوب,Aïn-Yacoub,عكار,عكار
1212,1212,عيون الغزلان,Eyoune-El-Ghouzlane,عكار,عكار
1213,1213,غزيله,,عكار,عكار
1214,1214,قليعات,,عكار,عكار
1215,1215,قنية,,عكار,عكار
1216,1216,كرم زبدين,,عكار,عكار
1217,1217,كرم عصفور,,عكار,عكار
1218,1218,كفر حره,,عكار,عكار
1219,1219,كوشا,,عكار,عكار
1220,1220,مراح الخوخ,,عكار,عكار
1221,1221,مشيلحة حاكوره,,عكار,عكار
1222,1222,ممنع,,عكار,عكار
1223,1223,منياره,,عكار,عكار
1224,1224,وادي الجاموس,,عكار,عكار
1225,1225,وادي خالد,,عكار,عكار
1226,1226,البابلية,Babliyé,قرى صيدا,الجنوب
1227,1227,البرامية,,قرى صيدا,الجنوب
1228,1228,البيسارية,,قرى صيدا,الجنوب
1229,1229,الحارة,,قرى صيدا,الجنوب
1230,1230,الحجة,,قرى صيدا,الجنوب
1231,1231,الزرارية,El-Zrariyé,قرى صيدا,الجنوب
1232,1232,السكسكية,,قرى صيدا,الجنوب
1233,1233,الصالحية,,قرى صيدا,الجنوب
1234,1234,الصرفند,,قرى صيدا,الجنوب
1235,1235,الغازية,,قرى صيدا,الجنوب
1236,1236,القرية,,قرى صيدا,الجنوب
1237,1237,القنيطرة,,قرى صيدا,الجنوب
1238,1238,اللوبيه,,قرى صيدا,الجنوب
1239,1239,المروانية,,قرى صيدا,الجنوب
1240,1240,المعمرية,,قرى صيدا,الجنوب
1241,1241,المية ومية,,قرى صيدا,الجنوب
1242,1242,النجارية,,قرى صيدا,الجنوب
1243,1243,الهلالية,,قرى صيدا,الجنوب
1244,1244,بقسطه,,قرى صيدا,الجنوب
1245,1245,جنجلايا,,قرى صيدا,الجنوب
1246,1246,درب السيم,,قرى صيدا,الجنوب
1247,1247,عدوسية,,قرى صيدا,الجنوب
1248,1248,عرب الجل,Arab-el-Jal,قرى صيدا,الجنوب
1249,1249,غسانية,,قرى صيدا,الجنوب
1250,1250,قعقعية الصنوبر,,قرى صيدا,الجنوب
1251,1251,كفرحتى,,قرى صيدا,الجنوب
1252,1252,كفرملكي,,قرى صيدا,الجنوب
1253,1253,كوثرية السياد,,قرى صيدا,الجنوب
1254,1254,مزرعة طبايا,,قرى صيدا,الجنوب
1255,1255,الخياره,,قضاءي البقاع الغربي وراشيا,البقاع
1256,1256,الدكوه,,قضاءي البقاع الغربي وراشيا,البقاع
1257,1257,الروضة,,قضاءي البقاع الغربي وراشيا,البقاع
1258,1258,السلطان يعقوب التحتا,,قضاءي البقاع الغربي وراشيا,البقاع
1259,1259,السلطان يعقوب الفوقا,,قضاءي البقاع الغربي وراشيا,البقاع
1260,1260,الشبرقية,,قضاءي البقاع الغربي وراشيا,البقاع
1261,1261,ضهر الاحمر,Dahr El-Ahmar,قضاءي البقاع الغربي وراشيا,البقاع
1262,1262,العقبة,,قضاءي البقاع الغربي وراشيا,البقاع
1263,1263,المنارة,,قضاءي البقاع الغربي وراشيا,البقاع
1264,1264,المنصوره,,قضاءي البقاع الغربي وراشيا,البقاع
1265,1265,ضهر المغارة,Dahr El-Mghara,الشوف,جبل لبنان
1266,1266,باب مارع,,قضاءي البقاع الغربي وراشيا,البقاع
1267,1267,تنوره,,قضاءي البقاع الغربي وراشيا,البقاع
1268,1268,طاران,Tarane,الضنية,الشمال
1269,1269,حلوه,,قضاءي البقاع الغربي وراشيا,البقاع
1270,1270,حوش الحريمه,Haouche-el-Harimé,قضاءي البقاع الغربي وراشيا,البقاع
1271,1271,طفيل,Tfeil,قضاءي بعلبك والهرمل,بعلبك والهرمل
1272,1272,دير العشائر,,قضاءي البقاع الغربي وراشيا,البقاع
1273,1273,طورا,Toura,صور,الجنوب
1274,1274,طورزا,Tourza,بشري,الشمال
1275,1275,طورزيا,Torzaya,جبيل,جبل لبنان
1276,1276,راشيا حي الفوقا,,قضاءي البقاع الغربي وراشيا,البقاع
1277,1277,راشيا حي الكواسبه,,قضاءي البقاع الغربي وراشيا,البقاع
1278,1278,راشيا حي الميدان,,قضاءي البقاع الغربي وراشيا,البقاع
1279,1279,عابا,Aba,الكورة,الشمال
1280,1280,عاراي,Araya,جزين,الجنوب
1281,1281,سلساتا,,قضاءي البقاع الغربي وراشيا,البقاع
1282,1282,عيحا,,قضاءي البقاع الغربي وراشيا,البقاع
1283,1283,عين التينه,,قضاءي البقاع الغربي وراشيا,البقاع
1284,1284,عين حرشا,,قضاءي البقاع الغربي وراشيا,البقاع
1285,1285,عين زبده,Aïn-Zebdé,قضاءي البقاع الغربي وراشيا,البقاع
1286,1286,كامد اللوز,Kamed-el-Lauze,قضاءي البقاع الغربي وراشيا,البقاع
1287,1287,كفردنيس,,قضاءي البقاع الغربي وراشيا,البقاع
1288,1288,كفرقوق,,قضاءي البقاع الغربي وراشيا,البقاع
1289,1289,كفرمشكي,,قضاءي البقاع الغربي وراشيا,البقاع
1290,1290,عرب صاليم,Arab Salim,النبطية,النبطية
1291,1291,مجدل بلهيص,,قضاءي البقاع الغربي وراشيا,البقاع
1292,1292,محيدثه,,قضاءي البقاع الغربي وراشيا,البقاع
1293,1293,مشغره التحتا,,قضاءي البقاع الغربي وراشيا,البقاع
1294,1294,مشغره الفوقا,,قضاءي البقاع الغربي وراشيا,البقاع
1295,1295,الانصار,,قضاءي بعلبك والهرمل,بعلبك والهرمل
1296,1296,البرانيه حي المسيحيين,,قضاءي بعلبك والهرمل,بعلبك والهرمل
1297,1297,البرباره محلة المسيحيين,,قضاءي بعلبك والهرمل,بعلبك والهرمل
1298,1298,البستان,,قضاءي بعلبك والهرمل,بعلبك والهرمل
1299,1299,البويضة,,قضاءي بعلبك والهرمل,بعلبك والهرمل
1300,1300,البويضة الحي الغربي,,قضاءي بعلبك والهرمل,بعلبك والهرمل
1301,1301,البويضة الشمالية,,قضاءي بعلبك والهرمل,بعلبك والهرمل
1302,1302,التوفيقيه,,قضاءي بعلبك والهرمل,بعلبك والهرمل
1303,1303,عمار البيكات,Omar el-Beikate,عكار,عكار
1304,1304,الجوبانية,,قضاءي بعلبك والهرمل,بعلبك والهرمل
1305,1305,الحدث الشمالي,,قضاءي بعلبك والهرمل,بعلبك والهرمل
1306,1306,الحدث الغربي,,قضاءي بعلبك والهرمل,بعلبك والهرمل
1307,1307,الحريقه,,قضاءي بعلبك والهرمل,بعلبك والهرمل
1308,1308,الحلانيه,,قضاءي بعلبك والهرمل,بعلبك والهرمل
1309,1309,الخريبه حي الجامع,,قضاءي بعلبك والهرمل,بعلبك والهرمل
1310,1310,الخضر الشرقي,,قضاءي بعلبك والهرمل,بعلبك والهرمل
1311,1311,الخضر الغربي,,قضاءي بعلبك والهرمل,بعلبك والهرمل
1312,1312,عيتا الفخار,Aïta El-Fokhar,قضاءي البقاع الغربي وراشيا,البقاع
1313,1313,الخضر حي الاشعل,,قضاءي بعلبك والهرمل,بعلبك والهرمل
1314,1314,الخضر حي الجنوبي,,قضاءي بعلبك والهرمل,بعلبك والهرمل
1315,1315,الخضر حي الشعب,,قضاءي بعلبك والهرمل,بعلبك والهرمل
1316,1316,الريش حي الشرقي,,قضاءي بعلبك والهرمل,بعلبك والهرمل
1317,1317,الريش حي الشميس,,قضاءي بعلبك والهرمل,بعلبك والهرمل
1318,1318,الريش حي الغربي,,قضاءي بعلبك والهرمل,بعلبك والهرمل
1319,1319,الزرازير,,قضاءي بعلبك والهرمل,بعلبك والهرمل
1320,1320,الزويتيني,,قضاءي بعلبك والهرمل,بعلبك والهرمل
1321,1321,السعيده,,قضاءي بعلبك والهرمل,بعلبك والهرمل
1322,1322,السويسة,,قضاءي بعلبك والهرمل,بعلبك والهرمل
1323,1323,الشربين,,قضاءي بعلبك والهرمل,بعلبك والهرمل
1324,1324,الشواغير التحتا,,قضاءي بعلبك والهرمل,بعلبك والهرمل
1325,1325,عين الحلزون,Aïn El-Halzoune,عاليه,جبل لبنان
1326,1326,الشواغير الفوقا,,قضاءي بعلبك والهرمل,بعلبك والهرمل
1327,1327,الصوانية,,قضاءي بعلبك والهرمل,بعلبك والهرمل
1328,1328,عين الدلب,Aïn El-Delbé,قرى صيدا,الجنوب
1329,1329,العقيدية,,قضاءي بعلبك والهرمل,بعلبك والهرمل
1330,1330,العلاق,,قضاءي بعلبك والهرمل,بعلبك والهرمل
1331,1331,الفاكهة حي الجامع,,قضاءي بعلبك والهرمل,بعلبك والهرمل
1332,1332,الفاكهة حي مار جرجس,,قضاءي بعلبك والهرمل,بعلبك والهرمل
1333,1333,القاع,,قضاءي بعلبك والهرمل,بعلبك والهرمل
1334,1334,عين الريحانه,Aïn El-Rihané,كسروان,جبل لبنان
1335,1335,القدام,,قضاءي بعلبك والهرمل,بعلبك والهرمل
1336,1336,عين الزيت,Aïn El-Zeit,عكار,عكار
1337,1337,عين الزيتونه,Aïn -El-Zeitouné,المتن,جبل لبنان
1338,1338,القرينة,,قضاءي بعلبك والهرمل,بعلبك والهرمل
1339,1339,القصر,,قضاءي بعلبك والهرمل,بعلبك والهرمل
1340,1340,الكواخ,,قضاءي بعلبك والهرمل,بعلبك والهرمل
1341,1341,المعاصر,,قضاءي بعلبك والهرمل,بعلبك والهرمل
1342,1342,النبي رشاده,,قضاءي بعلبك والهرمل,بعلبك والهرمل
1343,1343,النبي سباط,,قضاءي بعلبك والهرمل,بعلبك والهرمل
1344,1344,النبي شيت حي الجامع,,قضاءي بعلبك والهرمل,بعلبك والهرمل
1345,1345,النبي شيت حي الجنوبي,,قضاءي بعلبك والهرمل,بعلبك والهرمل
1346,1346,النبي شيت حي الشرقي,,قضاءي بعلبك والهرمل,بعلبك والهرمل
1347,1347,عين المير,Aïn el-Mir,جزين,الجنوب
1348,1348,عين بعال,Aïn Baal,صور,الجنوب
1349,1349,عين بورضاي,Aïn Bourday,قضاءي بعلبك والهرمل,بعلبك والهرمل
1350,1350,النبي شيت حي الشمالي,,قضاءي بعلبك والهرمل,بعلبك والهرمل
1351,1351,عين تراز,Aïn Traz,عاليه,جبل لبنان
1352,1352,عين تنتا,Aïn Tanta,عكار,عكار
1353,1353,عين جرفا,Aïn Jarfa,قضاءي مرجعيون وحاصبيا,النبطية
1354,1354,النبي شيت حي العريض,,قضاءي بعلبك والهرمل,بعلبك والهرمل
1355,1355,النبي شيت حي العقبة,,قضاءي بعلبك والهرمل,بعلبك والهرمل
1356,1356,النبي شيت حي الغربي,,قضاءي بعلبك والهرمل,بعلبك والهرمل
1357,1357,عين درافيل,Aïn Drafile,عاليه,جبل لبنان
1358,1358,النبي شيت حي طبشار,,قضاءي بعلبك والهرمل,بعلبك والهرمل
1359,1359,عين زحلتا,Aïn Zhalta,الشوف,جبل لبنان
1360,1360,النبي نعام,,قضاءي بعلبك والهرمل,بعلبك والهرمل
1361,1361,عين عار,Aïn Aar,المتن,جبل لبنان
1362,1362,عين عرب,Ain Aarab,قضاءي البقاع الغربي وراشيا,البقاع
1363,1363,عين عرب,Ain Aarab,قضاءي مرجعيون وحاصبيا,النبطية
1364,1364,عين عطا,Aïn Aata,قضاءي البقاع الغربي وراشيا,البقاع
1365,1365,عين عكرين,Aïn Akrine,الكورة,الشمال
1366,1366,النقرة,,قضاءي بعلبك والهرمل,بعلبك والهرمل
1367,1367,الهرمل حي الحارة,,قضاءي بعلبك والهرمل,بعلبك والهرمل
1368,1368,الهرمل حي الوقف,,قضاءي بعلبك والهرمل,بعلبك والهرمل
1369,1369,عين قني,Aïn Kéni,الشوف,جبل لبنان
1370,1370,عين قنيا,Aïn Kinia,قضاءي مرجعيون وحاصبيا,النبطية
1371,1371,عين كسور,Aïn Ksour,عاليه,جبل لبنان
1372,1372,الهرمل حي بديتا,,قضاءي بعلبك والهرمل,بعلبك والهرمل
1373,1373,اليمونه,,قضاءي بعلبك والهرمل,بعلبك والهرمل
1374,1374,ايعات,,قضاءي بعلبك والهرمل,بعلبك والهرمل
1375,1375,عين موفق,Aïn Mouaffak,بعبدا,جبل لبنان
1376,1376,بتدعي,,قضاءي بعلبك والهرمل,بعلبك والهرمل
1377,1377,برقه,,قضاءي بعلبك والهرمل,بعلبك والهرمل
1378,1378,عينبال,Aïn-Ebel,الشوف,جبل لبنان
1379,1379,بريتال اليونسية,,قضاءي بعلبك والهرمل,بعلبك والهرمل
1380,1380,بريتال حي التين,,قضاءي بعلبك والهرمل,بعلبك والهرمل
1381,1381,بريتال شرقي,,قضاءي بعلبك والهرمل,بعلبك والهرمل
1382,1382,بريتال شميس,,قضاءي بعلبك والهرمل,بعلبك والهرمل
1383,1383,بريتال شميس غربي,,قضاءي بعلبك والهرمل,بعلبك والهرمل
1384,1384,بريتال عين البنيه,,قضاءي بعلبك والهرمل,بعلبك والهرمل
1385,1385,بريتال عين الجوز,,قضاءي بعلبك والهرمل,بعلبك والهرمل
1386,1386,بريتال غربي,,قضاءي بعلبك والهرمل,بعلبك والهرمل
1387,1387,بريصا,,قضاءي بعلبك والهرمل,بعلبك والهرمل
1388,1388,بيت ابو صليبي,,قضاءي بعلبك والهرمل,بعلبك والهرمل
1389,1389,بيت مشيك,,قضاءي بعلبك والهرمل,بعلبك والهرمل
1390,1390,تمنين الفوقا,Tamnine-el-Fauqa,قضاءي بعلبك والهرمل,بعلبك والهرمل
1391,1391,جبعا,,قضاءي بعلبك والهرمل,بعلبك والهرمل
1392,1392,جبوله,,قضاءي بعلبك والهرمل,بعلبك والهرمل
1393,1393,جوار الحشيش,,قضاءي بعلبك والهرمل,بعلبك والهرمل
1394,1394,حور تعلا,,قضاءي بعلبك والهرمل,بعلبك والهرمل
1395,1395,حور تعلا حي الشعب,,قضاءي بعلبك والهرمل,بعلبك والهرمل
1396,1396,حور تعلا حي الوادي,,قضاءي بعلبك والهرمل,بعلبك والهرمل
1397,1397,حور تعلا حي حقل العرجة,,قضاءي بعلبك والهرمل,بعلبك والهرمل
1398,1398,قبة بشمرا,Kobbet Bchamra,عكار,عكار
1399,1399,حوش الذهب,,قضاءي بعلبك والهرمل,بعلبك والهرمل
1400,1400,حوش الرافقه,,قضاءي بعلبك والهرمل,بعلبك والهرمل
1401,1401,حوش السيد علي,,قضاءي بعلبك والهرمل,بعلبك والهرمل
1402,1402,حوش النبي,Haouch el Nabi,قضاءي بعلبك والهرمل,بعلبك والهرمل
1403,1403,حوش تل صفيه,,قضاءي بعلبك والهرمل,بعلبك والهرمل
1404,1404,حوش سنيد,,قضاءي بعلبك والهرمل,بعلبك والهرمل
1405,1405,قرنة شهوان,Kornet Chahouane,المتن,جبل لبنان
1406,1406,حي الزهراء,,قضاءي بعلبك والهرمل,بعلبك والهرمل
1407,1407,حي الست,,قضاءي بعلبك والهرمل,بعلبك والهرمل
1408,1408,حي الصلح,,قضاءي بعلبك والهرمل,بعلبك والهرمل
1409,1409,حي العباسية,,قضاءي بعلبك والهرمل,بعلبك والهرمل
1410,1410,حي عز الدين,,قضاءي بعلبك والهرمل,بعلبك والهرمل
1411,1411,دار الواسعة,,قضاءي بعلبك والهرمل,بعلبك والهرمل
1412,1412,دورس حي البير,,قضاءي بعلبك والهرمل,بعلبك والهرمل
1413,1413,دورس حي السيدة,,قضاءي بعلبك والهرمل,بعلبك والهرمل
1414,1414,قلود الباقية,Kloud El-Bakia,عكار,عكار
1415,1415,دورس حي الشحاديه,,قضاءي بعلبك والهرمل,بعلبك والهرمل
1416,1416,راس بعلبك,,قضاءي بعلبك والهرمل,بعلبك والهرمل
1417,1417,قنابة برمانا,Kanabet Broummana,المتن,جبل لبنان
1418,1418,قنابة صليما,Kannabet Salima,المتن,جبل لبنان
1419,1419,رماسا,,قضاءي بعلبك والهرمل,بعلبك والهرمل
1420,1420,سرعين التحتا,Serraaine El Tahta,قضاءي بعلبك والهرمل,بعلبك والهرمل
1421,1421,سرعين الفوقا حي الجامع,,قضاءي بعلبك والهرمل,بعلبك والهرمل
1422,1422,سرعين الفوقا حي الحارة,,قضاءي بعلبك والهرمل,بعلبك والهرمل
1423,1423,سرعين الفوقا شرقي,,قضاءي بعلبك والهرمل,بعلبك والهرمل
1424,1424,سرعين الفوقا غربي,,قضاءي بعلبك والهرمل,بعلبك والهرمل
1425,1425,سهلات الماء,,قضاءي بعلبك والهرمل,بعلبك والهرمل
1426,1426,شعت حي الجامع,,قضاءي بعلبك والهرمل,بعلبك والهرمل
1427,1427,شعت حي الضهر,,قضاءي بعلبك والهرمل,بعلبك والهرمل
1428,1428,شمسطار الجنوبي,,قضاءي بعلبك والهرمل,بعلبك والهرمل
1429,1429,كرم سده,Karm Saddé,زغرتا,الشمال
1430,1430,شمسطار الشرقي,,قضاءي بعلبك والهرمل,بعلبك والهرمل
1431,1431,كروم عرب,Kroum Arabe,عكار,عكار
1432,1432,كفر الفتوح,Kefr El-Ftouh,عكار,عكار
1433,1433,كفر تبنيت,Kfar Tebnite,النبطية,النبطية
1434,1434,شمسطار الشمالي,,قضاءي بعلبك والهرمل,بعلبك والهرمل
1435,1435,كفر حبو,Kfar Habou,الضنية,الشمال
1436,1436,شمسطار الغربي,,قضاءي بعلبك والهرمل,بعلبك والهرمل
1437,1437,صبوبا,,قضاءي بعلبك والهرمل,بعلبك والهرمل
1438,1438,كفر حزير,Kfar Hazir,الكورة,الشمال
1439,1439,صفرا,,قضاءي بعلبك والهرمل,بعلبك والهرمل
1440,1440,كفر حمام,Kfar Hamame,قضاءي مرجعيون وحاصبيا,النبطية
1441,1441,كفر حورا,Kfar Haoura,زغرتا,الشمال
1442,1442,طاريا الجنوبي,,قضاءي بعلبك والهرمل,بعلبك والهرمل
1443,1443,كفر رمان,Kfar Remmane,النبطية,النبطية
1444,1444,كفر زينا,Kfar Zeina,زغرتا,الشمال
1445,1445,طاريا الشمالي,,قضاءي بعلبك والهرمل,بعلبك والهرمل
1446,1446,كفر شلان,Kfar Chlane,الضنية,الشمال
1447,1447,كفر شليمان,Kfar Chleïman,البترون,الشمال
1448,1448,عرسال جنوبي,,قضاءي بعلبك والهرمل,بعلبك والهرمل
1449,1449,عرسال شرقي,,قضاءي بعلبك والهرمل,بعلبك والهرمل
1450,1450,كفر عبيدا,Kfar Obeida,البترون,الشمال
1451,1451,كفر عقاب,Kfar Akab,المتن,جبل لبنان
1452,1452,عرسال شمالي,,قضاءي بعلبك والهرمل,بعلبك والهرمل
1453,1453,كفر فاقود,Kfar Fakoud,الشوف,جبل لبنان
1454,1454,عين السوداء,,قضاءي بعلبك والهرمل,بعلبك والهرمل
1455,1455,غفره,,قضاءي بعلبك والهرمل,بعلبك والهرمل
1456,1456,فلاوي,,قضاءي بعلبك والهرمل,بعلبك والهرمل
1457,1457,فيسان,,قضاءي بعلبك والهرمل,بعلبك والهرمل
1458,1458,قبة دورس,,قضاءي بعلبك والهرمل,بعلبك والهرمل
1459,1459,قلد السبع,,قضاءي بعلبك والهرمل,بعلبك والهرمل
1460,1460,كفربيت,Kfar-Bite,قرى صيدا,الجنوب
1461,1461,قلعة,,قضاءي بعلبك والهرمل,بعلبك والهرمل
1462,1462,قلعة غربي,,قضاءي بعلبك والهرمل,بعلبك والهرمل
1463,1463,قنافذ,,قضاءي بعلبك والهرمل,بعلبك والهرمل
1464,1464,كفردان الغربي,,قضاءي بعلبك والهرمل,بعلبك والهرمل
1465,1465,كفردبش,,قضاءي بعلبك والهرمل,بعلبك والهرمل
1466,1466,كفرحونه,Kefer-Houné,جزين,الجنوب
1467,1467,مراح العين,,قضاءي بعلبك والهرمل,بعلبك والهرمل
1468,1468,مزرعة ابو صليبي,,قضاءي بعلبك والهرمل,بعلبك والهرمل
1469,1469,مزرعة التوت,,قضاءي بعلبك والهرمل,بعلبك والهرمل
1470,1470,مزرعة السيد,Mazraet-el-Siyad,قضاءي بعلبك والهرمل,بعلبك والهرمل
1471,1471,مزرعة الضليل,,قضاءي بعلبك والهرمل,بعلبك والهرمل
1472,1472,مزرعة الفقيه,,قضاءي بعلبك والهرمل,بعلبك والهرمل
1473,1473,مزرعة آل سويدان,,قضاءي بعلبك والهرمل,بعلبك والهرمل
1474,1474,مزرعة بيت الطشم,,قضاءي بعلبك والهرمل,بعلبك والهرمل
1475,1475,كفرشلال,Kfar-Challal,قرى صيدا,الجنوب
1476,1476,مزرعة بيت مطر,,قضاءي بعلبك والهرمل,بعلبك والهرمل
1477,1477,مزرعة سجد,,قضاءي بعلبك والهرمل,بعلبك والهرمل
1478,1478,مصنع الزهرة,,قضاءي بعلبك والهرمل,بعلبك والهرمل
1479,1479,كفرفالوس,Kafr-Falouce,جزين,الجنوب
1480,1480,نبحا الحرفوش,,قضاءي بعلبك والهرمل,بعلبك والهرمل
1481,1481,نبحا الدمدوم,,قضاءي بعلبك والهرمل,بعلبك والهرمل
1482,1482,نبحا المحفارة,,قضاءي بعلبك والهرمل,بعلبك والهرمل
1483,1483,نبحا حي الجامع,,قضاءي بعلبك والهرمل,بعلبك والهرمل
1484,1484,نبحا قليلة,,قضاءي بعلبك والهرمل,بعلبك والهرمل
1485,1485,وادي التركمان,,قضاءي بعلبك والهرمل,بعلبك والهرمل
1486,1486,وادي الرطل,,قضاءي بعلبك والهرمل,بعلبك والهرمل
1487,1487,وادي الزين,,قضاءي بعلبك والهرمل,بعلبك والهرمل
1488,1488,كفور العربي,Kfour El-Arabi,البترون,الشمال
1489,1489,كفون,Kaïfoun,جبيل,جبل لبنان
1490,1490,وادي الصفا الشرقي,,قضاءي بعلبك والهرمل,بعلبك والهرمل
1491,1491,وادي العس,,قضاءي بعلبك والهرمل,بعلبك والهرمل
1492,1492,وادي المشمشه,,قضاءي بعلبك والهرمل,بعلبك والهرمل
1493,1493,وادي النيرة,,قضاءي بعلبك والهرمل,بعلبك والهرمل
1494,1494,وادي بنيت,,قضاءي بعلبك والهرمل,بعلبك والهرمل
1495,1495,مار بطرس كرم التين,Mar Boutros Karm El-Tine,المتن,جبل لبنان
1496,1496,مار توما,Mar Touma,عكار,عكار
1497,1497,وادي فعرة,,قضاءي بعلبك والهرمل,بعلبك والهرمل
1498,1498,مار ماما,Mar Mama,البترون,الشمال
1499,1499,مار مخايل بنابيل,Mar Mikhael Bnabil,المتن,جبل لبنان
1500,1500,يونين جنوبي,,قضاءي بعلبك والهرمل,بعلبك والهرمل
1501,1501,يونين شرقي,,قضاءي بعلبك والهرمل,بعلبك والهرمل
1502,1502,يونين شمالي,,قضاءي بعلبك والهرمل,بعلبك والهرمل
1503,1503,مجدل بعنا,Majdel Baana,عاليه,جبل لبنان
1504,1504,يونين غربي,,قضاءي بعلبك والهرمل,بعلبك والهرمل
1505,1505,مجدل ترشيش,Majdel Tarchiche,المتن,جبل لبنان
1506,1506,مجدل سلم,Majdel Selm,قضاءي مرجعيون وحاصبيا,النبطية
1507,1507,ابل السقي,,قضاءي مرجعيون وحاصبيا,النبطية
1508,1508,مجدلايا,Mejdlaya,عاليه,جبل لبنان
1509,1509,ابو قمحه,,قضاءي مرجعيون وحاصبيا,النبطية
1510,1510,الجديدة حي السراي,,قضاءي مرجعيون وحاصبيا,النبطية
1511,1511,الجديدة حي العيون,,قضاءي مرجعيون وحاصبيا,النبطية
1512,1512,الجديدة حي القلعة,,قضاءي مرجعيون وحاصبيا,النبطية
1513,1513,الجديدة حي المدارس,,قضاءي مرجعيون وحاصبيا,النبطية
1514,1514,الخيام جنوبي,,قضاءي مرجعيون وحاصبيا,النبطية
1515,1515,الخيام شرقي,,قضاءي مرجعيون وحاصبيا,النبطية
1516,1516,الخيام شمالي,,قضاءي مرجعيون وحاصبيا,النبطية
1517,1517,الخيام غربي,,قضاءي مرجعيون وحاصبيا,النبطية
1518,1518,الدلافة,,قضاءي مرجعيون وحاصبيا,النبطية
1519,1519,الفرديس,,قضاءي مرجعيون وحاصبيا,النبطية
1520,1520,القليعه,,قضاءي مرجعيون وحاصبيا,النبطية
1521,1521,الماري,,قضاءي مرجعيون وحاصبيا,النبطية
1522,1522,الهبارية,,قضاءي مرجعيون وحاصبيا,النبطية
1523,1523,الوزاني,,قضاءي مرجعيون وحاصبيا,النبطية
1524,1524,برج الملوك,,قضاءي مرجعيون وحاصبيا,النبطية
1525,1525,بويضة,,قضاءي مرجعيون وحاصبيا,النبطية
1526,1526,حاصبيا حي السراي,,قضاءي مرجعيون وحاصبيا,النبطية
1527,1527,حاصبيا حي العين,,قضاءي مرجعيون وحاصبيا,النبطية
1528,1528,مزرعة الشوف,Mazraet El-Chouf,الشوف,جبل لبنان
1529,1529,حاصبيا حي الفوقاني,,قضاءي مرجعيون وحاصبيا,النبطية
1530,1530,مزرعة الضهر,Mazraet El-Dahr,الشوف,جبل لبنان
1531,1531,حاصبيا حي صفيفة,,قضاءي مرجعيون وحاصبيا,النبطية
1532,1532,رب ثلاثين,,قضاءي مرجعيون وحاصبيا,النبطية
1533,1533,سرده والعمره,,قضاءي مرجعيون وحاصبيا,النبطية
1534,1534,شبعا شرقي,,قضاءي مرجعيون وحاصبيا,النبطية
1535,1535,مزرعة النهر,Mazraet El-Nahr,زغرتا,الشمال
1536,1536,مزرعة النهر,Mazraet El-Nahr,عاليه,جبل لبنان
1537,1537,شبعا غربي,,قضاءي مرجعيون وحاصبيا,النبطية
1538,1538,مزرعة بلده,Mazraat Baldé,عكار,عكار
1539,1539,طلوسه,,قضاءي مرجعيون وحاصبيا,النبطية
1540,1540,عديسه,,قضاءي مرجعيون وحاصبيا,النبطية
1541,1541,قنطره,,قضاءي مرجعيون وحاصبيا,النبطية
1542,1542,كفرشوبا,,قضاءي مرجعيون وحاصبيا,النبطية
1543,1543,مرج الزهور,,قضاءي مرجعيون وحاصبيا,النبطية
1544,1544,ميس الجبل جنوبي,,قضاءي مرجعيون وحاصبيا,النبطية
1545,1545,ميس الجبل شرقي,,قضاءي مرجعيون وحاصبيا,النبطية
1546,1546,مزرعة عساف,Mazraet Assaf,بشري,الشمال
1547,1547,مزرعة مشرف,Mazraat Mechref,صور,الجنوب
1548,1548,ميس الجبل شمالي,,قضاءي مرجعيون وحاصبيا,النبطية
1549,1549,ميس الجبل غربي,,قضاءي مرجعيون وحاصبيا,النبطية
1550,1550,ادما والدفنه,,كسروان,جبل لبنان
1551,1551,اغبه,,كسروان,جبل لبنان
1552,1552,مشتى حسن,Machta Hassan,عكار,عكار
1553,1553,مشتى حمود,Machta Hammoud,عكار,عكار
1554,1554,السهيله,,كسروان,جبل لبنان
1555,1555,العقيبه,,كسروان,جبل لبنان
1556,1556,مشموشه,Machmouché,جزين,الجنوب
1557,1557,القليعات,,كسروان,جبل لبنان
1558,1558,النموره وكفر جريف,,كسروان,جبل لبنان
1559,1559,معاصر الشوف,Maasser el-Chouf,الشوف,جبل لبنان
1560,1560,معاصر بيت الدين,Maasser Beit Eddine,الشوف,جبل لبنان
1561,1561,بطحا,,كسروان,جبل لبنان
1562,1562,بقعاتة عشقوت,Bekaatet-Achkoute,كسروان,جبل لبنان
1563,1563,بقعتوته,,كسروان,جبل لبنان
1564,1564,جورة الترمس,,كسروان,جبل لبنان
1565,1565,حارة صخر,Jounieh Haret Sakhr,كسروان,جبل لبنان
1566,1566,حياطه,,كسروان,جبل لبنان
1567,1567,زعيتره,,كسروان,جبل لبنان
1568,1568,زوق مكايل,,كسروان,جبل لبنان
1569,1569,ساحل علما,,كسروان,جبل لبنان
1570,1570,شننعير,,كسروان,جبل لبنان
1571,1571,شوان والعبره,,كسروان,جبل لبنان
1572,1572,عين الدلبه,Aïn-el-Delbé,كسروان,جبل لبنان
1573,1573,عينطوره,,كسروان,جبل لبنان
1574,1574,غادير,,كسروان,جبل لبنان
1575,1575,غزير الجامع,,كسروان,جبل لبنان
1576,1576,غزير القناة,,كسروان,جبل لبنان
1577,1577,غزير المعاملتين,,كسروان,جبل لبنان
1578,1578,كفرتيه,,كسروان,جبل لبنان
1579,1579,كفردبيان,,كسروان,جبل لبنان
1580,1580,كفرياسين,Kfar Yassine,كسروان,جبل لبنان
1581,1581,نهر الذهب,,كسروان,جبل لبنان
1582,1582,هرهريا والقطين,,كسروان,جبل لبنان
1583,1583,وطى الجوز,Wata-El-Jaouz,كسروان,جبل لبنان
1584,1584,وادي الحور,Wadi el-Haour,عكار,عكار
1585,1585,صيدا حي الدكرمان,,مدينة صيدا,الجنوب
1586,1586,وادي الدير,Wadi El-Deir,الشوف,جبل لبنان
1587,1587,صيدا حي الزويتيني,,مدينة صيدا,الجنوب
1588,1588,صيدا حي السبيل,,مدينة صيدا,الجنوب
1589,1589,وادي الست,Wadi El-Sit,الشوف,جبل لبنان
1590,1590,صيدا حي السراي,,مدينة صيدا,الجنوب
1591,1591,صيدا حي الشارع,,مدينة صيدا,الجنوب
1592,1592,وادي الكرم,Wadi El-Karm,قضاءي بعلبك والهرمل,بعلبك والهرمل
1593,1593,وادي الكرم,Wadi El-Karm,المتن,جبل لبنان
1594,1594,صيدا حي القناية,,مدينة صيدا,الجنوب
1595,1595,صيدا حي الكشك,,مدينة صيدا,الجنوب
1596,1596,صيدا حي الكنان,,مدينة صيدا,الجنوب
1597,1597,وادي بعنقودين,Wadi Baankoudine,جزين,الجنوب
1598,1598,صيدا حي المسالخية,,مدينة صيدا,الجنوب
1599,1599,صيدا حي الوسطاني,,مدينة صيدا,الجنوب
1600,1600,وادي جزين,Wadi Djezzine,جزين,الجنوب
1601,1601,صيدا حي رجال الاربعين,,مدينة صيدا,الجنوب
1602,1602,صيدا حي مار نقولا,Al-Mouzeihmé,مدينة صيدا,الجنوب
1603,1603,صيدا حي مكسر العبد,,مدينة صيدا,الجنوب
1604,1604,وادي شاهين,Wadi Chahine,المتن,جبل لبنان
1605,1605,التبانة,,مدينة طرابلس,الشمال
1606,1606,الحدادين,,مدينة طرابلس,الشمال
1607,1607,الحديد,,مدينة طرابلس,الشمال
1608,1608,الرمانة,,مدينة طرابلس,الشمال
1609,1609,الزاهرية,,مدينة طرابلس,الشمال
1610,1610,السويقه,,مدينة طرابلس,الشمال
1611,1611,وطى المروج,Wata El-Mrouge,المتن,جبل لبنان
1612,1612,وطى حوب,Wata Houb,البترون,الشمال
1613,1613,يارون,Yaroune,بنت جبيل,النبطية
1614,1614,يارين,Yarine,صور,الجنوب
1615,1615,ياطر,Yater,بنت جبيل,النبطية
1616,1616,يانوح,Yanouh,صور,الجنوب
1617,1617,يانوح,Yanouh,جبيل,جبل لبنان
1618,1618,يحشوش,Yahchouche,كسروان,جبل لبنان
1619,1619,يحفوفا,Yahfoufa,قضاءي بعلبك والهرمل,بعلبك والهرمل
1620,1620,يحمر,Yohmor,قضاءي البقاع الغربي وراشيا,البقاع
1621,1621,يحمر,Yohmor,النبطية,النبطية
1622,1622,ينطا,Yanta,قضاءي البقاع الغربي وراشيا,البقاع
1623,1623,القبة,,مدينة طرابلس,الشمال
1624,1624,المهاترة,,مدينة طرابلس,الشمال
1625,1625,الميناء,,مدينة طرابلس,الشمال
1626,1626,النوري,,مدينة طرابلس,الشمال
1627,1627,وادي النحلة,,مدينة طرابلس,الشمال
