English Name,English District,Best Arabic Match,Match Score
Aidamoun shikhlar,Akkar,عيدمون,100.0
Akkar El-Atika,Akkar,عكار العتيقه,81.81818181818181
Al-Amara,Akkar,العماير,66.66666666666666
Al-Hissa,Akkar,الحيصه,54.54545454545455
Al-Jédidé,Akkar,جديدة القيطع,55.55555555555556
Al-Khraibé (Kousha),Akkar,خريبة الجندي,38.46153846153846
Al-Kleiat,Akkar,قليعات,61.53846153846154
Al-Massoudié,Akkar,المسعوديه,75.0
Al-Moukaiteh,Akkar,المسعوديه,50.0
Al-Mouzeihmé,Akkar,المسعوديه,47.05882352941177
Al-Roumoul,Akkar,القبيات مرتموره,40.0
Al-Semmakli,Akkar,المقيطع,46.15384615384615
Al-Souaissé,Akkar,السويسه,100.0
Al-Zoureiribe,Akkar,الزواريب,53.333333333333336
Al Moghrak,Akkar,مراح الخوخ,50.0
Barcha,Akkar,القرنة,54.54545454545455
Chakdouf,Akkar,الشقدوف,100.0
Cheikh Taba Montagne,Akkar,الشيخ طابا,100.0
Cheikh Taba Plaine,Akkar,حكر الشيخ طابا,80.0
Cheikh Zennad Tal Bibé,Akkar,الشيخ زناد,100.0
Cheir Homeirine,Akkar,الحميره,66.66666666666666
Dabbabiyé Charkié,Akkar,الدبابيه,100.0
Dahr-Leyciné,Akkar,ضهر ليسينه,94.73684210526315
Dahr el-Kneissé,Akkar,ضهر القنبر,63.1578947368421
Dahr Haddara,Akkar,ضهر القنبر,66.66666666666666
Danbou,Akkar,دارين,66.66666666666666
Daoucé et Baghdadi,Akkar,جديدة القيطع,60.869565217391305
Daoura,Akkar,الدوره,85.71428571428571
Dayret Nahr El-Kébir,Akkar,القبيات الغربية,55.172413793103445
Deirine,Akkar,دارين,90.9090909090909
Denké et El-Amriyeh,Akkar,الريحانيه,52.17391304347826
El-Armeh,Akkar,الحميره,62.5
El-Bardé,Akkar,الفرض,50.0
El-Ghozaili,Akkar,غزيله,66.66666666666666
El-Haouchab,Akkar,حوشب,100.0
El-Kantara,Akkar,القنطره,66.66666666666666
El-Kneissé,Akkar,الكنيسة,66.66666666666666
El-Korné,Akkar,القرنة,60.0
El-Kouachra,Akkar,الكواشره,66.66666666666666
El-Msallé,Akkar,العماير,46.15384615384615
El-Nfeicé,Akkar,النفيسه,61.53846153846154
Fseikine et Aïn Achma,Akkar,عين الذهب,60.0
Homeira,Akkar,الحميره,88.88888888888889
Iate,Akkar,عيات,85.71428571428571
Janine,Akkar,النفيسه,60.0
Jedeidet-El-Kayteh,Akkar,جديدة القيطع,69.56521739130434
Jouret Srar,Akkar,خربة الجرد,55.55555555555556
Kaabarine,Akkar,الكواشره,66.66666666666666
Kafr Malka,Akkar,القبيات الضهر,60.869565217391305
Katté,Akkar,القنطره,75.0
Khalsa,Akkar,البساتين,61.53846153846154
Khirbet Er Remmane,Akkar,خربة الجرد,66.66666666666666
Khreibet Aakkar,Akkar,خريبة الجندي,71.42857142857143
litige,Akkar,البقيعة,54.54545454545455
Majdel,Akkar,العماير,54.54545454545455
Mazraet-El-Nahrieh,Akkar,الريحانيه,47.61904761904762
Mechaïlha Hakour,Akkar,مشيلحة حاكوره,91.66666666666667
Merlayet Melhem,Akkar,القبيات الضهر,64.0
Noura El-Faouka et Tahta,Akkar,النورة,100.0
Qarha,Akkar,القرنة,75.0
Sadaka,Akkar,العوادة,60.0
Safiné-El-Kayteh,Akkar,سفينة القيطع,63.63636363636363
Saïdnaya,Akkar,المسعوديه,61.53846153846154
Sindianet Zeidan,Akkar,السنديانة,100.0
Tal Kerri,Akkar,القرنة,66.66666666666666
Tal Sibhel,Akkar,السهلة,71.42857142857143
Zouk-El-Hosmieh et Dahr Ayasse,Akkar,ضهر القنبر,54.54545454545455
Addous,Baalbeck,وادي العس,80.0
Aïn El-Beniyé,Baalbeck,البرانيه حي المسيحيين,61.53846153846154
Aïn El-Jaouzé,Baalbeck,حي عز الدين,55.55555555555556
Aïn Séa et Chadourah,Baalbeck,النبي شيت حي طبشار,60.60606060606061
Al-Aïne,Baalbeck,مراح العين,66.66666666666666
Al-Fakiat,Baalbeck,القرينة,50.0
Al-Khodré,Baalbeck,الخضر الشرقي,66.66666666666666
Al-Nabi Chite,Baalbeck,النبي شيت حي الجامع,82.35294117647058
Al-Qa Bayoun,Baalbeck,قلعة غربي,55.55555555555556
Al-Qa El-Benjakie,Baalbeck,الفاكهة حي مار جرجس,43.75
Al-Qa Jouar Mekie,Baalbeck,جوار الحشيش,61.53846153846154
Al-Qa Wadi El-Khanzir,Baalbeck,وادي النيرة,64.51612903225806
Al-Saïdat,Baalbeck,السعيده,61.53846153846154
Al-Taybat,Baalbeck,الصوانية,42.857142857142854
Baalbek,Baalbeck,راس بعلبك,100.0
Barka,Baalbeck,برقه,85.71428571428571
Chaat,Baalbeck,شعت حي الجامع,100.0
Chaïbé,Baalbeck,الشربين,75.0
Conflict,Baalbeck,وادي بنيت,54.54545454545455
Couvent St Maron,Baalbeck,حي الست,100.0
Dar El-Ouassia,Baalbeck,دار الواسعة,66.66666666666666
Haddet,Baalbeck,العقيدية,60.0
Jabba,Baalbeck,جبعا,85.71428571428571
Jaboulé et Al-Bijage,Baalbeck,جبوله,100.0
Jenta,Baalbeck,القرينة,66.66666666666666
Kfar Dabache,Baalbeck,وادي الصفا الشرقي,58.8235294117647
Khreibé,Baalbeck,الخريبه حي الجامع,100.0
Knaissat,Baalbeck,وادي النيرة,66.66666666666666
litige,Baalbeck,التوفيقيه,61.53846153846154
Mazraet Beit Mcheik,Baalbeck,بيت مشيك,100.0
Misraya,Baalbeck,المعاصر,66.66666666666666
Oummouchki,Baalbeck,العلاق,50.0
Ras Baalbek El-Charki,Baalbeck,الخضر الشرقي,66.66666666666666
Ras Baalbek El-Sahl,Baalbeck,النبي رشاده,57.142857142857146
Slouky,Baalbeck,السويسة,60.0
Yamouné,Baalbeck,اليمونه,100.0
Conflict,Hermel,وادي بنيت,54.54545454545455
El-Méaisseri,Hermel,المعاصر,61.53846153846154
Hermel,Hermel,الهرمل حي الحارة,100.0
Hermel Charbine,Hermel,الشربين,100.0
Hermel Djebab,Hermel,الهرمل حي بديتا,73.6842105263158
Hermel Zighrine,Hermel,الهرمل حي الوقف,66.66666666666666
Michaa Mrajhiné,Hermel,مراح العين,55.55555555555556
Ouadi El-Osse,Hermel,وادي الزين,63.63636363636363
Ouadi Faara,Hermel,وادي فعرة,100.0
Ras-Baalbek - Wadi Faara,Hermel,وادي الصفا الشرقي,74.28571428571428
Ras Baalbek El-Gharbi,Hermel,الحدث الغربي,66.66666666666666
Beirut Central District,Beirut,,0
Aïha,Rachiaya,عيحا,75.0
Aïn Arab,Rachiaya,عين حرشا,80.0
Aïn Horché,Rachiaya,عين التينه,66.66666666666666
Akabé,Rachiaya,العقبة,85.71428571428571
Conflict,Rachiaya,كفرقوق,50.0
Deir El-Achayer,Rachiaya,دير العشائر,76.19047619047619
Haouche El-Kannabé,Rachiaya,راشيا حي الكواسبه,50.0
Héloua,Rachiaya,حلوه,85.71428571428571
Kfar Dinès,Rachiaya,دير العشائر,55.55555555555556
Kfar Kouk,Rachiaya,كفرقوق,76.92307692307692
litige,Rachiaya,عين التينه,53.333333333333336
Mazraet el-Selasata,Rachiaya,سلساتا,100.0
Mohaïdcé,Rachiaya,محيدثه,72.72727272727272
Nabi Safa,Rachiaya,السلطان يعقوب الفوقا,52.17391304347826
Rachaya El-Wadi,Rachiaya,راشيا حي الفوقا,76.92307692307692
Al-Djeziré,West Bekaa,الخياره,46.15384615384615
Al-Istable,West Bekaa,راشيا حي الكواسبه,47.61904761904762
Al-Khiara,West Bekaa,الخياره,66.66666666666666
"Ammik et ""Jouret Ammik""",West Bekaa,عين التينه,31.25
"Chouberkié ""Ammik""",West Bekaa,الشبرقية,44.44444444444444
Dair Tahmiche,West Bekaa,عين التينه,63.1578947368421
Dakoué,West Bekaa,الدكوه,85.71428571428571
Deir-Aïn-el-Jaouzé,West Bekaa,عين التينه,54.54545454545455
Hamara,West Bekaa,المنارة,80.0
Harime-el-Soughra,West Bekaa,المنصوره,50.0
Khiara-el-Atika,West Bekaa,الخياره,55.55555555555556
Machghara,West Bekaa,الشبرقية,57.142857142857146
Mansoura,West Bekaa,المنصوره,90.9090909090909
n.a. (4),West Bekaa,عين التينه,25.0
Soltan-Yacoub,West Bekaa,السلطان يعقوب التحتا,100.0
Al-Ali-Nahri,Zahleh,علي النهري,100.0
Al-Nabi Aïla,Zahleh,نبي ايلا,100.0
Anjar,Zahleh,مجدل عنجر,100.0
Chouberkié  Tabet,Zahleh,شهابية الفاعور,54.54545454545455
Conflict,Zahleh,الكرمة,50.0
Fourzol,Zahleh,الفرزل التحتا,100.0
Haouche-al-Omara (Terres),Zahleh,زحلة حوش الامراء,47.05882352941177
Haouche Kaissar,Zahleh,زحلة حوش الامراء,54.54545454545455
Haouche Sayadi,Zahleh,زحلة حي السيدة,62.5
Hochemoche,Zahleh,زحلة المعلقه,40.0
Kab Elias,Zahleh,قب الياس الفوقا,70.58823529411765
Koussaya,Zahleh,قوسايا,80.0
Ksara,Zahleh,الكرمة,75.0
Maallaka (Terres),Zahleh,زحلة المعلقه,43.47826086956522
Maazraat-el-Ramtanieh,Zahleh,زحلة الراسيه التحتا,50.0
Mandara,Zahleh,الكرمة,44.44444444444444
Mejdel-Anjar,Zahleh,تل الاخضر,60.0
Nasriyat Rizk,Zahleh,حي الفيكاني,50.0
Saïd Neil,Zahleh,سعدنايل,87.5
Tal-al-Amara,Zahleh,تل الاخضر,60.0
Tal-el-Akhdar,Zahleh,تل الاخضر,70.58823529411765
Tanaïl,Zahleh,تعنايل,80.0
Tchiflik Eddé,Zahleh,تل الاخضر,66.66666666666666
Tchiflik Kikano,Zahleh,حي الفيكاني,58.8235294117647
Touaité,Zahleh,تويته,88.88888888888889
Wadi-el-Arayeche,Zahleh,زحلة وادي العرايش,76.92307692307692
Zahlé (Terres),Zahleh,زحلة حي السيدة,36.36363636363637
Zahlé Al-Rassié,Zahleh,زحلة الراسيه التحتا,74.07407407407408
Zahlé Haouche Al-Oumara,Zahleh,زحلة حوش الامراء,80.0
Zahlé Haouche Al-Zaraané,Zahleh,زحلة حوش الزراعنه,80.0
Zahlé Maallaka Kerek,Zahleh,زحلة مار مخايل,74.07407407407408
Zahlé Mar Antonios,Zahleh,زحلة مار انطونيوس,96.96969696969697
Zahlé Mar Gérios,Zahleh,زحلة الميدان الغربي,74.07407407407408
Zahlé Midan,Zahleh,زحلة الميدان الشرقي,80.0
Zahlé Saidet Al-Najda,Zahleh,زحلة سيدة النجاة,80.0
Zebdol,Zahleh,خضر بك,40.0
Aïn-Dara,Aley,عين داره,93.33333333333333
Aïn-El-Jdeidé,Aley,عين الجديدة,80.0
Aïn-Rommané,Aley,عين المرج,71.42857142857143
Ain Saideh,Aley,عين السيدة,87.5
Aïn Sofar,Aley,صوفر,100.0
Aley,Aley,عاليه شمالي,100.0
Baïssour,Aley,بحواره,60.0
Baouarta,Aley,بعورته,83.33333333333333
Bhamdoun (Gare),Aley,محطة بحمدون,70.58823529411765
Bhouara,Aley,بحواره,90.9090909090909
Bouzridé,Aley,بوزريده,92.3076923076923
Btallaoun,Aley,البساتين,54.54545454545455
Bteezanieh,Aley,التعزانية,66.66666666666666
Chouaifat Amroussyat,Aley,الشويفات حي العمروسية,100.0
Chouaifat Oumara,Aley,الشويفات حي الامراء,91.66666666666667
Chouaifat Qobbat,Aley,الشويفات حي القبة,100.0
El-Fsaïkine,Aley,عاليه وسطاني,47.61904761904762
El-Kahalé,Aley,الكحالة,66.66666666666666
El-Kamatiyeh,Aley,القماطية,42.857142857142854
El-Mansouriyeh et Aïn-El-Marge,Aley,عين المرج,100.0
El-Rejmeh,Aley,الرجمة,54.54545454545455
Homs et Hama,Aley,عاليه وسطاني,52.17391304347826
Kfar-Aammay,Aley,كفر عميه,93.33333333333333
litige,Aley,عاليه غربي,53.333333333333336
Mchakhté,Aley,القماطية,66.66666666666666
Baalchemay,Baabda,بعلشميه,92.3076923076923
Borge el Baragenat,Baabda,برج البراجنة حي السنديان,86.95652173913044
Boutchay,Baabda,بطشيه,88.88888888888889
Bsaba Wadi Dlab,Baabda,برج البراجنة حي السياد,57.142857142857146
Chiah,Baabda,الشياح بئر العبد,100.0
El-Chmeice,Baabda,الحدث شمالي,58.8235294117647
El-Erbaniyeh,Baabda,العربانية,58.8235294117647
El-Kalaa,Baabda,القلعه,60.0
El-Khreibé,Baabda,المريجه,46.15384615384615
El-Kneissé,Baabda,الشياح حي الكنيسة,58.8235294117647
El Halaliyeh,Baabda,الهلالية,66.66666666666666
Forn El-Chobbek,Baabda,حارة حريك قرانوح,44.44444444444444
Ghbayreh,Baabda,الغبيري حي الجامع,62.5
Hadace,Baabda,الحدث قبلي,66.66666666666666
Haret Horaïk,Baabda,حارة حريك حي الرويس,100.0
Hazmiyeh,Baabda,المريجه,61.53846153846154
Louaizé,Baabda,الهلالية,60.0
Mardachat,Baabda,المرداشة,83.33333333333333
Mazraet-el-Mzeiraa,Baabda,العربانية,45.45454545454545
Zandouka,Baabda,زندوقه,83.33333333333333
Aïn-el-Assad et Chmeicé,Chouf,عين الاسد والشميس,70.58823529411765
Aïn Ouzaï,Chouf,عين وزين,87.5
Anbal,Chouf,البطال,83.33333333333333
Baakline,Chouf,بعقلين التحتا,100.0
Bkhchtaine,Chouf,بقعاتا,46.15384615384615
Bkifa,Chouf,الدبية,66.66666666666666
Brih et Mteilé,Chouf,بريح,100.0
Chehime,Chouf,شحيم حي البدوي,100.0
Chemaarine,Chouf,السمقانية,61.53846153846154
Dardourite,Chouf,دير دوريت,70.58823529411765
Debbiyeh,Chouf,الدبية,75.0
Debbiyeh (Ain el Haour),Chouf,جدرا - وادي الزينة,27.02702702702703
Deir  El-Moukhalles Ech-Chouf,Chouf,المحتقره دير المخلص,69.56521739130434
Douair Bsennaï,Chouf,المحتقره دير المخلص,60.0
El-Bkaya,Chouf,بقعاتا,57.142857142857146
El-Fouara,Chouf,الفواره,66.66666666666666
El-Freidice,Chouf,دير دوريت,44.44444444444444
El-Jahliyeh,Chouf,الجاهلية,66.66666666666666
El-Jdeidé,Chouf,جديدة الشوف,55.55555555555556
El-Kahlouniyeh,Chouf,الكحلونية,70.58823529411765
El-Khreibé,Chouf,المغيريه,42.857142857142854
El-Kneissé,Chouf,الكنيسة,66.66666666666666
El-Moghaïré,Chouf,المغيريه,71.42857142857143
El-Moghaïriyeh,Chouf,المغيريه,75.0
El-Samkanieh,Chouf,السمقانية,58.8235294117647
Ghabet Jaafar,Chouf,الفواره,58.8235294117647
Jadra,Chouf,جدرا - وادي الزينة,100.0
Jdael et Kfarhi,Chouf,الفواره,60.0
Jebah,Chouf,جباع,75.0
Kfar Haml,Chouf,كفر قطره,66.66666666666666
Kfar Katra,Chouf,كفر قطره,93.33333333333333
Kfar Matta (Klaliyé),Chouf,حارة بعاصير,34.48275862068965
litige,Chouf,كليليه,54.54545454545455
Majdel Meouche,Chouf,مجدل المعوش,94.11764705882354
Mazmoura,Chouf,مزموره,90.9090909090909
Mtoullé Bzina,Chouf,المطله,100.0
Naamat,Chouf,الناعمه,66.66666666666666
Wadi Abou Youssef,Chouf,وادي دير دوريت,61.53846153846154
Abou-Mizane,El Metn,ابو ميزان,94.73684210526315
Aïn-El-Kach,El Metn,عين القبو ودير مار سمعان,50.0
Aïn El-Kabou,El Metn,عين القبو ودير مار سمعان,82.35294117647058
Aïroune,El Metn,العيرون,100.0
Antoura,El Metn,عينطوره,83.33333333333333
Baabdat et Sfaïlé,El Metn,بعبدات,100.0
Baouchariat,El Metn,البوشريه,83.33333333333333
Baskinta,El Metn,الرابية,54.54545454545455
Beit Chebab,El Metn,بيت شباب تحتاني,100.0
Bsifrine et El-Zahriyé,El Metn,مزرعة بنابيل,55.172413793103445
Choueir,El Metn,الشوير,100.0
Deir Tamiche,El Metn,المشرع,54.54545454545455
Dekouanet,El Metn,الدكوانه,83.33333333333333
Douar,El Metn,الدوار,100.0
El-Khounchara,El Metn,الخنشاره,66.66666666666666
El-Machera,El Metn,المشرع,60.0
El-Mhaidcé,El Metn,المحيدثة,53.333333333333336
El-Ouyoun,El Metn,عوكر,36.36363636363637
Haret El-Belleni,El Metn,مزرعة بنابيل,52.17391304347826
Hebouss,El Metn,الغابه,50.0
Jodaidat,El Metn,الجديدة,100.0
Kaakour,El Metn,القعقور,100.0
Majdoub,El Metn,مزهر ومجدوب,62.5
Mar Abda El-Mchammar,El Metn,مار شعيا والمزكه,54.54545454545455
Mar Chaya et Mzakki,El Metn,مار شعيا والمزكه,73.33333333333333
Mar Roukose et Dahr El-Hossain,El Metn,زوق الخراب ومار يوسف,51.16279069767442
Maska et El-Ghabeh,El Metn,الغابه,100.0
Mazraet Beit Chaar,El Metn,بيت الشعار,100.0
Mazraet Deir Aoukar,El Metn,عوكر,100.0
Mazraet El-Hadira,El Metn,مزرعة بنابيل,58.8235294117647
Mezher,El Metn,مزهر ومجدوب,100.0
Mkallesse,El Metn,المسقى,50.0
Sakiet-El-Misk et Bhorsaf,El Metn,ساقية المسك,100.0
Senn el Fil,El Metn,سن الفيل حي البلده,80.0
Zeghrine,El Metn,الرابية,40.0
Zouk-Khrab,El Metn,زوق الخراب ومار يوسف,100.0
Adonis et Sannour,Jubail,ادونيس,100.0
Afka,Jubail,افقا,75.0
Aïn-El-Ghouaibé,Jubail,عين الغويبة,76.19047619047619
Aïn Kfah,Jubail,عين كفاع,87.5
Akoura,Jubail,العاقورة - أ,66.66666666666666
Al Kattara,Jubail,دير القطاره,62.5
Alita,Jubail,الغابات,72.72727272727272
Almate El-Chemaliat,Jubail,علمات الشمالية,84.61538461538461
Almate El-Jenoubiat,Jubail,علمات الجنوبية,84.61538461538461
Arab El-Haibe,Jubail,المزاريب,52.63157894736842
Bakhaase,Jubail,بخعاز,66.66666666666666
Belhos,Jubail,المنصف,54.54545454545455
Berket Hejoula,Jubail,الريحانة,58.8235294117647
Bintaél (Fdar-El-Soufla),Jubail,بنتاعل,35.71428571428571
Breige,Jubail,فتري,50.0
Deir Mar Sarkis,Jubail,جنه ومار سركيس,74.07407407407408
El-Jlaicé,Jubail,الجليسه,61.53846153846154
El-Kafr et El-Harf,Jubail,الكفر,100.0
El-Kfoune,Jubail,كفر مسحون,50.0
El-Mouncef,Jubail,المنصف,54.54545454545455
El-Rihané,Jubail,الريحانة,71.42857142857143
Fatré et Bir-el-Haït,Jubail,فتري,100.0
Ghabate,Jubail,الغابات,100.0
Hboub,Jubail,عين الغويبة,30.769230769230774
Hedayné,Jubail,الريحانة,54.54545454545455
Hsarate et Richkif,Jubail,حصارات,100.0
Janné,Jubail,جنه ومار سركيس,100.0
Jouret-el-Kattine,Jubail,قرطبا الجنوبية,58.333333333333336
Kartaba,Jubail,قرطبا الجنوبية,100.0
Kartaboune,Jubail,كفر مسحون,53.333333333333336
Kfar-Mashoune et Dmalsa,Jubail,كفر مسحون,61.53846153846154
Kfar Kaouass,Jubail,كفر مسحون,62.5
Kfarbaal (Annaya),Jubail,عنايا وكفربعال,53.333333333333336
litige,Jubail,الجليسه,60.0
Mastita,Jubail,سرعيتا,66.66666666666666
Mechmech,Jubail,المزاريب,50.0
Mehrine,Jubail,المزاريب,66.66666666666666
n.a. (2),Jubail,كفر مسحون,23.529411764705884
Sarhita,Jubail,سرعيتا,72.72727272727272
Sirine,Jubail,الريحانة,60.0
Tedmor et Serghal,Jubail,مزرعة السياد,66.66666666666666
Aïntoura,Kasrouane,زعيتره,60.0
Bekaatouta,Kasrouane,بقعتوته,85.71428571428571
Boukak El-Dine,Kasrouane,كفردبيان,44.44444444444444
Chenanhir,Kasrouane,شننعير,83.33333333333333
Deir Baklouche,Kasrouane,القليعات,50.0
Djounié Ghadir,Kasrouane,غادير,100.0
Djounié Salel Alma,Kasrouane,ساحل علما,76.19047619047619
Djounié Sarba,Kasrouane,كفردبيان,53.333333333333336
El-Abri et Chouan,Kasrouane,شوان والعبره,69.23076923076923
El-Ekaïbé,Kasrouane,العقيبه,100.0
El-Kleiyate,Kasrouane,القليعات,61.53846153846154
El-Mghaer,Kasrouane,غزير الجامع,50.0
Ghazir,Kasrouane,غزير الجامع,100.0
Herhraya et Kattine,Kasrouane,هرهريا والقطين,85.71428571428571
Jouret Mhad,Kasrouane,النموره وكفر جريف,52.17391304347826
Kharayeb Nahr Ibrahim,Kasrouane,النموره وكفر جريف,51.61290322580645
litige,Kasrouane,القليعات,54.54545454545455
Mazraet El-Ras,Kasrouane,غزير المعاملتين,40.0
Mazraet Kfardebiane,Kasrouane,كفردبيان,100.0
Mazraet Mrah el-Mir,Kasrouane,النموره وكفر جريف,51.61290322580645
Mouchaa Kesrouan (Faraya),Kasrouane,شوان والعبره,37.5
Mouchaa Kesrouan (Kfardebian),Kasrouane,شوان والعبره,33.33333333333333
n.a. (3),Kasrouane,غزير القناة,25.0
Nammoura et Kfar Jerif,Kasrouane,النموره وكفر جريف,62.5
Souhailet El-Faouka,Kasrouane,السهيله,47.05882352941177
Wata Salam,Kasrouane,ساحل علما,58.8235294117647
Zaaitré,Kasrouane,زعيتره,90.9090909090909
Zouk Mikaèl,Kasrouane,زوق مكايل,94.11764705882354
Aïn-el-Katmoune,Bint Jbayl,تبنين حي التحتاني,50.0
Aïta-el-Zut,Bint Jbayl,عيتا الجبل,66.66666666666666
El-Kouzah,Bint Jbayl,قوزح,100.0
Ghandouriyé,Bint Jbayl,غندورية,92.3076923076923
Haddacé,Bint Jbayl,حداثا,66.66666666666666
Salhané,Bint Jbayl,السلطانيه,76.92307692307692
Soultaniyé,Bint Jbayl,السلطانيه,100.0
Abou Kamha,Hasbaya,ابو قمحه,87.5
Al-Dellafé,Hasbaya,الدلافة,66.66666666666666
El-Habbariyé,Hasbaya,الهبارية,66.66666666666666
El-Kahlouat,Hasbaya,الدلافة,42.857142857142854
El-Khreibé,Hasbaya,الخيام غربي,47.05882352941177
Marj Ez-Zouhour (Haouch El-Qinnaabé),Hasbaya,مرج الزهور,100.0
Nkhailé,Hasbaya,عديسه,54.54545454545455
Slaïyeb,Hasbaya,رب ثلاثين,57.142857142857146
Adchite El-Koussair,Marjaayoun,الجديدة حي السراي,50.0
Adeicé,Marjaayoun,عديسه,66.66666666666666
Deir Mimas Doumiat,Marjaayoun,الجديدة حي المدارس,64.0
Ebel-El-Saki,Marjaayoun,ابل السقي,100.0
El-Amra,Marjaayoun,الهبارية,46.15384615384615
El-Kleia,Marjaayoun,القليعه,54.54545454545455
Houra,Marjaayoun,الهبارية,66.66666666666666
Kantara,Marjaayoun,قنطره,88.88888888888889
Mazraet-El-Jrein,Marjaayoun,الجديدة حي السراي,50.0
Mazraet el-Sarada,Marjaayoun,الجديدة حي السراي,50.0
Meis El-Jabal,Marjaayoun,ميس الجبل جنوبي,82.35294117647058
Rabb Salacine,Marjaayoun,رب ثلاثين,77.77777777777777
Abba,Nabatiyeh,جباع,57.142857142857146
Ali El-Taher,Nabatiyeh,زوطر الشرقية,45.45454545454545
Bfarwé,Nabatiyeh,كفروة,66.66666666666666
Braikeh,Nabatiyeh,بريقع,80.0
El-Charkiyé,Nabatiyeh,الشرقية,66.66666666666666
El-Hamra,Nabatiyeh,الشرقية,40.0
Hmaïla,Nabatiyeh,الشرقية,50.0
Izzé,Nabatiyeh,النميريه,50.0
Kafr Dajjal,Nabatiyeh,كفروة,50.0
Kafra-Jbah,Nabatiyeh,كفروة,61.53846153846154
Kakiat El-Jisr,Nabatiyeh,قعقعية الجسر,57.142857142857146
Ksaibé,Nabatiyeh,سيني,66.66666666666666
Mazraat-el-Khreibé,Nabatiyeh,زوطر الشرقية,40.0
Mazraet Bsaffour,Nabatiyeh,زوطر الشرقية,57.142857142857146
Mazraet Chaal Baal,Nabatiyeh,الشرقية,60.0
Mazraet Dmoul,Nabatiyeh,الشرقية,50.0
Mazraet El-Bayad,Nabatiyeh,الشرقية,40.0
Mazraet Kalaat Meiss,Nabatiyeh,النميريه,50.0
Mazraet Kfar Jaouz,Nabatiyeh,زوطر الشرقية,52.17391304347826
Mazraet Sinai,Nabatiyeh,سيني,100.0
Nmériyé,Nabatiyeh,النميريه,100.0
Zaoutar El-Charkiyé,Nabatiyeh,زوطر الشرقية,81.81818181818181
Al-Boukaïa et Dahr Abi Yaghi,Batroun,ضهر ابو ياغي,80.0
Basbina,Batroun,البترون,46.15384615384615
Batroune,Batroun,البترون,100.0
Bechtoudar-Aoura,Batroun,بشتودار,100.0
Beit Ksab,Batroun,تنورين الفوقا,42.10526315789474
Chouma,Batroun,غوما,75.0
Deir Kfifane,Batroun,راشكيده,47.05882352941177
Deir Mar Youhanna Douma,Batroun,مراح شديد ودير شواح,57.142857142857146
Deir Mar Youssef Jrabta,Batroun,مراح شديد ودير شواح,44.44444444444444
El-Ftahat,Batroun,الفتاحات وحربونا,80.0
Harbouna,Batroun,صغار,44.44444444444444
Karnaoun,Batroun,قندولا,54.54545454545455
Kfar Heloss,Batroun,تنورين الفوقا,45.45454545454545
Koubba,Batroun,قندولا,60.0
Masreh,Batroun,مسرح والبقيعة,100.0
Mrah Chdid,Batroun,مراح شديد ودير شواح,100.0
Rachkida,Batroun,راشكيده,85.71428571428571
Sghar et Wata Sfarta,Batroun,صغار,100.0
Sourate,Batroun,صورات,88.88888888888889
Tannourine Foka,Batroun,تنورين الفوقا,100.0
Bazoune,Bcharre,بزعون,88.88888888888889
Bcharré,Bcharre,بشري حي السيدة,100.0
Bikaa kafra,Bcharre,بقاعكفرا,94.11764705882354
Billa,Bcharre,المغر وبلا,54.54545454545455
Mchaa Ej Jobbé,Bcharre,بشري حي مار سابا,52.17391304347826
Mugher-el-Ahwel,Bcharre,المغر وبلا,63.1578947368421
Al-Boukaia,Koura,اجد عبرين,40.0
Al-Hraïché,Koura,ضهر العين,42.857142857142854
Belmand,Koura,ضهر العين,53.333333333333336
Ejdabrine,Koura,اجد عبرين,75.0
Majdel,Koura,اجد عبرين,53.333333333333336
Aassaymout,Minieh-Danieh,النبي يوشع,35.294117647058826
Al-Minieh,Minieh-Danieh,المنية,54.54545454545455
Azka,Minieh-Danieh,المنية,25.0
Bakhoune,Minieh-Danieh,المنية,50.0
Bchnnata,Minieh-Danieh,المنية,44.44444444444444
Bechhara,Minieh-Danieh,الريحانية,46.15384615384615
Behweité,Minieh-Danieh,برج اليهودية,66.66666666666666
Beit Zaoud,Minieh-Danieh,النبي يوشع,53.333333333333336
Bkarsouna,Minieh-Danieh,برج اليهودية,47.05882352941177
Borge-El-Yahoudié,Minieh-Danieh,برج اليهودية,81.81818181818181
Btehline,Minieh-Danieh,الريحانية,50.0
El-Watié et Harf Siad,Minieh-Danieh,الريحانية,37.03703703703704
Jarjoura,Minieh-Danieh,الريحانية,40.0
Jaroun,Minieh-Danieh,الريحانية,46.15384615384615
Kattiné,Minieh-Danieh,المنية,54.54545454545455
Kfar Bibnine,Minieh-Danieh,الريحانية,35.294117647058826
Kharnoub,Minieh-Danieh,الريحانية,42.857142857142854
litige,Minieh-Danieh,الريحانية,42.857142857142854
Mazraat Ketrane,Minieh-Danieh,الريحانية,52.63157894736842
Mazraet El-Krême,Minieh-Danieh,الريحانية,47.61904761904762
Mrabine,Minieh-Danieh,المنية,66.66666666666666
Mrah-El-Sfiré,Minieh-Danieh,الريحانية,33.33333333333333
Nabi Youcheaa,Minieh-Danieh,النبي يوشع,87.5
Nemrine et Bakoura,Minieh-Danieh,الريحانية,45.45454545454545
Omar,Minieh-Danieh,المنية,40.0
Qarhaiya,Minieh-Danieh,الريحانية,66.66666666666666
Qemmamine,Minieh-Danieh,المنية,66.66666666666666
Qraine,Minieh-Danieh,الريحانية,66.66666666666666
Tourbol,Minieh-Danieh,المنية,20.0
Zouk Bhanine,Minieh-Danieh,الريحانية,40.0
Al-Mina Jardins,Tripoli,الرمانة,50.0
Al-Mina No1,Tripoli,الميناء,50.0
Al-Mina No2,Tripoli,الميناء,66.66666666666666
Al-Mina No3,Tripoli,الميناء,53.333333333333336
Tripoli Al-Hadid,Tripoli,الحديد,100.0
Tripoli Al-Kobbé,Tripoli,السويقه,44.44444444444444
Tripoli Al-Mouhaitra,Tripoli,المهاترة,60.869565217391305
Tripoli Al-Nouri,Tripoli,النوري,100.0
Tripoli Al-Rmmanieh,Tripoli,الرمانة,47.61904761904762
Tripoli Al-Souéka,Tripoli,السويقه,50.0
Tripoli Al-Tabbaneh,Tripoli,التبانة,44.44444444444444
Tripoli Al-Tal,Tripoli,التبانة,44.44444444444444
Tripoli Al-Zehrieh,Tripoli,الزاهرية,47.61904761904762
Tripoli Al Haddadin,Tripoli,الحدادين,100.0
Tripoli Jardins,Tripoli,التبانة,50.0
Tripoli Zeitoun,Tripoli,الزاهرية,55.55555555555556
Aadoua,Zgharta,ايعال,66.66666666666666
Acheiche,Zgharta,عشاش,75.0
Al-Harik,Zgharta,حريقص,66.66666666666666
Al-Khaldyé,Zgharta,القادريه,58.8235294117647
Arbet Koshaya,Zgharta,عربة قزحيا,77.77777777777777
Ardate,Zgharta,حرف ارده,57.142857142857146
Basloukite,Zgharta,بسلوقيط,85.71428571428571
Benachée,Zgharta,بنشعي,88.88888888888889
Bouhairet Toula,Zgharta,البحيرة,100.0
Bsebhil,Zgharta,بيت عبيد,42.857142857142854
Danhi,Zgharta,القادريه,44.44444444444444
Ehden,Zgharta,رشعين,60.0
Ejbeh,Zgharta,اجبع,75.0
Iâl,Zgharta,ايعال,88.88888888888889
Karabeiche,Zgharta,القادريه,61.53846153846154
Kfar Chakna,Zgharta,كفر شخنا,87.5
Kfar hata,Zgharta,كفرحاتا,80.0
Mazraat Ejbeh,Zgharta,مزرعة حوقا,70.0
Mazraat Jneide,Zgharta,مزرعة الفريديس,78.26086956521739
Mazraet Hreikess,Zgharta,حريقص,100.0
Merh Kfarsghabe,Zgharta,مزرعة الفريديس,54.54545454545455
Mériata,Zgharta,مرياطه,83.33333333333333
n.a. (1),Zgharta,رشعين,14.285714285714292
Rachehine,Zgharta,رشعين,80.0
Sakhra,Zgharta,حارة الفوار,42.857142857142854
Zghorta,Zgharta,زغرتا حي السيدة الشرقي,100.0
Aïchiyé,Jezzine,العيشية,88.88888888888889
Akmata,Jezzine,قتالة,54.54545454545455
Ariya,Jezzine,صفارية,80.0
Arkoub (Mazraat),Jezzine,القطراني,26.086956521739125
Baba,Jezzine,قتالة,44.44444444444444
Chabil,Jezzine,قتالة,44.44444444444444
El-Demachkiyeh,Jezzine,ريمات وشقاديف,36.36363636363637
El-Kabeh,Jezzine,الحسانيه,42.857142857142854
El-Mahmoudiyeh,Jezzine,عين مجدلين,42.10526315789474
El-Rahbane,Jezzine,الحسانيه,53.333333333333336
El-Rihane,Jezzine,القطراني,57.142857142857146
El-Wadié,Jezzine,حيتوله - وادي الليمون,72.72727272727272
Haïdab,Jezzine,قطين وحيداب,62.5
Haitoulé,Jezzine,حيتوله - وادي الليمون,100.0
Haïtoura,Jezzine,حيطوره,83.33333333333333
Hassaniyé,Jezzine,الحسانيه,100.0
Jabal Toura,Jezzine,القطراني,62.5
Kafr-Jarra,Jezzine,كفر جره,92.3076923076923
Katrani,Jezzine,القطراني,100.0
Kattine,Jezzine,قطين وحيداب,100.0
Khellet Khazen,Jezzine,عين مجدلين,52.63157894736842
Krouh,Jezzine,لبعه,28.57142857142857
litige,Jezzine,لبعه,50.0
Mazraat Dahr el-Deir,Jezzine,بحنين - كفرتعلا,38.70967741935484
Mazraat Daraya,Jezzine,ريمات وشقاديف,45.45454545454545
Mazraat El Ouazaaiyé,Jezzine,بحنين - كفرتعلا,34.48275862068965
Mazraat Louzid (Louayziyé),Jezzine,بحنين - كفرتعلا,27.02702702702703
Rimate,Jezzine,ريمات وشقاديف,100.0
Sfarai,Jezzine,بحنين - كفرتعلا,33.33333333333333
Tamra,Jezzine,قتالة,60.0
Wadi Laimoune,Jezzine,عين مجدلين,55.55555555555556
Addoussiat,Saida,صيدا حي المسالخية,47.05882352941177
Aïn-el-Dib,Saida,صيدا حي الكنان,44.44444444444444
Arab Soukar,Saida,صيدا حي السراي,58.8235294117647
Arab Tabbaya,Saida,صيدا حي السراي,58.8235294117647
Bissariat,Saida,صيدا حي السبيل,53.333333333333336
Daoudiyé,Saida,صيدا حي القناية,40.0
Darbessim,Saida,صيدا حي السبيل,40.0
Deir Takla,Saida,صيدا حي القناية,52.63157894736842
El-Hajjé,Saida,صيدا حي القناية,35.294117647058826
El-Mhammariyé,Saida,صيدا حي الكشك,36.36363636363637
El Hartiyé,Saida,صيدا حي الكشك,38.095238095238095
Jaziré,Saida,صيدا حي الزويتيني,35.294117647058826
Kaakiet El-Senaoubar,Saida,صيدا حي القناية,48.0
Kaoutarite El-Riz,Saida,صيدا حي الزويتيني,38.46153846153846
Kaoutarite El-Siyad,Saida,صيدا حي مكسر العبد,53.84615384615385
Kfar Badda,Saida,صيدا حي الكنان,58.8235294117647
Kherbet Bassal,Saida,صيدا حي المسالخية,54.54545454545455
Kherbet El-Douair,Saida,صيدا حي مكسر العبد,46.15384615384615
Loubié,Saida,صيدا حي السبيل,46.15384615384615
Matriet El-Choumar,Saida,صيدا حي الشارع,52.17391304347826
Mazraat El-Wasta,Saida,صيدا حي الشارع,52.17391304347826
Mazraat Jimjim,Saida,صيدا حي مار نقولا,46.666666666666664
Mazraet Matarite Jebah,Saida,صيدا حي مار نقولا,50.0
Miemié,Saida,صيدا حي المسالخية,47.05882352941177
Mohaidalé,Saida,صيدا حي المسالخية,52.63157894736842
Msaileh,Saida,صيدا حي المسالخية,44.44444444444444
Nadjariat,Saida,صيدا حي السراي,37.5
Saksakiat,Saida,صيدا حي القناية,47.05882352941177
Samiate,Saida,صيدا حي السراي,53.333333333333336
Sfenté,Saida,صيدا حي القناية,53.333333333333336
Snaiber,Saida,صيدا حي القناية,50.0
Tibna,Saida,صيدا حي الكنان,42.857142857142854
Yahoudiat,Saida,صيدا حي القناية,50.0
Aaiyé,Sour,الرشيديه,66.66666666666666
Abou Chech,Sour,باريش,61.53846153846154
Aïn Abou Abdallah,Sour,عين ابو عبدالله,96.7741935483871
Bazouriat,Sour,البازوريه,76.92307692307692
Beiriche,Sour,باريش,90.9090909090909
Bestiace,Sour,البساتين,72.72727272727272
Btaychiyé,Sour,البازوريه,57.142857142857146
Chameh,Sour,شمع,66.66666666666666
Cheïetiyé,Sour,الشعيتية,80.0
Debhalé,Sour,البرغليه,54.54545454545455
El-Héloussiyé,Sour,الحلوسية,66.66666666666666
El-Kleilé,Sour,قليله,100.0
Eskandaroun,Sour,صور حي الموارنة,44.44444444444444
Hamoul,Sour,حناويه,54.54545454545455
Hanawé,Sour,حناويه,90.9090909090909
Jejime,Sour,الحميري,50.0
Kneissé,Sour,نفاخيه,54.54545454545455
Mahaïlib,Sour,السماعية,61.53846153846154
Mahroub,Sour,معروب,80.0
Mazraat Dhaira,Sour,الظهيرة,53.333333333333336
Mazraat Ez-Zalloutieh,Sour,الزلوطية,60.869565217391305
Mazraat Torsemhat,Sour,السماعية,52.63157894736842
Neffahiyé,Sour,نفاخيه,83.33333333333333
Ouadi Djilou,Sour,وادي جيلو,100.0
Rafid-el-Mernaba,Sour,صور حي الموارنة,60.869565217391305
Salha,Sour,سلعا,75.0
Tairzibna,Sour,الظهيرة,53.333333333333336
Touaire,Sour,طير فلسيه,100.0
Trafelsiyé,Sour,البرغليه,61.53846153846154
