English Name,English District,Best Arabic Match,Match Score,Cand1,Cand1_Lat,Cand1_Score,Cand2,Cand2_Lat,Cand2_Score,Cand3,Cand3_Lat,Cand3_Score
Al-Amara,Akkar,العماير,66.66666666666666,العماير,Al عمار,66.66666666666666,عماره,Al عمار,66.66666666666666,مراح الخوخ,Al أمرا,53.333333333333336
Al-Hissa,Akkar,الحيصه,54.54545454545455,الحيصه,Al حيصة,54.54545454545455,الكنيسة,Al حيسة,50.0,بيت الحاج,Al حسا,46.15384615384615
Al-Jédidé,Akkar,جديدة القيطع,55.55555555555556,جديدة القيطع,Al جديدي,55.55555555555556,خريبة الجندي,Al جديدي,44.44444444444444,الدبابيه,Al جديده,42.857142857142854
Al-Khraibé (Kousha),Akkar,خريبة الجندي,38.46153846153846,خريبة الجندي,Al خريب (Kousha),38.46153846153846,خربة الجرد,Al خريب (Kousha),33.33333333333333,الريحانيه,Al خرايبه (Kousha),32.0
Al-Kleiat,Akkar,قليعات,61.53846153846154,قليعات,Al قليت,61.53846153846154,قنية,Al قلية,54.54545454545455,البقيعة,Al قلية,50.0
Al-Massoudié,Akkar,المسعوديه,75.0,المسعوديه,Al مسعودي,75.0,عبودية,Al مسعودي,53.333333333333336,السويسه,Al ماسودي,50.0
Al-Moukaiteh,Akkar,المسعوديه,50.0,المسعوديه,Al موكيته,50.0,القبيات الذوق,Al مقيته,47.05882352941177,القبيات الضهر,Al مقيته,47.05882352941177
Al-Mouzeihmé,Akkar,المسعوديه,47.05882352941177,المسعوديه,Al موذيهمه,47.05882352941177,الحميره,Al مزيهمه,42.857142857142854,غزيله,Al مزيهمه,42.857142857142854
Al-Roumoul,Akkar,القبيات مرتموره,40.0,القبيات مرتموره,Al رمول,40.0,خط البترول,Al رمول,40.0,كرم زبدين,Al رمل,40.0
Al-Semmakli,Akkar,المقيطع,46.15384615384615,المقيطع,Al صمقلي,46.15384615384615,العماير,Al صماكلي,42.857142857142854,قليعات,Al صمقلي,42.857142857142854
Al-Zoureiribe,Akkar,الزواريب,53.333333333333336,الزواريب,Al ظوريرب,53.333333333333336,الريحانيه,Al ظريريبه,47.05882352941177,خريبة الجندي,Al ظريرب,44.44444444444444
Al Moghrak,Akkar,مراح الخوخ,50.0,مراح الخوخ,Al مغراك,50.0,جبل المنصورة,Al موغرك,44.44444444444444,القبيات مرتموره,Al موغرك,38.095238095238095
Barcha,Akkar,القرنة,54.54545454545455,القرنة,بارشة,54.54545454545455,النورة,بارشة,54.54545454545455,الهيشة,بارشة,54.54545454545455
Cheir Homeirine,Akkar,الحميره,66.66666666666666,الحميره,شير حميرنه,66.66666666666666,مشيلحة حاكوره,شير حوميرنه,58.333333333333336,الحويش,شير حوميرن,57.142857142857146
Dahr el-Kneissé,Akkar,ضهر القنبر,63.1578947368421,ضهر ليسينه,ضهر el كنيسه,63.63636363636363,ضهر القنبر,ضهر el قنيص,63.1578947368421,القبيات الضهر,ضهر el قنيص,60.0
Dahr Haddara,Akkar,ضهر القنبر,66.66666666666666,ضهر القنبر,ضهر حضر,66.66666666666666,القبيات الضهر,ضهر حضر,60.0,ضهر ليسينه,ضهر حضر,60.0
Danbou,Akkar,دارين,66.66666666666666,دارين,دانب,66.66666666666666,الدبابيه,دانب,60.0,السنديانة,دانب,54.54545454545455
Daoucé et Baghdadi,Akkar,جديدة القيطع,60.869565217391305,جديدة القيطع,دوقي عت بجهدد,60.869565217391305,البقيعة,دوقي عة بغدد,58.8235294117647,القبيات غوايا,دوقي عت بغدادي,56.0
Dayret Nahr El-Kébir,Akkar,القبيات الغربية,55.172413793103445,القبيات الغربية,ديرية ناهر El قبير,55.172413793103445,القبيات الضهر,ضيرت ناهر El قبير,53.84615384615385,ضهر القنبر,دايرة نهر El قبر,53.84615384615385
Denké et El-Amriyeh,Akkar,الريحانيه,52.17391304347826,عكار العتيقه,دينق ات El عامريه,55.172413793103445,الريحانيه,دنكي ات El أمريح,52.17391304347826,تل معيان,دانك ات El امريه,50.0
El-Armeh,Akkar,الحميره,62.5,الحميره,El الرميه,62.5,عماره,El عارمه,61.53846153846154,الدوره,El الرمه,57.142857142857146
El-Bardé,Akkar,الفرض,50.0,الفرض,El بارض,50.0,ضهر القنبر,El برضه,47.05882352941177,دارين,El باردي,46.15384615384615
El-Ghozaili,Akkar,غزيله,66.66666666666666,غزيله,El غزيل,66.66666666666666,الزواريب,El غزايل,42.857142857142854,الحويش,El غذايلي,40.0
El-Kantara,Akkar,القنطره,66.66666666666666,القنطره,El قنطر,66.66666666666666,ضهر القنبر,El قنتر,53.333333333333336,القرنة,El قنطرة,50.0
El-Kneissé,Akkar,الكنيسة,66.66666666666666,الكنيسة,El كنيس,66.66666666666666,النفيسه,El كنيسه,61.53846153846154,قنية,El قنيص,54.54545454545455
El-Korné,Akkar,القرنة,60.0,القرنة,El قرن,60.0,الكواشره,El كورنه,57.142857142857146,قنية,El قرني,54.54545454545455
El-Kouachra,Akkar,الكواشره,66.66666666666666,الكواشره,El كواشرة,66.66666666666666,كوشا,El كوشرا,66.66666666666666,الشيخ عياش,El كعاشر,50.0
El-Msallé,Akkar,العماير,46.15384615384615,العماير,El مثالي,46.15384615384615,عماره,El مساله,46.15384615384615,الحويش,El مثالي,42.857142857142854
El-Nfeicé,Akkar,النفيسه,61.53846153846154,النفيسه,El نفيكه,61.53846153846154,سفينة القيطع,El نفيقي,44.44444444444444,الحيصه,El نفايكه,40.0
Fseikine et Aïn Achma,Akkar,عين الذهب,60.0,عين الذهب,فسيكن ات عين أشم,60.0,سفينة القيطع,فسيكن عط عن الشم,57.142857142857146,تل معيان,فسيكن ات عن الشم,54.54545454545455
Janine,Akkar,النفيسه,60.0,النفيسه,جنينه,60.0,دارين,جانين,60.0,السنديانة,جانين,57.142857142857146
Jedeidet-El-Kayteh,Akkar,جديدة القيطع,69.56521739130434,جديدة القيطع,جديدة El كيطه,69.56521739130434,القبيات الغربية,جديدة El قيته,50.0,القبيات القطلبه,جديدات El كيطه,48.0
Jouret Srar,Akkar,خربة الجرد,55.55555555555556,خربة الجرد,جرة ثرار,55.55555555555556,النورة,جورة ثرار,53.333333333333336,بني صخر,جريت صرر,53.333333333333336
Kaabarine,Akkar,الكواشره,66.66666666666666,دارين,كابرين,72.72727272727272,الكواشره,كابرنه,66.66666666666666,الريحانيه,كابريني,62.5
Kafr Malka,Akkar,القبيات الضهر,60.869565217391305,القبيات الضهر,كافر مالقا,60.869565217391305,مشيلحة حاكوره,كفر ملكة,57.142857142857146,القبيات الغربية,كافر مالقا,56.0
Katté,Akkar,القنطره,75.0,القنطره,قطه,75.0,قليعات,قات,66.66666666666666,البساتين,كاتي,60.0
Khalsa,Akkar,البساتين,61.53846153846154,البساتين,خالسا,61.53846153846154,الحيصه,خالص,60.0,الدوسه,خالس,60.0
Khirbet Er Remmane,Akkar,خربة الجرد,66.66666666666666,خربة الجرد,خربة ار رمانه,66.66666666666666,خريبة الجندي,خربة اير رمن,58.333333333333336,البساتين,خربات ار ريمن,57.142857142857146
Khreibet Aakkar,Akkar,خريبة الجندي,71.42857142857143,خريبة الجندي,خريبة آكر,71.42857142857143,خربة الجرد,خريبة آكر,70.58823529411765,القبيات الغربية,خريبية عقار,63.63636363636363
litige,Akkar,البقيعة,54.54545454545455,البقيعة,لتقي,54.54545454545455,الحيصه,ليتجه,54.54545454545455,المقيطع,لتقي,54.54545454545455
Majdel,Akkar,العماير,54.54545454545455,العماير,ماجديل,54.54545454545455,المسعوديه,مجديل,50.0,جرمنايا,ماجديل,46.15384615384615
Mazraet-El-Nahrieh,Akkar,الريحانيه,47.61904761904762,الريحانيه,مزرية El نهريه,47.61904761904762,النهرية وبستان الحرش,مازرعت El نهرياه,47.05882352941177,القبيات الغربية,مزرية El نهرياه,46.15384615384615
Merlayet Melhem,Akkar,القبيات الضهر,64.0,القبيات الضهر,مرليات مالهم,64.0,الحميره,ميرليت مالحم,63.1578947368421,بيت الحاج,مرليت مالحم,60.0
Qarha,Akkar,القرنة,75.0,القرنة,قرحة,75.0,القنطره,قره,75.0,الكواشره,كارهة,72.72727272727272
Sadaka,Akkar,العوادة,60.0,العوادة,صادقة,60.0,القرنة,صداقة,54.54545454545455,البقيعة,صداقة,50.0
Safiné-El-Kayteh,Akkar,سفينة القيطع,63.63636363636363,سفينة القيطع,سفين El كيطه,63.63636363636363,زوق الحصينه,صفينه El قيته,54.54545454545455,القبيات غوايا,سافين El قيته,50.0
Saïdnaya,Akkar,المسعوديه,61.53846153846154,عيدمون,سعيدني,66.66666666666666,المسعوديه,سعيدني,61.53846153846154,عبودية,صعيدنية,61.53846153846154
Tal Kerri,Akkar,القرنة,66.66666666666666,القرنة,طال قر,66.66666666666666,الكواشره,طال كار,66.66666666666666,عكار العتيقه,طال كار,63.1578947368421
Tal Sibhel,Akkar,السهلة,71.42857142857143,السهلة,تال سبهل,71.42857142857143,السويسه,تال سيبهل,62.5,الحيصه,تال صبهل,57.142857142857146
Zouk-El-Hosmieh et Dahr Ayasse,Akkar,ضهر القنبر,54.54545454545455,ضهر القنبر,زوق El هسميه ات ضهر أيس,54.54545454545455,زوق الحصينه,زوق El هسميه ات دحر عيص,52.94117647058823,زوق حداره,زوق El حسميه ات داهر عيسه,52.94117647058823
Aïn El-Beniyé,Baalbeck,البرانيه حي المسيحيين,61.53846153846154,البرانيه حي المسيحيين,عين El بانيه,61.53846153846154,وادي بنيت,عاين El بني,60.0,النبي نعام,عان El باني,57.142857142857146
Aïn El-Jaouzé,Baalbeck,حي عز الدين,55.55555555555556,حي عز الدين,أين El جعوزه,55.55555555555556,مراح العين,عين El جوزي,54.54545454545455,النبي شيت حي الجنوبي,عين El جوزي,50.0
Aïn Séa et Chadourah,Baalbeck,النبي شيت حي طبشار,60.60606060606061,النبي شيت حي طبشار,أين صية ايت شادرة,60.60606060606061,حوش السيد علي,عين سي ات شدرة,59.25925925925926,شعت حي الضهر,أن صية عت شاضرة,59.25925925925926
Al-Aïne,Baalbeck,مراح العين,66.66666666666666,مراح العين,Al عين,66.66666666666666,النبي شيت حي العريض,Al عيني,52.63157894736842,الزويتيني,Al ايني,50.0
Al-Fakiat,Baalbeck,القرينة,50.0,القرينة,Al فقية,50.0,الفاكهة حي الجامع,Al فكية,47.05882352941177,مزرعة الفقيه,Al فقية,47.05882352941177
Al-Khodré,Baalbeck,الخضر الشرقي,66.66666666666666,الخضر الشرقي,Al خضر,66.66666666666666,الخضر الغربي,Al خضر,66.66666666666666,الخضر حي الاشعل,Al خضر,66.66666666666666
Al-Qa Bayoun,Baalbeck,قلعة غربي,55.55555555555556,قلعة غربي,Al قة بين,55.55555555555556,النقرة,Al قة باين,50.0,بيت مشيك,Al ك بين,50.0
Al-Qa El-Benjakie,Baalbeck,الفاكهة حي مار جرجس,43.75,الفاكهة حي مار جرجس,Al قا El بنجاكه,43.75,قلعة غربي,Al قة El بنجكي,43.47826086956522,وادي بنيت,Al قا El بنجكي,43.47826086956522
Al-Qa Jouar Mekie,Baalbeck,جوار الحشيش,61.53846153846154,جوار الحشيش,Al قا جوار مكية,61.53846153846154,الفاكهة حي مار جرجس,Al كة جور مكيا,57.142857142857146,الفاكهة حي الجامع,Al قا جعر مكه,52.17391304347826
Al-Qa Wadi El-Khanzir,Baalbeck,وادي النيرة,64.51612903225806,وادي النيرة,Al قة وادي El خانزير,64.51612903225806,وادي العس,Al قا وادي El خنزير,61.53846153846154,وادي بنيت,Al قا وادي El خنزير,61.53846153846154
Al-Saïdat,Baalbeck,السعيده,61.53846153846154,السعيده,Al سعيدة,61.53846153846154,العقيدية,Al سعيدة,57.142857142857146,السويسة,Al سيدة,50.0
Al-Taybat,Baalbeck,الصوانية,42.857142857142854,الصوانية,Al تايبة,42.857142857142854,حي العباسية,Al تايبة,42.857142857142854,البويضة,Al تايبة,40.0
Chaïbé,Baalbeck,الشربين,75.0,الشربين,شبي,75.0,النبي رشاده,شابي,61.53846153846154,السعيده,شعيبه,60.0
Conflict,Baalbeck,وادي بنيت,54.54545454545455,وادي بنيت,كنفليكت,54.54545454545455,فلاوي,كنفليكت,50.0,الصوانية,كونفلكة,46.15384615384615
Dar El-Ouassia,Baalbeck,دار الواسعة,66.66666666666666,دار الواسعة,دار El أواسي,66.66666666666666,الخضر حي الجنوبي,ضر El أوصي,52.63157894736842,الخضر الشرقي,ضر El اوسي,50.0
Haddet,Baalbeck,العقيدية,60.0,العقيدية,هدية,60.0,البويضة,حاضة,54.54545454545455,الحدث الغربي,حدية,50.0
Jenta,Baalbeck,القرينة,66.66666666666666,القرينة,جينة,66.66666666666666,الانصار,جانتا,60.0,الجوبانية,جنة,60.0
Kfar Dabache,Baalbeck,وادي الصفا الشرقي,58.8235294117647,وادي الصفا الشرقي,كفار دبشي,58.8235294117647,جوار الحشيش,كفار دباشي,57.142857142857146,الخضر الشرقي,كفر دباشي,52.63157894736842
Knaissat,Baalbeck,وادي النيرة,66.66666666666666,وادي النيرة,كنيسة,66.66666666666666,وادي بنيت,كنيست,66.66666666666666,السويسة,كنيسة,60.0
litige,Baalbeck,التوفيقيه,61.53846153846154,التوفيقيه,لتقي,61.53846153846154,الزويتيني,لتيجي,57.142857142857146,العلاق,لتق,57.142857142857146
Misraya,Baalbeck,المعاصر,66.66666666666666,المعاصر,مصري,66.66666666666666,صفرا,مصريا,66.66666666666666,السويسة,مسرية,60.0
Oummouchki,Baalbeck,العلاق,50.0,العلاق,عمشق,50.0,التوفيقيه,أموشقي,46.15384615384615,الخضر الشرقي,أمشقي,46.15384615384615
Ras Baalbek El-Charki,Baalbeck,الخضر الشرقي,66.66666666666666,راس بعلبك,راس بعلبك El شرقي,100.0,الخضر الشرقي,راس بعلبك El شرقي,66.66666666666666,الريش حي الشرقي,راس بعلبك El شرقي,66.66666666666666
Ras Baalbek El-Sahl,Baalbeck,النبي رشاده,57.142857142857146,راس بعلبك,راس بعلبك El سهل,100.0,النبي رشاده,راس بالبيك El سهل,57.142857142857146,الريش حي الغربي,رص بالبيك El ثحل,55.172413793103445
Slouky,Baalbeck,السويسة,60.0,السويسة,سلوكي,60.0,فلاوي,سلوكي,60.0,التوفيقيه,سلوقي,57.142857142857146
Conflict,Hermel,وادي بنيت,54.54545454545455,وادي بنيت,كنفليكت,54.54545454545455,فلاوي,كنفليكت,50.0,الصوانية,كونفلكة,46.15384615384615
El-Méaisseri,Hermel,المعاصر,61.53846153846154,المعاصر,El مايصر,61.53846153846154,الريش حي الشميس,El ميسر,53.333333333333336,الحدث الشمالي,El مايسر,47.05882352941177
Hermel Djebab,Hermel,الهرمل حي بديتا,73.6842105263158,الهرمل حي بديتا,هرمل جباب,73.6842105263158,الهرمل حي الحارة,هرمل جبب,66.66666666666666,الهرمل حي الوقف,هرمل جبب,66.66666666666666
Hermel Zighrine,Hermel,الهرمل حي الوقف,66.66666666666666,الهرمل حي الحارة,هرمل ظغرن,66.66666666666666,الهرمل حي الوقف,هرمل زغرين,66.66666666666666,الريش حي الغربي,حرميل زغرين,63.1578947368421
Michaa Mrajhiné,Hermel,مراح العين,55.55555555555556,مراح العين,مشا مرجحين,55.55555555555556,شعت حي الضهر,مشع مرجحين,54.54545454545455,مزرعة الفقيه,مشعة مرجهينه,54.54545454545455
Ouadi El-Osse,Hermel,وادي الزين,63.63636363636363,وادي العس,أودي El عس,100.0,وادي الزين,عوادي El اثي,63.63636363636363,وادي النيرة,عوادي El اثي,60.869565217391305
Ras-Baalbek - Wadi Faara,Hermel,وادي الصفا الشرقي,74.28571428571428,راس بعلبك,راس بعلبك وادي فارة,100.0,وادي فعرة,راس بعلبك وادي فعرة,100.0,وادي الصفا الشرقي,راص بالبق وادي فار,74.28571428571428
Ras Baalbek El-Gharbi,Hermel,الحدث الغربي,66.66666666666666,راس بعلبك,راس بعلبك El غربي,100.0,الحدث الغربي,راس بعلبك El غربي,66.66666666666666,الخضر الغربي,راس بعلبك El غربي,66.66666666666666
Beirut Central District,Beirut,,0,راس بعلبك,راس بعلبك El غربي,100.0,الحدث الغربي,راس بعلبك El غربي,66.66666666666666,الخضر الغربي,راس بعلبك El غربي,66.66666666666666
Aïha,Rachiaya,عيحا,75.0,عيحا,عيها,75.0,الخياره,اه,57.142857142857146,الدكوه,اه,50.0
Aïn Horché,Rachiaya,عين التينه,66.66666666666666,عين حرشا,عين حرش,93.33333333333333,عين التينه,عين هرش,66.66666666666666,راشيا حي الميدان,عين حرشي,63.1578947368421
Conflict,Rachiaya,كفرقوق,50.0,كفرقوق,كنفلقت,50.0,كفردنيس,كنفليكت,42.857142857142854,الدكوه,كونفلكت,36.36363636363637
Deir El-Achayer,Rachiaya,دير العشائر,76.19047619047619,دير العشائر,دير El عشاير,76.19047619047619,الخياره,دير El الشيار,50.0,الشبرقية,دير El الشير,50.0
Haouche El-Kannabé,Rachiaya,راشيا حي الكواسبه,50.0,راشيا حي الكواسبه,حوشي El كنبه,50.0,راشيا حي الفوقا,حوشي El قناب,45.45454545454545,مشغره الفوقا,هوشه El قناب,45.45454545454545
Kfar Dinès,Rachiaya,دير العشائر,55.55555555555556,دير العشائر,كفار دينس,55.55555555555556,راشيا حي الفوقا,كفار ديناس,50.0,المنارة,كفر دناس,46.15384615384615
Kfar Kouk,Rachiaya,كفرقوق,76.92307692307692,كفرقوق,كفر كوق,76.92307692307692,راشيا حي الفوقا,كفر كوق,47.05882352941177,مشغره الفوقا,كفر قوق,47.05882352941177
litige,Rachiaya,عين التينه,53.333333333333336,عين التينه,لتيجي,53.333333333333336,الخياره,ليتجه,50.0,الشبرقية,لتقي,50.0
Mohaïdcé,Rachiaya,محيدثه,72.72727272727272,محيدثه,محدقه,72.72727272727272,الدكوه,مهعيدكه,54.54545454545455,المنصوره,موهدك,54.54545454545455
Nabi Safa,Rachiaya,السلطان يعقوب الفوقا,52.17391304347826,السلطان يعقوب الفوقا,نب سافا,52.17391304347826,راشيا حي الفوقا,نابي سافا,50.0,راشيا حي الكواسبه,ناب سافا,50.0
Rachaya El-Wadi,Rachiaya,راشيا حي الفوقا,76.92307692307692,راشيا حي الفوقا,راشيا El وادي,76.92307692307692,راشيا حي الكواسبه,راشيا El وادي,76.92307692307692,راشيا حي الميدان,راشيا El وادي,76.92307692307692
Al-Djeziré,West Bekaa,الخياره,46.15384615384615,الخياره,Al جزيره,46.15384615384615,دير العشائر,Al جازر,37.5,مشغره التحتا,Al جذره,35.294117647058826
Al-Istable,West Bekaa,راشيا حي الكواسبه,47.61904761904762,راشيا حي الكواسبه,Al اسطبله,47.61904761904762,الدكوه,Al اسطبله,40.0,الخياره,Al اسطبله,37.5
Al-Khiara,West Bekaa,الخياره,66.66666666666666,الخياره,Al خيار,66.66666666666666,المنارة,Al خيارة,46.15384615384615,الروضة,Al خيارة,42.857142857142854
"Ammik et ""Jouret Ammik""",West Bekaa,عين التينه,31.25,عين التينه,"عميق ات ""Jouret Ammik""",31.25,راشيا حي الميدان,"اميك اية ""Jouret Ammik""",30.769230769230774,السلطان يعقوب التحتا,"عمق اط ""Jouret Ammik""",29.268292682926827
"Chouberkié ""Ammik""",West Bekaa,الشبرقية,44.44444444444444,الشبرقية,"شبرق ""Ammik""",44.44444444444444,دير العشائر,"شبارق ""Ammik""",36.36363636363637,مشغره التحتا,"شبرقه ""Ammik""",34.78260869565217
Dair Tahmiche,West Bekaa,عين التينه,63.1578947368421,عين التينه,دعير تهميشه,63.1578947368421,دير العشائر,دير تهمش,58.8235294117647,عين حرشا,دعير تحمش,58.8235294117647
Deir-Aïn-el-Jaouzé,West Bekaa,عين التينه,54.54545454545455,عين التينه,دير عين el جوزي,54.54545454545455,عين حرشا,دير عين el جوزي,54.54545454545455,دير العشائر,دير عان el جاوز,53.84615384615385
Harime-el-Soughra,West Bekaa,المنصوره,50.0,المنصوره,حارم el صوغر,50.0,مشغره التحتا,حارم el صغر,47.61904761904762,راشيا حي الفوقا,حريم el صغرا,44.44444444444444
Khiara-el-Atika,West Bekaa,الخياره,55.55555555555556,الخياره,خيار el اتق,55.55555555555556,راشيا حي الفوقا,خيرا el اتقا,51.851851851851855,دير العشائر,خير el عاتق,50.0
Machghara,West Bekaa,الشبرقية,57.142857142857146,المنارة,ماشغرة,72.72727272727272,الشبرقية,ماشغرة,57.142857142857146,مشغره التحتا,مشغر,57.142857142857146
n.a. (4),West Bekaa,عين التينه,25.0,عين التينه,,25.0,راشيا حي الميدان,,19.04761904761905,السلطان يعقوب الفوقا,,18.181818181818187
Chouberkié  Tabet,Zahleh,شهابية الفاعور,54.54545454545455,شهابية الفاعور,شبارق تابة,54.54545454545455,تويته,شبرقه تبيت,53.333333333333336,تل الاخضر,شبارق طبت,50.0
Conflict,Zahleh,الكرمة,50.0,الكرمة,كنفلكة,50.0,تويته,كونفليكت,46.15384615384615,حي الفيكاني,كنفليكت,46.15384615384615
Haouche-al-Omara (Terres),Zahleh,زحلة حوش الامراء,47.05882352941177,زحلة حوش الامراء,حوش al امرة (Terres),47.05882352941177,زحلة حوش الزراعنه,حوش al أمرا (Terres),40.0,زحلة وادي العرايش,حوشي al امارا (Terres),35.8974358974359
Haouche Kaissar,Zahleh,زحلة حوش الامراء,54.54545454545455,زحلة حوش الامراء,حوش قيصر,54.54545454545455,زحلة حوش الزراعنه,حوش قيصر,54.54545454545455,شهابية الفاعور,حوشي كاعصار,52.17391304347826
Haouche Sayadi,Zahleh,زحلة حي السيدة,62.5,زحلة حي السيدة,حوش سيد,62.5,زحلة حوش الامراء,حوش صيد,60.0,زحلة حوش الزراعنه,حوش صيد,60.0
Hochemoche,Zahleh,زحلة المعلقه,40.0,زحلة المعلقه,حشمشه,40.0,زحلة الميدان الشرقي,حشمشي,40.0,زحلة المعلقه الشمالي,حشمشه,38.095238095238095
Kab Elias,Zahleh,قب الياس الفوقا,70.58823529411765,قب الياس الفوقا,قاب اليس,70.58823529411765,نبي ايلا,قب ايلياس,70.58823529411765,قب الياس التحتا,قب ايلياس,70.0
Ksara,Zahleh,الكرمة,75.0,الكرمة,كثرة,75.0,قوسايا,قسرا,60.0,كابوسية,كسرة,54.54545454545455
Maallaka (Terres),Zahleh,زحلة المعلقه,43.47826086956522,زحلة المعلقه,معلق (Terres),43.47826086956522,الكرمة,مالكة (Terres),40.0,الفرزل الفوقا,مالقا (Terres),37.03703703703704
Maazraat-el-Ramtanieh,Zahleh,زحلة الراسيه التحتا,50.0,زحلة الراسيه التحتا,مازراة el رامتنيه,50.0,زحلة مار انطونيوس,مازرعت el رمطنيح,48.484848484848484,زحلة الراسيه الفوقا,ماذراة el رامتنيه,44.44444444444444
Mandara,Zahleh,الكرمة,44.44444444444444,الكرمة,مندرة,44.44444444444444,خضر بك,منضر,40.0,زحلة مار مخايل,ماندرا,40.0
Mejdel-Anjar,Zahleh,تل الاخضر,60.0,مجدل عنجر,مجدل عنجر,100.0,تل الاخضر,مجدل النجار,60.0,علي النهري,مجدل النجر,60.0
Nasriyat Rizk,Zahleh,حي الفيكاني,50.0,علي النهري,نثرية ريزك,55.55555555555556,حي الفيكاني,نثرية ريزك,50.0,قوسايا,نسريات رزق,50.0
Tal-al-Amara,Zahleh,تل الاخضر,60.0,تل الاخضر,تل al امارا,60.0,زحلة مار مخايل,طال al أمارة,53.84615384615385,زحلة وادي العرايش,تل al عمرا,50.0
Tal-el-Akhdar,Zahleh,تل الاخضر,70.58823529411765,تل الاخضر,تل el أخضر,70.58823529411765,خضر بك,تل el أخضر,50.0,زحلة مار مخايل,طال el أخدار,46.15384615384615
Tchiflik Eddé,Zahleh,تل الاخضر,66.66666666666666,تل الاخضر,تشفلك اض,66.66666666666666,علي النهري,طشفليك الدي,57.142857142857146,حي الفيكاني,تشفليك الدي,53.333333333333336
Tchiflik Kikano,Zahleh,حي الفيكاني,58.8235294117647,حي الفيكاني,تشفلك كيكان,58.8235294117647,زحلة كرك نوح,تشفلك ككنو,54.54545454545455,قب الياس الفوقا,طشفلق قيقان,54.54545454545455
Wadi-el-Arayeche,Zahleh,زحلة وادي العرايش,76.92307692307692,زحلة وادي العرايش,وادي el عرايش,76.92307692307692,حي الفيكاني,ودي el الرياشي,56.0,علي النهري,ودي el الريش,54.54545454545455
Zahlé (Terres),Zahleh,زحلة حي السيدة,36.36363636363637,زحلة حي السيدة,زحلي (Terres),36.36363636363637,زحلة حوش الزراعنه,زحله (Terres),35.71428571428571,حاجي حببلي,زحلي (Terres),34.78260869565217
Zahlé Al-Rassié,Zahleh,زحلة الراسيه التحتا,74.07407407407408,زحلة الراسيه التحتا,زحل Al راسيه,74.07407407407408,زحلة الراسيه الفوقا,زحل Al راسيه,66.66666666666666,زحلة وادي العرايش,ذحل Al راسي,57.142857142857146
Zahlé Maallaka Kerek,Zahleh,زحلة مار مخايل,74.07407407407408,زحلة مار مخايل,زحل مالك كارك,74.07407407407408,زحلة المعلقه الشمالي,زحل معلق كاريك,73.33333333333333,زحلة المعلقه,زحل معلق كرك,72.72727272727272
Zahlé Mar Gérios,Zahleh,زحلة الميدان الغربي,74.07407407407408,زحلة الميدان الغربي,زحل مار غريس,74.07407407407408,زحلة مار مخايل,زحل مار غاريث,74.07407407407408,زحلة مار انطونيوس,زحل مار جريوس,73.33333333333333
Zebdol,Zahleh,خضر بك,40.0,خضر بك,ظبضل,40.0,تل الاخضر,ظبضل,36.36363636363637,سعدنايل,زبدل,36.36363636363637
Aïn-Rommané,Aley,عين المرج,71.42857142857143,عين داره,عين رمنه,75.0,عين المرج,عين رمن,71.42857142857143,عاليه شمالي,عاين رماني,66.66666666666666
Baïssour,Aley,بحواره,60.0,صوفر,بصور,75.0,بحواره,بصور,60.0,بعورته,بصور,60.0
Bhamdoun (Gare),Aley,محطة بحمدون,70.58823529411765,محطة بحمدون,بحمدون (Gare),70.58823529411765,البساتين,بهامدن (Gare),31.578947368421055,بحواره,بحمدون (Gare),31.578947368421055
Btallaoun,Aley,البساتين,54.54545454545455,البساتين,بتلون,54.54545454545455,التعزانية,بتالعون,50.0,بعورته,بطلعوٌ,50.0
Bteezanieh,Aley,التعزانية,66.66666666666666,التعزانية,بتيزانيه,66.66666666666666,البساتين,بتيذنيه,61.53846153846154,بوزريده,بتيزنيه,57.142857142857146
El-Fsaïkine,Aley,عاليه وسطاني,47.61904761904762,عاليه وسطاني,El فساقني,47.61904761904762,عين الفريديس,El فسعيكن,47.61904761904762,عين السيدة,El فسعيكن,47.05882352941177
El-Kahalé,Aley,الكحالة,66.66666666666666,الكحالة,El كحال,66.66666666666666,عاليه قبلي,El كاهلي,44.44444444444444,بحواره,El كحاله,42.857142857142854
El-Kamatiyeh,Aley,القماطية,42.857142857142854,القماطية,El كمطيه,42.857142857142854,البساتين,El كماتيه,40.0,عاليه شمالي,El كمتييه,40.0
El-Rejmeh,Aley,الرجمة,54.54545454545455,الرجمة,El رجمه,54.54545454545455,عين المرج,El رجمه,42.857142857142854,بوزريده,El رجميه,40.0
Homs et Hama,Aley,عاليه وسطاني,52.17391304347826,الشويفات حي القبة,حمص ايت حامة,55.172413793103445,الشويفات حي العمروسية,حمص ايت حامة,54.54545454545455,عاليه وسطاني,هومس اية هم,52.17391304347826
litige,Aley,عاليه غربي,53.333333333333336,عاليه غربي,لتيغي,53.333333333333336,البساتين,لتجي,50.0,القماطية,لتقي,50.0
Mchakhté,Aley,القماطية,66.66666666666666,القماطية,مشاخطي,66.66666666666666,البساتين,مشاختي,50.0,الكحالة,مشاكهة,46.15384615384615
Bsaba Wadi Dlab,Baabda,برج البراجنة حي السياد,57.142857142857146,برج البراجنة حي السياد,بسابة واد دلب,57.142857142857146,برج البراجنة حي السنديان,بسابة ودي دلب,53.333333333333336,برج البراجنة حي المنشية,بسابة ودي دلب,48.275862068965516
El-Chmeice,Baabda,الحدث شمالي,58.8235294117647,الحدث شمالي,El شمايس,58.8235294117647,بعلشميه,El شميكه,53.333333333333336,المريجه,El شميكه,46.15384615384615
El-Erbaniyeh,Baabda,العربانية,58.8235294117647,العربانية,El إربانيه,58.8235294117647,سبنيه,El إربنيه,57.142857142857146,المريجه,El إربنيه,42.857142857142854
El-Kalaa,Baabda,القلعه,60.0,القلعه,El قلع,60.0,العربانية,El قالعة,47.05882352941177,الحدث قبلي,El قلا,42.857142857142854
El-Khreibé,Baabda,المريجه,46.15384615384615,المريجه,El خريبه,46.15384615384615,حارة حريك حي الرويس,El كحريبي,43.47826086956522,الغبيري حي الجامع,El كحريبي,41.666666666666664
El-Kneissé,Baabda,الشياح حي الكنيسة,58.8235294117647,الشياح حي الكنيسة,El كنيس,58.8235294117647,سبنيه,El كنيسه,46.15384615384615,حارة حريك حي الكنيسة,El كنيس,45.45454545454545
El Halaliyeh,Baabda,الهلالية,66.66666666666666,الهلالية,El هلاليه,66.66666666666666,القلعه,El حالليه,53.333333333333336,المريجه,El هلاليه,50.0
Forn El-Chobbek,Baabda,حارة حريك قرانوح,44.44444444444444,حارة حريك قرانوح,فرن El شبيك,44.44444444444444,الشياح حي كرم الزيتون,فرن El شباك,40.0,حارة حريك حي الرويس,فرن El شبيك,40.0
Ghbayreh,Baabda,الغبيري حي الجامع,62.5,الغبيري حي الجامع,غبيريه,62.5,بطشيه,غبيره,60.0,سبنيه,غبيره,60.0
Hadace,Baabda,الحدث قبلي,66.66666666666666,الحدث قبلي,حدقي,66.66666666666666,زندوقه,حدقه,60.0,القلعه,حدقه,50.0
Hazmiyeh,Baabda,المريجه,61.53846153846154,المريجه,حازميه,61.53846153846154,بعلشميه,حزميه,50.0,الحدث شمالي,حزميه,42.857142857142854
Louaizé,Baabda,الهلالية,60.0,الهلالية,لايز,60.0,الفياضية,ليزي,50.0,القلعه,لوزه,50.0
Mazraet-el-Mzeiraa,Baabda,العربانية,45.45454545454545,العربانية,مزراية el مذيرع,45.45454545454545,برج البراجنة حي المنشية,مزراية el مزيرعة,43.75,المرداشة,مزراية el مذيرا,43.47826086956522
Aïn-el-Assad et Chmeicé,Chouf,عين الاسد والشميس,70.58823529411765,عين الاسد والشميس,عين el اساد اط شميك,70.58823529411765,عين الحور,عين el أسد ات شميكه,60.0,السمقانية,عان el السد عة شميق,57.142857142857146
Bkhchtaine,Chouf,بقعاتا,46.15384615384615,البطال,بخشطاينه,50.0,بقعاتا,بخشتاين,46.15384615384615,شحيم حي الوسطاني,بخشتيني,44.44444444444444
Bkifa,Chouf,الدبية,66.66666666666666,الدبية,بكيفة,66.66666666666666,الكنيسة,بكيفة,60.0,بقعاتا,بقفا,60.0
Chemaarine,Chouf,السمقانية,61.53846153846154,السمقانية,شمارني,61.53846153846154,المغيريه,شمارينه,61.53846153846154,شحيم حي الوسطاني,شمارني,58.8235294117647
Dardourite,Chouf,دير دوريت,70.58823529411765,دير دوريت,ضردوريتي,70.58823529411765,وادي دير دوريت,ضردوريتي,70.58823529411765,الفواره,ضردورته,50.0
Debbiyeh,Chouf,الدبية,75.0,الدبية,دبيه,75.0,بريح,ضبيح,75.0,المغيريه,ضبييه,54.54545454545455
Debbiyeh (Ain el Haour),Chouf,جدرا - وادي الزينة,27.02702702702703,جدرا - وادي الزينة,دبيه (Ain el Haour),27.02702702702703,شحيم حي البيادر,ضبياح (Ain el Haour),26.66666666666667,الدبية,دبيه (Ain el Haour),26.086956521739125
Deir  El-Moukhalles Ech-Chouf,Chouf,المحتقره دير المخلص,69.56521739130434,المحتقره دير المخلص,دير El مخلص اش شوف,69.56521739130434,جديدة الشوف,دير El مخلص اش شوف,50.0,دير دوريت,دير El مخلص اش شوف,50.0
Douair Bsennaï,Chouf,المحتقره دير المخلص,60.0,المحتقره دير المخلص,دير بسن,60.0,بعقلين الفوقا,دوار بسين,60.0,حارة بعاصير,دوار بصين,60.0
El-Bkaya,Chouf,بقعاتا,57.142857142857146,بقعاتا,El بقايا,57.142857142857146,الدبية,El بقية,54.54545454545455,الكنيسة,El بكية,50.0
El-Fouara,Chouf,الفواره,66.66666666666666,الفواره,El فوار,66.66666666666666,بعقلين الفوقا,El فورا,44.44444444444444,كفر قطره,El فور,42.857142857142854
El-Freidice,Chouf,دير دوريت,44.44444444444444,دير دوريت,El فريديس,44.44444444444444,وادي دير دوريت,El فريديس,44.44444444444444,الدبية,El فرايديك,37.5
El-Jahliyeh,Chouf,الجاهلية,66.66666666666666,الجاهلية,El جاهليه,66.66666666666666,كليليه,El جهلييه,53.333333333333336,المغيريه,El جاهليه,47.05882352941177
El-Jdeidé,Chouf,جديدة الشوف,55.55555555555556,جديدة الشوف,El جديد,55.55555555555556,جدرا - وادي الزينة,El جدايد,47.05882352941177,دير دوريت,El جديدي,47.05882352941177
El-Kahlouniyeh,Chouf,الكحلونية,70.58823529411765,الكحلونية,El كحلونيه,70.58823529411765,كليليه,El كهلنييه,62.5,الناعمه,El كهلنياه,47.05882352941177
El-Khreibé,Chouf,المغيريه,42.857142857142854,المغيريه,El خريبه,42.857142857142854,الكحلونية,El كحريب,40.0,عين الحور,El كحريب,40.0
El-Kneissé,Chouf,الكنيسة,66.66666666666666,الكنيسة,El كنيس,66.66666666666666,عين الاسد والشميس,El كنايس,43.47826086956522,السمقانية,El قنيص,42.857142857142854
El-Moghaïré,Chouf,المغيريه,71.42857142857143,المغيريه,El مغيره,71.42857142857143,الفواره,El مغاره,46.15384615384615,مزموره,El مغره,46.15384615384615
El-Moghaïriyeh,Chouf,المغيريه,75.0,المغيريه,El مغعيريه,75.0,مزموره,El موغعيريه,47.05882352941177,بريح,El مغعيريح,42.857142857142854
El-Samkanieh,Chouf,السمقانية,58.8235294117647,السمقانية,El سمكانيه,58.8235294117647,شحيم حي الوسطاني,El سمكانيه,47.61904761904762,الكنيسة,El صامكنيه,47.05882352941177
Ghabet Jaafar,Chouf,الفواره,58.8235294117647,الفواره,جهبة جافار,58.8235294117647,حارة بعاصير,غابة جعفار,57.142857142857146,جدرا - وادي الزينة,غبية جعفر,55.55555555555556
Jdael et Kfarhi,Chouf,الفواره,60.0,الفواره,جديل ات كفاره,60.0,جدرا - وادي الزينة,جدايل اية كفارهي,58.8235294117647,جديدة الشوف,جديل عة كفره,57.142857142857146
Jebah,Chouf,جباع,75.0,جباع,جباه,75.0,الجاهلية,جباه,60.0,الدبية,جابة,60.0
Kfar Haml,Chouf,كفر قطره,66.66666666666666,كفر قطره,كفر همل,66.66666666666666,الفواره,كفار حامل,62.5,حارة الناعمه,كفار هامل,52.63157894736842
Kfar Matta (Klaliyé),Chouf,حارة بعاصير,34.48275862068965,كفر قطره,كفر متى (Klaliyé),54.54545454545455,حارة بعاصير,كفار ماة (Klaliyé),34.48275862068965,بقعاتا,قفر ماتا (Klaliyé),33.33333333333333
litige,Chouf,كليليه,54.54545454545455,كليليه,لتيجي,54.54545454545455,الجاهلية,لتجي,50.0,المطله,لتجه,50.0
Naamat,Chouf,الناعمه,66.66666666666666,الناعمه,نامت,66.66666666666666,المطله,نامط,60.0,بقعاتا,نعمات,54.54545454545455
Wadi Abou Youssef,Chouf,وادي دير دوريت,61.53846153846154,وادي دير دوريت,وادي أبو يصف,61.53846153846154,شحيم حي البدوي,ودي عاب يصيف,53.84615384615385,جدرا - وادي الزينة,وادي أب يصف,53.333333333333336
Aïn-El-Kach,El Metn,عين القبو ودير مار سمعان,50.0,عين القبو ودير مار سمعان,عين El كش,50.0,العيرون,عين El كش,42.857142857142854,ساقية المسك,عاين El كش,42.10526315789474
Baskinta,El Metn,الرابية,54.54545454545455,الرابية,بسكينة,54.54545454545455,بعبدات,باسكنت,50.0,ساقية المسك,بسكينة,47.05882352941177
Bsifrine et El-Zahriyé,El Metn,مزرعة بنابيل,55.172413793103445,مزرعة بنابيل,بسفرني عة El زهري,55.172413793103445,سن الفيل حي جسر الباشا,بسفرن ات El ظهري,45.16129032258065,بيت شباب فوقاني,بسفرن ايت El ظهري,43.75
Deir Tamiche,El Metn,المشرع,54.54545454545455,الشوير,دير تمش,54.54545454545455,المشرع,دير تمش,54.54545454545455,الدوار,داير تمش,50.0
El-Khounchara,El Metn,الخنشاره,66.66666666666666,الخنشاره,El خنشارة,66.66666666666666,بيت الشعار,El خنشارة,47.05882352941177,الدوار,El خونشارة,42.857142857142854
El-Machera,El Metn,المشرع,60.0,المشرع,El مشر,60.0,الشوير,El مشير,54.54545454545455,بيت الشعار,El مشار,53.333333333333336
El-Mhaidcé,El Metn,المحيدثة,53.333333333333336,المحيدثة,El محيدكي,53.333333333333336,الدكوانه,El مهايدكه,44.44444444444444,مار شعيا والمزكه,El مهايدكه,38.46153846153846
El-Ouyoun,El Metn,عوكر,36.36363636363637,العيرون,El عيون,66.66666666666666,عين القبو ودير مار سمعان,El عين,66.66666666666666,ابو ميزان,El اويون,47.05882352941177
Haret El-Belleni,El Metn,مزرعة بنابيل,52.17391304347826,مزرعة بنابيل,حرة El بلني,52.17391304347826,الرابية,حرية El باللن,50.0,بيت الشعار,حارة El بلني,50.0
Hebouss,El Metn,الغابه,50.0,الغابه,حابس,50.0,سد البوشريه,حبوس,46.15384615384615,الرابية,حابس,44.44444444444444
Majdoub,El Metn,مزهر ومجدوب,62.5,مزهر ومجدوب,مجدوب,62.5,الجديدة,ماجدب,50.0,الدوار,ماجدوب,50.0
Mar Abda El-Mchammar,El Metn,مار شعيا والمزكه,54.54545454545455,مار شعيا والمزكه,مار عبدا El مشامر,54.54545454545455,عين القبو ودير مار سمعان,مار ابدة El مشمار,48.78048780487805,بيت الشعار,مر عبد El مشمار,43.47826086956522
Mar Chaya et Mzakki,El Metn,مار شعيا والمزكه,73.33333333333333,مار شعيا والمزكه,مار شيا ات مزك,73.33333333333333,عين القبو ودير مار سمعان,مار شي ات مزقي,55.55555555555556,بيت الشعار,مار شي ايت مزق,54.54545454545455
Mar Roukose et Dahr El-Hossain,El Metn,زوق الخراب ومار يوسف,51.16279069767442,عين القبو ودير مار سمعان,مار روكسي ات ضهر El حساين,57.142857142857146,زوق الخراب ومار يوسف,مار رقص ات دحر El هوسين,51.16279069767442,مار شعيا والمزكه,مار ركس ات ضهر El حوساين,50.0
Mazraet El-Hadira,El Metn,مزرعة بنابيل,58.8235294117647,مزرعة بنابيل,مزرعة El حاضرة,58.8235294117647,الرابية,مزراية El حضرا,47.61904761904762,بيت الشعار,مزريت El هادرة,45.45454545454545
Mkallesse,El Metn,المسقى,50.0,الشوير,مكاليس,50.0,المسقى,مكلس,50.0,ساقية المسك,مكلسي,50.0
Zeghrine,El Metn,الرابية,40.0,البوشريه,ظغرينه,50.0,عينطوره,ظغرينه,46.15384615384615,العيرون,ظغرن,44.44444444444444
Afka,Jubail,افقا,75.0,افقا,أفقا,75.0,العاقورة - أ,افقة,50.0,العاقورة - م,افقة,50.0
Aïn-El-Ghouaibé,Jubail,عين الغويبة,76.19047619047619,عين الغويبة,عين El غويبه,76.19047619047619,عين الدلبة,عين El غايب,57.142857142857146,عين الشلال,عين El غيب,54.54545454545455
Akoura,Jubail,العاقورة - أ,66.66666666666666,العاقورة - أ,أقرة,66.66666666666666,العاقورة - م,عقرة,66.66666666666666,الكفر,اكور,66.66666666666666
Al Kattara,Jubail,دير القطاره,62.5,دير القطاره,Al قطار,62.5,العاقورة - أ,Al قطرة,53.333333333333336,العاقورة - م,Al قطرة,47.05882352941177
Alita,Jubail,الغابات,72.72727272727272,الغابات,الات,72.72727272727272,الريحانة,الية,66.66666666666666,الفيدار,اليتا,66.66666666666666
Arab El-Haibe,Jubail,المزاريب,52.63157894736842,المزاريب,الرب El هيب,52.63157894736842,الريحانة,الرب El حايب,50.0,الغابات,الراب El حايب,50.0
Bakhaase,Jubail,بخعاز,66.66666666666666,بخعاز,بخاص,66.66666666666666,الجليسه,بخاسه,50.0,الغابات,بخاص,44.44444444444444
Belhos,Jubail,المنصف,54.54545454545455,المنصف,بالحص,54.54545454545455,بنتاعل,بالحس,54.54545454545455,ادونيس,بالهوس,50.0
Berket Hejoula,Jubail,الريحانة,58.8235294117647,الريحانة,برقية حاجلة,58.8235294117647,علمات الجنوبية,برقية حجلا,54.54545454545455,بنتاعل,بركت هاجل,53.333333333333336
Bintaél (Fdar-El-Soufla),Jubail,بنتاعل,35.71428571428571,بنتاعل,بنتال (Fdar El Soufla),35.71428571428571,العاقورة - أ,بنتال (Fdar El Soufla),23.529411764705884,قرطبا الجنوبية,بينطال (Fdar El Soufla),22.85714285714286
Breige,Jubail,فتري,50.0,فتري,بريج,50.0,الجليسه,برايجي,46.15384615384615,دير القطاره,بريقه,42.857142857142854
Deir Mar Sarkis,Jubail,جنه ومار سركيس,74.07407407407408,جنه ومار سركيس,دير مار سركيس,74.07407407407408,دير القطاره,دير مار سرقص,66.66666666666666,مزرعة السياد,ضاير مر سركيس,52.17391304347826
El-Jlaicé,Jubail,الجليسه,61.53846153846154,الجليسه,El جليكه,61.53846153846154,العاقورة - أ,El جلايقي,38.095238095238095,العاقورة - م,El جلايقي,38.095238095238095
El-Kfoune,Jubail,كفر مسحون,50.0,كفر مسحون,El كفون,50.0,الكفر,El كفن,44.44444444444444,ادونيس,El كفوني,42.857142857142854
El-Mouncef,Jubail,المنصف,54.54545454545455,المنصف,El منسف,54.54545454545455,كفر مسحون,El مونسف,47.05882352941177,ادونيس,El مونسف,42.857142857142854
El-Rihané,Jubail,الريحانة,71.42857142857143,الريحانة,El ريحان,71.42857142857143,ادونيس,El رهاني,42.857142857142854,سرعيتا,El ريحان,42.857142857142854
Hboub,Jubail,عين الغويبة,30.769230769230774,عين الغويبة,حبوب,30.769230769230774,كفر مسحون,حبوب,30.769230769230774,قرطبا الجنوبية,حبب,26.66666666666667
Hedayné,Jubail,الريحانة,54.54545454545455,ادونيس,حاديني,66.66666666666666,الريحانة,حادين,54.54545454545455,عين الدلبة,حادين,53.333333333333336
Jouret-el-Kattine,Jubail,قرطبا الجنوبية,58.333333333333336,قرطبا الجنوبية,جورية el قطن,58.333333333333336,علمات الجنوبية,جورية el كاتن,56.0,دير القطاره,جرت el قطنه,50.0
Kartaboune,Jubail,كفر مسحون,53.333333333333336,كفر مسحون,كرتبون,53.333333333333336,الكفر,كرتبن,50.0,ادونيس,كرتبوني,46.15384615384615
Kfar-Mashoune et Dmalsa,Jubail,كفر مسحون,61.53846153846154,الكفر,كفر مشني ات دملص,100.0,كفر مسحون,كفر مشون ات ضملسة,61.53846153846154,قرطبا الشمالية,قفر ماشن ات ضمالسة,56.25
Kfar Kaouass,Jubail,كفر مسحون,62.5,الكفر,كفر كوس,100.0,عين كفاع,كفار قعس,62.5,كفر مسحون,كفر كوس,62.5
Kfarbaal (Annaya),Jubail,عنايا وكفربعال,53.333333333333336,عنايا وكفربعال,كفربعال (Annaya),53.333333333333336,عين كفاع,كفاربعل (Annaya),41.666666666666664,قرطبا الجنوبية,قفربال (Annaya),37.03703703703704
litige,Jubail,الجليسه,60.0,الجليسه,ليتجه,60.0,فتري,لتجي,50.0,عين الغويبة,لتيغي,42.857142857142854
Mastita,Jubail,سرعيتا,66.66666666666666,سرعيتا,مستيتا,66.66666666666666,المنصف,مصتتة,44.44444444444444,دملصا,ماسطة,40.0
Mechmech,Jubail,المزاريب,50.0,المزاريب,ماشميش,50.0,علمات الشمالية,ميشماش,44.44444444444444,افقا,ماشماش,40.0
Mehrine,Jubail,المزاريب,66.66666666666666,المزاريب,ماهرين,66.66666666666666,الريحانة,ماهرين,57.142857142857146,المنصف,مهرن,50.0
n.a. (2),Jubail,كفر مسحون,23.529411764705884,كفر مسحون,,23.529411764705884,علمات الجنوبية,,21.05263157894737,المنصف,,16.66666666666667
Sarhita,Jubail,سرعيتا,72.72727272727272,حصارات,صارحت,72.72727272727272,سرعيتا,سرحتا,72.72727272727272,الريحانة,سارحة,61.53846153846154
Sirine,Jubail,الريحانة,60.0,الريحانة,سرين,60.0,سرعيتا,سرني,60.0,فتري,سرني,50.0
Tedmor et Serghal,Jubail,مزرعة السياد,66.66666666666666,مزرعة السياد,طادمر عة سيرغل,66.66666666666666,دير القطاره,طدمر اط صارغل,58.333333333333336,قرطبا الشمالية,طادمر اية ثرغل,53.84615384615385
Aïntoura,Kasrouane,زعيتره,60.0,عينطوره,عينطورة,85.71428571428571,زعيتره,عنتر,60.0,غادير,اينتر,60.0
Boukak El-Dine,Kasrouane,كفردبيان,44.44444444444444,كفردبيان,بقك El دين,44.44444444444444,العقيبه,بقاق El دينه,42.10526315789474,زوق مكايل,بكاك El دين,40.0
Deir Baklouche,Kasrouane,القليعات,50.0,القليعات,داير بقلشي,50.0,بقعتوته,دير بقلوشه,47.05882352941177,غادير,دير بكلش,46.15384615384615
Djounié Salel Alma,Kasrouane,ساحل علما,76.19047619047619,ساحل علما,جن سلال علما,76.19047619047619,غزير المعاملتين,جني ثاليل المة,55.172413793103445,القليعات,جني ثاليل علما,54.54545454545455
Djounié Sarba,Kasrouane,كفردبيان,53.333333333333336,كفردبيان,جن ثربا,53.333333333333336,شوان والعبره,جون سارب,50.0,غزير الجامع,جنيا صرب,47.05882352941177
El-Abri et Chouan,Kasrouane,شوان والعبره,69.23076923076923,شوان والعبره,El عبر ات شوان,69.23076923076923,هرهريا والقطين,El ابري ات شوان,48.275862068965516,القليعات,El ابري عت شعان,43.47826086956522
El-Kleiyate,Kasrouane,القليعات,61.53846153846154,القليعات,El قليت,61.53846153846154,غزير القناة,El قلاية,47.05882352941177,العقيبه,El قليته,46.15384615384615
El-Mghaer,Kasrouane,غزير الجامع,50.0,غادير,El مغاير,61.53846153846154,غزير الجامع,El مغير,50.0,زوق مكايل,El مغاير,47.05882352941177
Jouret Mhad,Kasrouane,النموره وكفر جريف,52.17391304347826,النموره وكفر جريف,جريت مهد,52.17391304347826,زوق مكايل,جورة مهاد,44.44444444444444,ساحل علما,جرات مهاد,44.44444444444444
Kharayeb Nahr Ibrahim,Kasrouane,النموره وكفر جريف,51.61290322580645,النموره وكفر جريف,خريب نهر ابرهم,51.61290322580645,هرهريا والقطين,خرياب نهر ابرهم,48.275862068965516,غزير الجامع,خريب نهر ابراهم,46.15384615384615
litige,Kasrouane,القليعات,54.54545454545455,العقيبه,لتقي,54.54545454545455,القليعات,ليتجه,54.54545454545455,زعيتره,ليتجه,54.54545454545455
Mazraet El-Ras,Kasrouane,غزير المعاملتين,40.0,غزير المعاملتين,مزراية El رص,40.0,زوق مكايل,مزراية El رص,38.095238095238095,ساحل علما,مزراية El رس,38.095238095238095
Mazraet Mrah el-Mir,Kasrouane,النموره وكفر جريف,51.61290322580645,النموره وكفر جريف,مذرية مره el مير,51.61290322580645,غزير الجامع,مزرعة مراه el مير,46.15384615384615,زعيتره,مازرعت مره el مر,45.45454545454545
Mouchaa Kesrouan (Faraya),Kasrouane,شوان والعبره,37.5,شوان والعبره,موشا كسروان (Faraya),37.5,غزير المعاملتين,مشعا قيصرون (Faraya),36.36363636363637,ساحل علما,مشا كسروان (Faraya),35.71428571428571
Mouchaa Kesrouan (Kfardebian),Kasrouane,شوان والعبره,33.33333333333333,شوان والعبره,موشا كسروان (Kfardebian),33.33333333333333,غزير المعاملتين,مشعا قيصرون (Kfardebian),32.432432432432435,ساحل علما,مشا كسروان (Kfardebian),31.25
n.a. (3),Kasrouane,غزير القناة,25.0,غزير القناة,,25.0,غزير المعاملتين,,20.0,هرهريا والقطين,,20.0
Nammoura et Kfar Jerif,Kasrouane,النموره وكفر جريف,62.5,النموره وكفر جريف,نمر ات كفر جريف,62.5,غزير القناة,نمرة ات قفر جيرف,48.0,غزير المعاملتين,نمر عت كفر جيرف,42.857142857142854
Souhailet El-Faouka,Kasrouane,السهيله,47.05882352941177,السهيله,سهيلة El فوق,47.05882352941177,ساحل علما,سحيلة El فوكا,45.45454545454545,هرهريا والقطين,سهيلات El فوق,44.44444444444444
Wata Salam,Kasrouane,ساحل علما,58.8235294117647,ساحل علما,وتا سالم,58.8235294117647,غزير الجامع,وت سالام,52.63157894736842,القليعات,وت سالام,50.0
Aïn-el-Katmoune,Bint Jbayl,تبنين حي التحتاني,50.0,تبنين حي التحتاني,عين el كتمني,50.0,تبنين حي آل بري,عين el كتمني,50.0,تبنين حي الفوقاني,عين el كتموني,48.0
Aïta-el-Zut,Bint Jbayl,عيتا الجبل,66.66666666666666,عيتا الجبل,عيتا el ذوت,66.66666666666666,تبنين حي التحتاني,اتا el زت,38.46153846153846,تبنين حي آل بري,أية el زت,38.095238095238095
Haddacé,Bint Jbayl,حداثا,66.66666666666666,حداثا,حداك,66.66666666666666,غندورية,حدقي,36.36363636363637,تبنين حي التحتاني,حداقي,35.294117647058826
Salhané,Bint Jbayl,السلطانيه,76.92307692307692,السلطانيه,سلهاني,76.92307692307692,تبنين حي التحتاني,صالحاني,50.0,تبنين حي الفوقاني,صالحاني,41.666666666666664
Al-Dellafé,Hasbaya,الدلافة,66.66666666666666,الدلافة,Al دلاف,66.66666666666666,الفرديس,Al دالفي,53.333333333333336,ابل السقي,Al دالفي,47.05882352941177
El-Habbariyé,Hasbaya,الهبارية,66.66666666666666,الهبارية,El هباريه,66.66666666666666,حاصبيا حي السراي,El حباري,52.63157894736842,حاصبيا حي العين,El حابريي,52.63157894736842
El-Kahlouat,Hasbaya,الدلافة,42.857142857142854,الدلافة,El كهلواة,42.857142857142854,ابو قمحه,El قحلت,40.0,الهبارية,El كهلواة,40.0
El-Khreibé,Hasbaya,الخيام غربي,47.05882352941177,الخيام غربي,El خريبي,47.05882352941177,الجديدة حي السراي,El خرايب,44.44444444444444,الهبارية,El كهريب,42.857142857142854
Nkhailé,Hasbaya,عديسه,54.54545454545455,عديسه,نخعيله,54.54545454545455,الخيام شمالي,نخيلي,53.333333333333336,ابل السقي,نخايلي,46.15384615384615
Slaïyeb,Hasbaya,رب ثلاثين,57.142857142857146,رب ثلاثين,سلايب,57.142857142857146,الوزاني,سلايب,50.0,الهبارية,سلايب,46.15384615384615
Adchite El-Koussair,Marjaayoun,الجديدة حي السراي,50.0,الجديدة حي السراي,عدشيت El كساير,50.0,سرده والعمره,أدشته El كوساير,44.44444444444444,عديسه,عدشيت El كسير,44.44444444444444
Adeicé,Marjaayoun,عديسه,66.66666666666666,عديسه,عديك,66.66666666666666,الفرديس,اديك,54.54545454545455,القليعه,اضايقه,46.15384615384615
Deir Mimas Doumiat,Marjaayoun,الجديدة حي المدارس,64.0,الجديدة حي المدارس,داير مماس دمية,64.0,الجديدة حي السراي,داير ميمس دمية,55.172413793103445,الجديدة حي العيون,داير ميمس دمية,55.172413793103445
El-Amra,Marjaayoun,الهبارية,46.15384615384615,الهبارية,El امرة,46.15384615384615,سرده والعمره,El عمر,44.44444444444444,مرج الزهور,El أمر,42.857142857142854
El-Kleia,Marjaayoun,القليعه,54.54545454545455,القليعه,El قلي,54.54545454545455,الهبارية,El قلاية,50.0,الجديدة حي القلعة,El قلية,47.05882352941177
Houra,Marjaayoun,الهبارية,66.66666666666666,الهبارية,هرة,66.66666666666666,مرج الزهور,هور,54.54545454545455,الوزاني,حورا,44.44444444444444
Mazraet-El-Jrein,Marjaayoun,الجديدة حي السراي,50.0,الجديدة حي السراي,مزراية El جرين,50.0,الجديدة حي المدارس,مازرعت El جرين,48.0,ميس الجبل شرقي,مزرية El جرين,48.0
Mazraet el-Sarada,Marjaayoun,الجديدة حي السراي,50.0,الجديدة حي السراي,مزراية el صردة,50.0,سرده والعمره,مزرعة el سرد,50.0,الجديدة حي المدارس,مازرعت el صردة,48.0
Rabb Salacine,Marjaayoun,رب ثلاثين,77.77777777777777,رب ثلاثين,رب سلاسين,77.77777777777777,ابل السقي,راب سلقين,75.0,حاصبيا حي السراي,راب سالكين,57.142857142857146
Abba,Nabatiyeh,جباع,57.142857142857146,جباع,أبا,57.142857142857146,الشرقية,ابة,40.0,قعقعية الجسر,عبة,30.769230769230774
Ali El-Taher,Nabatiyeh,زوطر الشرقية,45.45454545454545,زوطر الشرقية,ألي El طهر,45.45454545454545,قعقعية الجسر,علي El طاهر,43.47826086956522,النميريه,علي El طاهير,40.0
Bfarwé,Nabatiyeh,كفروة,66.66666666666666,كفروة,بفرو,66.66666666666666,بريقع,بفروي,60.0,الشرقية,بفاروي,46.15384615384615
El-Charkiyé,Nabatiyeh,الشرقية,66.66666666666666,الشرقية,El شرقي,66.66666666666666,زوطر الشرقية,El شرقي,58.8235294117647,النميريه,El شاركيه,47.05882352941177
El-Hamra,Nabatiyeh,الشرقية,40.0,الشرقية,El حامرة,40.0,النميريه,El حامر,40.0,زوطر الشرقية,El حمرة,35.294117647058826
Hmaïla,Nabatiyeh,الشرقية,50.0,الشرقية,حمالة,50.0,النميريه,حميل,40.0,زوطر الشرقية,حمالة,35.294117647058826
Izzé,Nabatiyeh,النميريه,50.0,النميريه,ايزي,50.0,سيني,ايزي,50.0,الشرقية,اذي,40.0
Kafr Dajjal,Nabatiyeh,كفروة,50.0,كفروة,كفر دجل,50.0,الشرقية,كفر دجال,40.0,زوطر الشرقية,كفر دجال,40.0
Kafra-Jbah,Nabatiyeh,كفروة,61.53846153846154,كفروة,كفرة جبة,61.53846153846154,جباع,كفرا جبة,50.0,قعقعية الجسر,قفرة جبة,44.44444444444444
Kakiat El-Jisr,Nabatiyeh,قعقعية الجسر,57.142857142857146,قعقعية الجسر,قاقت El جسر,57.142857142857146,زوطر الشرقية,كقيت El جسر,38.095238095238095,الشرقية,كقيت El جسر,37.5
Ksaibé,Nabatiyeh,سيني,66.66666666666666,سيني,كسيبي,66.66666666666666,الشرقية,قسيب,44.44444444444444,بريقع,كسيبي,40.0
Mazraat-el-Khreibé,Nabatiyeh,زوطر الشرقية,40.0,زوطر الشرقية,مزرعة el خريب,40.0,قعقعية الجسر,مزرعة el خريب,34.78260869565217,الشرقية,مزرعة el خريب,33.33333333333333
Mazraet Bsaffour,Nabatiyeh,زوطر الشرقية,57.142857142857146,زوطر الشرقية,مزرية بسفور,57.142857142857146,قعقعية الجسر,مزرعة بسفر,50.0,الشرقية,مزرية بسافر,44.44444444444444
Mazraet Chaal Baal,Nabatiyeh,الشرقية,60.0,الشرقية,مزرية شال بال,60.0,زوطر الشرقية,مزرعة شال بال,48.0,قعقعية الجسر,مزرعة شعل بال,48.0
Mazraet Dmoul,Nabatiyeh,الشرقية,50.0,الشرقية,مزرية دمل,50.0,زوطر الشرقية,مزرية ضمول,50.0,النميريه,مزرية دمل,47.05882352941177
Mazraet El-Bayad,Nabatiyeh,الشرقية,40.0,الشرقية,مزرية El بياض,40.0,زوطر الشرقية,مزرعة El بايد,40.0,النميريه,مزرية El بياض,38.095238095238095
Mazraet Kalaat Meiss,Nabatiyeh,النميريه,50.0,النميريه,مزرية كالات مايس,50.0,الشرقية,مزرية كالات ميس,45.45454545454545,زوطر الشرقية,مزرعة كالعة ميس,44.44444444444444
Mazraet Kfar Jaouz,Nabatiyeh,زوطر الشرقية,52.17391304347826,زوطر الشرقية,مزرية كفر جوز,52.17391304347826,كفروة,مزرعة كفر جوز,44.44444444444444,قعقعية الجسر,مزرعة كفر جوز,43.47826086956522
Basbina,Batroun,البترون,46.15384615384615,البترون,باسبنة,46.15384615384615,مسرح والبقيعة,بسبينة,42.10526315789474,تنورين الفوقا,بسبينا,35.294117647058826
Beit Ksab,Batroun,تنورين الفوقا,42.10526315789474,تنورين الفوقا,بيت قصاب,42.10526315789474,بشتودار,بيت كساب,40.0,الفتاحات وحربونا,بايت قصب,36.36363636363637
Chouma,Batroun,غوما,75.0,غوما,شوما,75.0,بشتودار,شوما,54.54545454545455,عورا,شوما,50.0
Deir Kfifane,Batroun,راشكيده,47.05882352941177,راشكيده,دير كفيفنه,47.05882352941177,ضهر ابو ياغي,ضير كفيفان,45.45454545454545,تنورين الفوقا,داير كففاني,41.666666666666664
Deir Mar Youhanna Douma,Batroun,مراح شديد ودير شواح,57.142857142857146,مراح شديد ودير شواح,داير مر يحن دوما,57.142857142857146,ضهر ابو ياغي,ضير مار يحن دما,51.851851851851855,تنورين الفوقا,داير مر يحن دوما,48.275862068965516
Deir Mar Youssef Jrabta,Batroun,مراح شديد ودير شواح,44.44444444444444,ضهر ابو ياغي,ضير مار يصف جرابة,55.172413793103445,مراح شديد ودير شواح,دير مر يوسيف جربت,44.44444444444444,بشتودار,دير مار يصف جربت,43.47826086956522
Harbouna,Batroun,صغار,44.44444444444444,الفتاحات وحربونا,حاربونا,66.66666666666666,البترون,هاربون,61.53846153846154,صغار,حاربن,44.44444444444444
Karnaoun,Batroun,قندولا,54.54545454545455,البترون,كارنون,61.53846153846154,قندولا,قرنون,54.54545454545455,تنورين الفوقا,قرنون,44.44444444444444
Kfar Heloss,Batroun,تنورين الفوقا,45.45454545454545,تنورين الفوقا,قفار حلوس,45.45454545454545,ضهر ابو ياغي,كفار هيلث,38.095238095238095,مسرح والبقيعة,كفر هالس,38.095238095238095
Koubba,Batroun,قندولا,60.0,قندولا,قوبا,60.0,عورا,كوبا,50.0,غوما,كوبا,50.0
Billa,Bcharre,المغر وبلا,54.54545454545455,المغر وبلا,بلا,54.54545454545455,بشري حي السيدة,بيلة,46.15384615384615,بقاعكفرا,باللا,46.15384615384615
Mchaa Ej Jobbé,Bcharre,بشري حي مار سابا,52.17391304347826,بشري حي مار سابا,مشا ايج جب,52.17391304347826,المغر وبلا,مشا اج جوب,50.0,بشري حي السيدة,مشا ايج جبي,48.0
Mugher-el-Ahwel,Bcharre,المغر وبلا,63.1578947368421,المغر وبلا,مغر el أحول,63.1578947368421,بشري حي مار سابا,مغار el أحوال,48.275862068965516,بشري حي مار يوحنا,مغار el أحويل,46.666666666666664
Al-Boukaia,Koura,اجد عبرين,40.0,اجد عبرين,Al بقي,40.0,ضهور الهوا,Al بوكاي,37.5,البحصاص,Al بقيا,33.33333333333333
Al-Hraïché,Koura,ضهر العين,42.857142857142854,ضهر العين,Al هريش,42.857142857142854,ضهور الهوا,Al هراش,40.0,اجد عبرين,Al حريش,37.5
Belmand,Koura,ضهر العين,53.333333333333336,ضهر العين,بالمنض,53.333333333333336,ضهور الهوا,بالمانض,47.05882352941177,البحصاص,بالماند,42.857142857142854
Ejdabrine,Koura,اجد عبرين,75.0,اجد عبرين,إجدبرين,75.0,ضهر العين,إجضبرن,46.15384615384615,البحصاص,إجدابرن,28.57142857142857
Majdel,Koura,اجد عبرين,53.333333333333336,اجد عبرين,ماجديل,53.333333333333336,البحصاص,مجدال,33.33333333333333,ضهر العين,مجضيل,33.33333333333333
Aassaymout,Minieh-Danieh,النبي يوشع,35.294117647058826,النبي يوشع,آسايموت,35.294117647058826,برج اليهودية,آسايموت,31.578947368421055,المنية,آسايموت,30.769230769230774
Al-Minieh,Minieh-Danieh,المنية,54.54545454545455,المنية,Al منيه,54.54545454545455,الريحانية,Al مينيه,40.0,برج اليهودية,Al منيه,35.294117647058826
Azka,Minieh-Danieh,المنية,25.0,المنية,أزقة,25.0,الريحانية,أزقة,18.181818181818187,النبي يوشع,عزك,18.181818181818187
Bakhoune,Minieh-Danieh,المنية,50.0,المنية,بخني,50.0,برج اليهودية,بخوني,40.0,الريحانية,باخن,36.36363636363637
Bchnnata,Minieh-Danieh,المنية,44.44444444444444,المنية,بشنطة,44.44444444444444,الريحانية,بشنطة,33.33333333333333,النبي يوشع,بشنت,33.33333333333333
Bechhara,Minieh-Danieh,الريحانية,46.15384615384615,الريحانية,بكحارة,46.15384615384615,برج اليهودية,بشهرة,40.0,المنية,بشهارة,33.33333333333333
Behweité,Minieh-Danieh,برج اليهودية,66.66666666666666,برج اليهودية,بهوية,66.66666666666666,الريحانية,بحواية,61.53846153846154,المنية,بهواية,50.0
Beit Zaoud,Minieh-Danieh,النبي يوشع,53.333333333333336,النبي يوشع,بيت زود,53.333333333333336,برج اليهودية,بيت زود,47.05882352941177,المنية,باية زود,42.857142857142854
Bkarsouna,Minieh-Danieh,برج اليهودية,47.05882352941177,برج اليهودية,بقرصونة,47.05882352941177,الريحانية,بقرصنة,46.15384615384615,المنية,بقرصنة,40.0
Btehline,Minieh-Danieh,الريحانية,50.0,الريحانية,بتهليني,50.0,المنية,بتهلني,50.0,النبي يوشع,بتهليني,40.0
El-Watié et Harf Siad,Minieh-Danieh,الريحانية,37.03703703703704,برج اليهودية,El وت عة حرف سيد,38.46153846153846,الريحانية,El وتي ات حرف صياد,37.03703703703704,النبي يوشع,El وت اية حرف سيد,37.03703703703704
Jarjoura,Minieh-Danieh,الريحانية,40.0,برج اليهودية,جرجورة,50.0,الريحانية,جارجرة,40.0,المنية,جارجرة,33.33333333333333
Jaroun,Minieh-Danieh,الريحانية,46.15384615384615,الريحانية,جارن,46.15384615384615,المنية,جارن,40.0,النبي يوشع,جارن,28.57142857142857
Kattiné,Minieh-Danieh,المنية,54.54545454545455,المنية,قاطني,54.54545454545455,الريحانية,قاطني,50.0,النبي يوشع,قاطني,40.0
Kfar Bibnine,Minieh-Danieh,الريحانية,35.294117647058826,برج اليهودية,كفر ببنيني,36.36363636363637,الريحانية,كفر ببنيني,35.294117647058826,النبي يوشع,كفر ببنين,35.294117647058826
Kharnoub,Minieh-Danieh,الريحانية,42.857142857142854,الريحانية,خارنب,42.857142857142854,النبي يوشع,خارنب,40.0,المنية,خارنب,36.36363636363637
litige,Minieh-Danieh,الريحانية,42.857142857142854,الريحانية,لتيجي,42.857142857142854,المنية,لتجي,40.0,النبي يوشع,لتيجي,40.0
Mazraat Ketrane,Minieh-Danieh,الريحانية,52.63157894736842,الريحانية,مزرعة قطراني,52.63157894736842,النبي يوشع,مزرعة قطراني,45.45454545454545,المنية,مزرعة قطراني,44.44444444444444
Mazraet El-Krême,Minieh-Danieh,الريحانية,47.61904761904762,الريحانية,مزراية El كرمي,47.61904761904762,المنية,مزرية El كرام,42.10526315789474,برج اليهودية,مزرية El كرم,36.36363636363637
Mrabine,Minieh-Danieh,المنية,66.66666666666666,المنية,مربني,66.66666666666666,الريحانية,مربيني,61.53846153846154,النبي يوشع,مربيني,42.857142857142854
Mrah-El-Sfiré,Minieh-Danieh,الريحانية,33.33333333333333,برج اليهودية,مرة El سفيري,36.36363636363637,الريحانية,مرة El سفري,33.33333333333333,المنية,مرة El صفر,28.57142857142857
Nemrine et Bakoura,Minieh-Danieh,الريحانية,45.45454545454545,برج اليهودية,نمرن اية بكر,50.0,الريحانية,نمرين ات بكرا,45.45454545454545,المنية,نمرني ات بكر,44.44444444444444
Omar,Minieh-Danieh,المنية,40.0,المنية,امار,40.0,برج اليهودية,اومار,35.294117647058826,الريحانية,عمار,30.769230769230774
Qarhaiya,Minieh-Danieh,الريحانية,66.66666666666666,الريحانية,قرحية,66.66666666666666,برج اليهودية,قرهية,53.333333333333336,المنية,قرهايية,46.15384615384615
Qemmamine,Minieh-Danieh,المنية,66.66666666666666,المنية,كممني,66.66666666666666,الريحانية,قمميني,46.15384615384615,النبي يوشع,قمامني,37.5
Qraine,Minieh-Danieh,الريحانية,66.66666666666666,الريحانية,قريني,66.66666666666666,المنية,قريني,44.44444444444444,برج اليهودية,قرينه,40.0
Tourbol,Minieh-Danieh,المنية,20.0,النبي يوشع,طربول,30.769230769230774,برج اليهودية,طربول,26.66666666666667,المنية,تربل,20.0
Zouk Bhanine,Minieh-Danieh,الريحانية,40.0,النبي يوشع,زوق بحنين,47.05882352941177,الريحانية,ذك بحنين,40.0,برج اليهودية,زوق بحنينه,40.0
Al-Mina Jardins,Tripoli,الرمانة,50.0,الرمانة,Al منة جاردنس,50.0,الميناء,Al مينا جاردنس,47.61904761904762,الحدادين,Al من جاردينس,42.10526315789474
Al-Mina No1,Tripoli,الميناء,50.0,الميناء,Al مينا No1,50.0,الرمانة,Al منة No1,40.0,وادي النحلة,Al منة No1,28.57142857142857
Al-Mina No2,Tripoli,الميناء,66.66666666666666,الميناء,Al مينا نء,66.66666666666666,الرمانة,Al منا نؤ,42.857142857142854,وادي النحلة,Al منة نوء,38.095238095238095
Al-Mina No3,Tripoli,الميناء,53.333333333333336,الميناء,Al مينا نع,53.333333333333336,الرمانة,Al منا نع,42.857142857142854,وادي النحلة,Al منة نوع,38.095238095238095
Tripoli Al-Kobbé,Tripoli,السويقه,44.44444444444444,السويقه,طربولي Al قبه,44.44444444444444,القبة,تربل Al قب,40.0,وادي النحلة,تربل Al كوبي,34.78260869565217
Tripoli Al-Mouhaitra,Tripoli,المهاترة,60.869565217391305,المهاترة,تربل Al مهايترة,60.869565217391305,التبانة,تربل Al مهايترة,40.0,الرمانة,تربل Al مهايترة,40.0
Tripoli Al-Rmmanieh,Tripoli,الرمانة,47.61904761904762,الرمانة,تربل Al رمانيه,47.61904761904762,وادي النحلة,طربولي Al رمانيح,44.44444444444444,التبانة,تربل Al رمانيه,42.10526315789474
Tripoli Al-Souéka,Tripoli,السويقه,50.0,السويقه,تربل Al سويقة,50.0,التبانة,تربل Al ثقة,37.5,القبة,تربل Al ثقة,37.5
Tripoli Al-Tabbaneh,Tripoli,التبانة,44.44444444444444,التبانة,تربل Al تبانه,44.44444444444444,الزاهرية,تريبل Al تبانه,40.0,النوري,تريبل Al تبانه,40.0
Tripoli Al-Tal,Tripoli,التبانة,44.44444444444444,التبانة,تربل Al تال,44.44444444444444,النوري,تريبل Al تال,44.44444444444444,المهاترة,تربل Al تال,42.10526315789474
Tripoli Al-Zehrieh,Tripoli,الزاهرية,47.61904761904762,الزاهرية,تربل Al زهريه,47.61904761904762,النوري,طربول Al ظهريه,33.33333333333333,وادي النحلة,تربل Al ظاهريه,32.0
Tripoli Jardins,Tripoli,التبانة,50.0,التبانة,تربل جاردنس,50.0,الحدادين,تربل جاردينس,50.0,النوري,طريبل جاردنس,44.44444444444444
Tripoli Zeitoun,Tripoli,الزاهرية,55.55555555555556,الزاهرية,تربل زايةٌ,55.55555555555556,التبانة,تربل زايةٌ,53.333333333333336,وادي النحلة,طربولي زايةٌ,43.47826086956522
Aadoua,Zgharta,ايعال,66.66666666666666,ايعال,ادعا,66.66666666666666,اجبع,ادعا,50.0,اسلوت,ادو,50.0
Acheiche,Zgharta,عشاش,75.0,عشاش,عشيش,75.0,القادريه,الشيشه,57.142857142857146,البحيرة,الشيش,50.0
Al-Harik,Zgharta,حريقص,66.66666666666666,حريقص,Al حريق,66.66666666666666,حارة الفوار,Al حارق,44.44444444444444,القادريه,Al هاريك,42.857142857142854
Al-Khaldyé,Zgharta,القادريه,58.8235294117647,القادريه,Al خالديه,58.8235294117647,البحيرة,Al خالدي,40.0,زغرتا حي الصليب الشمالي,Al خالديي,40.0
Arbet Koshaya,Zgharta,عربة قزحيا,77.77777777777777,عربة قزحيا,عربة قشي,77.77777777777777,حارة الفوار,عاربة كوشيا,60.0,البحيرة,الربط كشية,58.8235294117647
Ardate,Zgharta,حرف ارده,57.142857142857146,حرف ارده,ارداته,57.142857142857146,البحيرة,اردة,54.54545454545455,القادريه,اردتي,54.54545454545455
Bsebhil,Zgharta,بيت عبيد,42.857142857142854,البحيرة,بسبحيل,54.54545454545455,بسلوقيط,بسبهل,50.0,بيت عبيد,بسبهيل,42.857142857142854
Danhi,Zgharta,القادريه,44.44444444444444,البحيرة,ضنحي,44.44444444444444,القادريه,دنه,44.44444444444444,بنشعي,ضنهي,44.44444444444444
Ehden,Zgharta,رشعين,60.0,رشعين,عهدين,60.0,عشاش,عهدان,44.44444444444444,القادريه,اهدن,40.0
Ejbeh,Zgharta,اجبع,75.0,اجبع,اجبه,75.0,قره باش,عجباه,50.0,البحيرة,إجبح,44.44444444444444
Karabeiche,Zgharta,القادريه,61.53846153846154,القادريه,كاربيشه,61.53846153846154,بنشعي,كربيشي,54.54545454545455,رشعين,كربيشي,54.54545454545455
Mazraat Ejbeh,Zgharta,مزرعة حوقا,70.0,مزرعة حوقا,مزرعة اجبه,70.0,مزرعة الفريديس,مزرعة اجبه,66.66666666666666,حرف مزيارة,مزرعة إجبح,60.0
Mazraat Jneide,Zgharta,مزرعة الفريديس,78.26086956521739,مزرعة الفريديس,مزرعة جنيدي,78.26086956521739,مزرعة حوقا,مزرعة جنيد,66.66666666666666,زغرتا حي الصليب الجنوبي,مزرات جنيد,53.84615384615385
Merh Kfarsghabe,Zgharta,مزرعة الفريديس,54.54545454545455,مزرعة الفريديس,مره كفرسغب,54.54545454545455,كفرحاتا,ماره كفرصغاب,52.63157894736842,زغرتا حي المعاصر,ماره كفرصغاب,52.17391304347826
n.a. (1),Zgharta,رشعين,14.285714285714292,كفر شخنا,,23.529411764705884,بنشعي,,14.285714285714292,رشعين,,14.285714285714292
Sakhra,Zgharta,حارة الفوار,42.857142857142854,البحيرة,ساخرة,50.0,كفرحاتا,سكهرا,50.0,حارة الفوار,ساخرة,42.857142857142854
Akmata,Jezzine,قتالة,54.54545454545455,قتالة,عقماتة,54.54545454545455,العيشية,عكمة,44.44444444444444,ريمات وشقاديف,عقماتا,42.10526315789474
Arkoub (Mazraat),Jezzine,القطراني,26.086956521739125,القطراني,الركب (Mazraat),26.086956521739125,قطين وحيداب,اركب (Mazraat),24.0,حيتوله - وادي الليمون,الركوب (Mazraat),21.621621621621628
Baba,Jezzine,قتالة,44.44444444444444,قتالة,بابة,44.44444444444444,صفارية,بابة,40.0,العيشية,بابة,36.36363636363637
Chabil,Jezzine,قتالة,44.44444444444444,العيشية,شبيل,44.44444444444444,قتالة,شابل,44.44444444444444,الحسانيه,شابيل,36.36363636363637
El-Demachkiyeh,Jezzine,ريمات وشقاديف,36.36363636363637,ريمات وشقاديف,El دمشقيه,36.36363636363637,عين مجدلين,El دمشقيه,31.578947368421055,العيشية,El دمشقيه,28.57142857142857
El-Kabeh,Jezzine,الحسانيه,42.857142857142854,الحسانيه,El كابيه,42.857142857142854,لبعه,El كبه,40.0,قتالة,El قابه,33.33333333333333
El-Mahmoudiyeh,Jezzine,عين مجدلين,42.10526315789474,عين مجدلين,El محمديه,42.10526315789474,الحسانيه,El محمديه,40.0,حيطوره,El محمديه,40.0
El-Rahbane,Jezzine,الحسانيه,53.333333333333336,الحسانيه,El رحباني,53.333333333333336,القطراني,El رحباني,53.333333333333336,بحنين - كفرتعلا,El رهبني,34.78260869565217
El-Rihane,Jezzine,القطراني,57.142857142857146,القطراني,El رهاني,57.142857142857146,الحسانيه,El ريحاني,53.333333333333336,ريمات وشقاديف,El ريحاني,36.36363636363637
El-Wadié,Jezzine,حيتوله - وادي الليمون,72.72727272727272,حيتوله - وادي الليمون,El وادي,72.72727272727272,ريمات وشقاديف,El وادي,50.0,قطين وحيداب,El وديا,44.44444444444444
Haïdab,Jezzine,قطين وحيداب,62.5,قطين وحيداب,حيداب,62.5,الحسانيه,حادب,40.0,حيطوره,حيداب,36.36363636363637
Jabal Toura,Jezzine,القطراني,62.5,القطراني,جبال طرا,62.5,قتالة,جبل ترا,50.0,حيطوره,جبل طور,46.15384615384615
Khellet Khazen,Jezzine,عين مجدلين,52.63157894736842,القطراني,خالط خزان,58.8235294117647,عين مجدلين,خلية خزين,52.63157894736842,العيشية,خلية خازن,50.0
Krouh,Jezzine,لبعه,28.57142857142857,القطراني,قره,44.44444444444444,حيطوره,كره,44.44444444444444,قطين وحيداب,قروح,40.0
litige,Jezzine,لبعه,50.0,العيشية,لتيجي,50.0,القطراني,لتقي,50.0,لبعه,لتجه,50.0
Mazraat Dahr el-Deir,Jezzine,بحنين - كفرتعلا,38.70967741935484,بحنين - كفرتعلا,مزرعة دحر el دير,38.70967741935484,حيتوله - وادي الليمون,مذراة ضهر el داير,36.8421052631579,صفارية,مزرعة ضاهر el ضير,34.78260869565217
Mazraat Daraya,Jezzine,ريمات وشقاديف,45.45454545454545,صفارية,مزرعة ضاري,50.0,ريمات وشقاديف,مذرات دري,45.45454545454545,القطراني,مزرعة داراي,42.10526315789474
Mazraat El Ouazaaiyé,Jezzine,بحنين - كفرتعلا,34.48275862068965,حيتوله - وادي الليمون,مذراة El أوذاييه,37.83783783783784,العيشية,مزرعة El أوزاعي,36.36363636363637,بحنين - كفرتعلا,مزرعة El اوزاي,34.48275862068965
Mazraat Louzid (Louayziyé),Jezzine,بحنين - كفرتعلا,27.02702702702703,قطين وحيداب,مذراة لوذيد (Louayziyé),29.411764705882348,حيتوله - وادي الليمون,مذراة لوذيد (Louayziyé),27.272727272727266,بحنين - كفرتعلا,مزرعة لزيد (Louayziyé),27.02702702702703
Sfarai,Jezzine,بحنين - كفرتعلا,33.33333333333333,صفارية,صفاري,90.9090909090909,القطراني,صفاراي,57.142857142857146,الحسانيه,سفاري,54.54545454545455
Tamra,Jezzine,قتالة,60.0,القطراني,طمرا,60.0,قتالة,تامرة,60.0,صفارية,طامرة,54.54545454545455
Wadi Laimoune,Jezzine,عين مجدلين,55.55555555555556,حيتوله - وادي الليمون,وادي ليمون,100.0,ريمات وشقاديف,وادي ليمن,63.63636363636363,عين مجدلين,ودي ليمن,55.55555555555556
Addoussiat,Saida,صيدا حي المسالخية,47.05882352941177,صيدا حي المسالخية,عدسية,47.05882352941177,صيدا حي السبيل,الدوسيات,45.45454545454545,صيدا حي السراي,الدوسيات,45.45454545454545
Aïn-el-Dib,Saida,صيدا حي الكنان,44.44444444444444,صيدا حي الكنان,عان el دب,44.44444444444444,صيدا حي القناية,عاين el دب,40.0,صيدا حي مار نقولا,عان el دب,38.46153846153846
Arab Soukar,Saida,صيدا حي السراي,58.8235294117647,صيدا حي السراي,الراب صقار,58.8235294117647,صيدا حي الشارع,اراب صقار,55.55555555555556,صيدا حي مكسر العبد,الرب صكر,53.84615384615385
Arab Tabbaya,Saida,صيدا حي السراي,58.8235294117647,صيدا حي السراي,الراب طبيا,58.8235294117647,صيدا حي الشارع,اراب طبيا,55.55555555555556,صيدا حي رجال الاربعين,اراب تابيا,53.84615384615385
Bissariat,Saida,صيدا حي السبيل,53.333333333333336,صيدا حي السبيل,بصريات,53.333333333333336,صيدا حي السراي,بسريات,53.333333333333336,صيدا حي المسالخية,بسارية,44.44444444444444
Daoudiyé,Saida,صيدا حي القناية,40.0,صيدا حي القناية,داودي,40.0,صيدا حي الزويتيني,ضوديي,35.294117647058826,صيدا حي المسالخية,داودي,35.294117647058826
Darbessim,Saida,صيدا حي السبيل,40.0,صيدا حي السبيل,ضربصيم,40.0,صيدا حي السراي,ضربصيم,40.0,صيدا حي الشارع,ضربصيم,40.0
Deir Takla,Saida,صيدا حي القناية,52.63157894736842,صيدا حي القناية,داير طقلة,52.63157894736842,صيدا حي مار نقولا,داير طقلة,52.17391304347826,صيدا حي السراي,داير تاكلا,50.0
El-Hajjé,Saida,صيدا حي القناية,35.294117647058826,صيدا حي القناية,El حاجي,35.294117647058826,صيدا حي الكشك,El حجي,31.578947368421055,صيدا حي المسالخية,El حاجي,31.578947368421055
El-Mhammariyé,Saida,صيدا حي الكشك,36.36363636363637,صيدا حي الكشك,El محمريي,36.36363636363637,صيدا حي المسالخية,El مهماريه,36.36363636363637,صيدا حي السبيل,El محمريي,34.78260869565217
El Hartiyé,Saida,صيدا حي الكشك,38.095238095238095,صيدا حي الكشك,El حرتيي,38.095238095238095,صيدا حي السبيل,El حرتيي,36.36363636363637,صيدا حي السراي,El حرتيي,36.36363636363637
Jaziré,Saida,صيدا حي الزويتيني,35.294117647058826,صيدا حي الزويتيني,جزيري,35.294117647058826,صيدا حي السراي,جذري,30.769230769230774,صيدا حي الشارع,جذري,30.769230769230774
Kaakiet El-Senaoubar,Saida,صيدا حي القناية,48.0,صيدا حي القناية,كاكية El صناوبر,48.0,صيدا حي المسالخية,كاكية El صناوبر,44.44444444444444,صيدا حي مار نقولا,قاكيت El صناوبر,43.75
Kaoutarite El-Riz,Saida,صيدا حي الزويتيني,38.46153846153846,صيدا حي الزويتيني,كعوتريتي El رز,38.46153846153846,صيدا حي السراي,كوترتي El ريز,36.36363636363637,صيدا حي رجال الاربعين,كوترتي El ريز,34.48275862068965
Kaoutarite El-Siyad,Saida,صيدا حي مكسر العبد,53.84615384615385,صيدا حي مكسر العبد,كوترت El صياد,53.84615384615385,صيدا حي الكشك,كوترت El صيد,50.0,صيدا حي الكنان,كوترت El صيد,47.61904761904762
Kfar Badda,Saida,صيدا حي الكنان,58.8235294117647,صيدا حي الكنان,كفار بدا,58.8235294117647,صيدا حي القناية,قفار بدا,55.55555555555556,صيدا حي الكشك,كفر بدا,53.333333333333336
Kherbet Bassal,Saida,صيدا حي المسالخية,54.54545454545455,صيدا حي المسالخية,خربة باسال,54.54545454545455,صيدا حي القناية,خاربة بصال,50.0,صيدا حي السبيل,خربات بصل,44.44444444444444
Kherbet El-Douair,Saida,صيدا حي مكسر العبد,46.15384615384615,صيدا حي مكسر العبد,كهربة El داعر,46.15384615384615,صيدا حي السبيل,خربيط El دوار,45.45454545454545,صيدا حي السراي,خربات El دوار,45.45454545454545
Loubié,Saida,صيدا حي السبيل,46.15384615384615,صيدا حي السبيل,لبيي,46.15384615384615,صيدا حي الزويتيني,لوبيا,36.36363636363637,صيدا حي مكسر العبد,لبيي,36.36363636363637
Matriet El-Choumar,Saida,صيدا حي الشارع,52.17391304347826,صيدا حي الشارع,مطريات El شمار,52.17391304347826,صيدا حي المسالخية,ماترية El شمار,46.15384615384615,صيدا حي مار نقولا,مطريات El شمار,42.857142857142854
Mazraat El-Wasta,Saida,صيدا حي الشارع,52.17391304347826,صيدا حي الشارع,مازرعت El وصتا,52.17391304347826,صيدا حي مار نقولا,مازرعت El وسطا,50.0,صيدا حي السراي,مذراة El وصتا,45.45454545454545
Mazraat Jimjim,Saida,صيدا حي مار نقولا,46.666666666666664,صيدا حي مار نقولا,ماذرات جيمجيم,46.666666666666664,صيدا حي المسالخية,مذراة جيمجم,43.47826086956522,صيدا حي القناية,مذراة جيمجم,38.095238095238095
Mazraet Matarite Jebah,Saida,صيدا حي مار نقولا,50.0,صيدا حي مار نقولا,مزراية ماطرة جيباه,50.0,صيدا حي المسالخية,مزراية مطرت جيباه,48.275862068965516,صيدا حي مكسر العبد,مزرعة مطرت جيباه,48.275862068965516
Miemié,Saida,صيدا حي المسالخية,47.05882352941177,صيدا حي المسالخية,ميامي,47.05882352941177,صيدا حي السبيل,ميميا,42.857142857142854,صيدا حي السراي,ميميا,42.857142857142854
Mohaidalé,Saida,صيدا حي المسالخية,52.63157894736842,صيدا حي المسالخية,مهيدالي,52.63157894736842,صيدا حي القناية,مهيدالي,47.05882352941177,صيدا حي السبيل,محيدلي,40.0
Msaileh,Saida,صيدا حي المسالخية,44.44444444444444,صيدا حي المسالخية,مسايله,44.44444444444444,صيدا حي السبيل,مسيله,42.857142857142854,صيدا حي السراي,مسايله,40.0
Nadjariat,Saida,صيدا حي السراي,37.5,صيدا حي السراي,ندجريات,37.5,صيدا حي الشارع,ندجريات,37.5,صيدا حي القناية,ندجرية,37.5
Saksakiat,Saida,صيدا حي القناية,47.05882352941177,صيدا حي القناية,سكساقية,47.05882352941177,صيدا حي الكشك,صكسكيت,42.857142857142854,صيدا حي المسالخية,سكساقية,42.10526315789474
Samiate,Saida,صيدا حي السراي,53.333333333333336,صيدا حي السراي,ساميات,53.333333333333336,صيدا حي المسالخية,سامية,47.05882352941177,صيدا حي السبيل,سميات,42.857142857142854
Sfenté,Saida,صيدا حي القناية,53.333333333333336,صيدا حي القناية,صفينة,53.333333333333336,صيدا حي الكنان,صفينة,42.857142857142854,صيدا حي السبيل,سفينتي,40.0
Snaiber,Saida,صيدا حي القناية,50.0,صيدا حي القناية,صنايبر,50.0,صيدا حي مكسر العبد,صنيبر,44.44444444444444,صيدا حي الكشك,صنيبار,42.857142857142854
Tibna,Saida,صيدا حي الكنان,42.857142857142854,صيدا حي الكنان,طيبنا,42.857142857142854,صيدا حي القناية,طيبنا,40.0,صيدا حي الزويتيني,تبنا,37.5
Yahoudiat,Saida,صيدا حي القناية,50.0,صيدا حي القناية,يهودية,50.0,صيدا حي المسالخية,يهودية,44.44444444444444,صيدا حي الكشك,يهودات,42.857142857142854
Aaiyé,Sour,الرشيديه,66.66666666666666,الرشيديه,اييه,66.66666666666666,الشعيتية,عيي,66.66666666666666,البازوريه,اايه,61.53846153846154
Abou Chech,Sour,باريش,61.53846153846154,باريش,أبوا شيش,61.53846153846154,الشهابية,عاب شاش,53.333333333333336,شمع,عب شش,50.0
Bazouriat,Sour,البازوريه,76.92307692307692,البازوريه,بزوريت,76.92307692307692,الزلوطية,بزورية,66.66666666666666,باريش,بذرية,60.0
Bestiace,Sour,البساتين,72.72727272727272,البساتين,بستيس,72.72727272727272,بثتيات,بثتيس,72.72727272727272,باريش,باستيس,54.54545454545455
Btaychiyé,Sour,البازوريه,57.142857142857146,باريش,بتايشيه,66.66666666666666,البازوريه,بتايشيه,57.142857142857146,البساتين,بتيشي,54.54545454545455
Chameh,Sour,شمع,66.66666666666666,شمع,شمه,66.66666666666666,الرشيديه,شميه,60.0,شبريحا,شميح,60.0
Debhalé,Sour,البرغليه,54.54545454545455,البرغليه,ضبهله,54.54545454545455,الحلوسية,ضبحلي,54.54545454545455,باريش,ضبهالي,54.54545454545455
El-Héloussiyé,Sour,الحلوسية,66.66666666666666,الحلوسية,El حلوسيه,66.66666666666666,طير فلسيه,El حلسيه,58.8235294117647,حناويه,El حلوسيه,53.333333333333336
Eskandaroun,Sour,صور حي الموارنة,44.44444444444444,صور حي الموارنة,إصكندرون,44.44444444444444,البساتين,إسكندارن,42.857142857142854,محرونه,اسكندرون,42.857142857142854
Hamoul,Sour,حناويه,54.54545454545455,حناويه,حامول,54.54545454545455,الحميري,حمل,50.0,المالكية,حامل,50.0
Jejime,Sour,الحميري,50.0,الحميري,جاجمي,50.0,وادي جيلو,ججمي,50.0,السماعية,جاجمي,46.15384615384615
Kneissé,Sour,نفاخيه,54.54545454545455,حناويه,كنيسه,54.54545454545455,نفاخيه,كنيسه,54.54545454545455,الحميري,كنايسي,46.15384615384615
Mahaïlib,Sour,السماعية,61.53846153846154,السماعية,ماهعيلب,61.53846153846154,المالكية,محالب,54.54545454545455,معروب,مهعيلب,54.54545454545455
Mazraat Dhaira,Sour,الظهيرة,53.333333333333336,الظهيرة,مزرعة ضهير,53.333333333333336,صور حي الموارنة,مزرعة ذير,52.63157894736842,صور حي المصاروي,مازرعت ذير,50.0
Mazraat Ez-Zalloutieh,Sour,الزلوطية,60.869565217391305,الزلوطية,مزرعة اظ زلوطيه,60.869565217391305,الحميري,مزرعة اظ ظلتيح,47.61904761904762,الظهيرة,مزرعة اظ ظلتيه,47.61904761904762
Mazraat Torsemhat,Sour,السماعية,52.63157894736842,السماعية,مزرعة طرسمهات,52.63157894736842,صور حي الموارنة,مزرعة طورسمهت,52.17391304347826,صور حي المصاروي,مازرعت طورسمهت,50.0
Rafid-el-Mernaba,Sour,صور حي الموارنة,60.869565217391305,صور حي الموارنة,رفض el مارنبة,60.869565217391305,عين الزرقا,رافد el ميرنبة,45.45454545454545,صور حي المصاروي,رفض el مارنبة,43.47826086956522
Salha,Sour,سلعا,75.0,سلعا,سلها,75.0,الحلوسية,صالحة,61.53846153846154,الحميري,صالح,54.54545454545455
Tairzibna,Sour,الظهيرة,53.333333333333336,الظهيرة,طايرذبنة,53.333333333333336,طير فلسيه,طيرزيبنة,47.05882352941177,البساتين,تيرزبنة,46.15384615384615
Trafelsiyé,Sour,البرغليه,61.53846153846154,طير فلسيه,طرفلسيه,87.5,البرغليه,طرفلسيه,61.53846153846154,الحميري,طرافلسيي,53.333333333333336
